[wall=1789911375][simulation=0.000][MATCH][MINION_WAVE][GameWorld][count_per_team=3]
[wall=1789911375][simulation=0.000][MATCH][START][GameWorld][seed=0xE4511E]
[wall=1789911375][simulation=0.000][MATCH][MINION_WAVE][GameWorld][count_per_team=3]
[wall=1789911375][simulation=0.000][MATCH][START][GameWorld][seed=0xE4511E]
[wall=1789911375][simulation=0.010][COMBAT][PROJECTILE_SPAWN][Blue][kind=Basic]
[wall=1789911375][simulation=0.010][COMBAT][PROJECTILE_SPAWN][Blue][kind=Ultimate]
[wall=1789911375][simulation=0.000][MATCH][MINION_WAVE][GameWorld][count_per_team=3]
[wall=1789911375][simulation=0.000][MATCH][START][GameWorld][seed=0xE4511E]
[wall=1789911375][simulation=0.100][COMBAT][PROJECTILE_SPAWN][Red][kind=Basic]
[wall=1789911375][simulation=0.100][COMBAT][PROJECTILE_SPAWN][Red][kind=Ultimate]
[wall=1789911375][simulation=0.000][MATCH][MINION_WAVE][GameWorld][count_per_team=3]
[wall=1789911375][simulation=0.000][MATCH][START][GameWorld][seed=0xE4511E]
[wall=1789911375][simulation=0.000][MATCH][TOWER_DESTROYED][Red][]
[wall=1789911375][simulation=1.790][COMBAT][PROJECTILE_SPAWN][Red][kind=Basic]
[wall=1789911375][simulation=2.410][COMBAT][PROJECTILE_SPAWN][Red][kind=Ultimate]
[wall=1789911375][simulation=2.530][COMBAT][MINION_DEATH][Blue][attacker=Red]
[wall=1789911375][simulation=11.790][COMBAT][PROJECTILE_SPAWN][Red][kind=Basic]
[wall=1789911375][simulation=12.000][MATCH][MINION_WAVE][GameWorld][count_per_team=3]
[wall=1789911375][simulation=0.000][MATCH][MINION_WAVE][GameWorld][count_per_team=3]
[wall=1789911375][simulation=0.000][MATCH][START][GameWorld][seed=0xE4511E]
[wall=1789911375][simulation=0.000][MATCH][MINION_WAVE][GameWorld][count_per_team=3]
[wall=1789911375][simulation=0.000][MATCH][START][GameWorld][seed=0xE4511E]
[wall=1789911375][simulation=0.000][COMBAT][MINION_DEATH][Red][attacker=Blue]
[wall=1789911375][simulation=0.000][COMBAT][MINION_DEATH][Red][attacker=Blue]
[wall=1789911375][simulation=0.000][COMBAT][MINION_DEATH][Red][attacker=Blue]
[wall=1789911375][simulation=0.000][COMBAT][MINION_DEATH][Red][attacker=Blue]
[wall=1789911375][simulation=0.000][COMBAT][MINION_DEATH][Red][attacker=Blue]
[wall=1789911375][simulation=0.000][COMBAT][MINION_DEATH][Red][attacker=Blue]
[wall=1789911375][simulation=0.000][COMBAT][MINION_DEATH][Red][attacker=Blue]
[wall=1789911375][simulation=0.000][COMBAT][MINION_DEATH][Red][attacker=Blue]
[wall=1789911375][simulation=0.000][COMBAT][MINION_DEATH][Red][attacker=Blue]
[wall=1789911375][simulation=0.000][COMBAT][MINION_DEATH][Red][attacker=Blue]
[wall=1789911375][simulation=0.000][COMBAT][MINION_DEATH][Red][attacker=Blue]
[wall=1789911375][simulation=0.000][COMBAT][MINION_DEATH][Red][attacker=Blue]
[wall=1789911375][simulation=0.000][COMBAT][MINION_DEATH][Red][attacker=Blue]
[wall=1789911375][simulation=0.000][COMBAT][MINION_DEATH][Red][attacker=Blue]
[wall=1789911375][simulation=0.000][COMBAT][MINION_DEATH][Red][attacker=Blue]
[wall=1789911375][simulation=0.000][COMBAT][MINION_DEATH][Red][attacker=Blue]
[wall=1789911375][simulation=0.000][COMBAT][MINION_DEATH][Red][attacker=Blue]
[wall=1789911375][simulation=0.000][COMBAT][MINION_DEATH][Red][attacker=Blue]
[wall=1789911375][simulation=0.000][COMBAT][MINION_DEATH][Red][attacker=Blue]
[wall=1789911375][simulation=0.000][COMBAT][MINION_DEATH][Red][attacker=Blue]
[wall=1789911375][simulation=0.000][COMBAT][MINION_DEATH][Red][attacker=Blue]
[wall=1789911375][simulation=0.000][COMBAT][MINION_DEATH][Red][attacker=Blue]
[wall=1789911375][simulation=0.000][COMBAT][MINION_DEATH][Red][attacker=Blue]
[wall=1789911375][simulation=0.000][COMBAT][MINION_DEATH][Red][attacker=Blue]
[wall=1789911375][simulation=0.000][COMBAT][MINION_DEATH][Red][attacker=Blue]
[wall=1789911375][simulation=0.000][COMBAT][MINION_DEATH][Red][attacker=Blue]
[wall=1789911375][simulation=0.000][COMBAT][MINION_DEATH][Red][attacker=Blue]
[wall=1789911375][simulation=0.000][COMBAT][MINION_DEATH][Red][attacker=Blue]
[wall=1789911375][simulation=0.000][COMBAT][MINION_DEATH][Red][attacker=Blue]
[wall=1789911375][simulation=0.000][COMBAT][MINION_DEATH][Red][attacker=Blue]
[wall=1789911375][simulation=0.000][COMBAT][MINION_DEATH][Red][attacker=Blue]
[wall=1789911375][simulation=0.000][COMBAT][MINION_DEATH][Red][attacker=Blue]
[wall=1789911375][simulation=0.000][COMBAT][MINION_DEATH][Red][attacker=Blue]
[wall=1789911375][simulation=0.000][COMBAT][MINION_DEATH][Red][attacker=Blue]
[wall=1789911375][simulation=0.000][COMBAT][MINION_DEATH][Red][attacker=Blue]
[wall=1789911375][simulation=0.000][COMBAT][MINION_DEATH][Red][attacker=Blue]
[wall=1789911375][simulation=0.000][COMBAT][MINION_DEATH][Red][attacker=Blue]
[wall=1789911375][simulation=0.000][COMBAT][MINION_DEATH][Red][attacker=Blue]
[wall=1789911375][simulation=0.000][COMBAT][MINION_DEATH][Red][attacker=Blue]
[wall=1789911375][simulation=0.000][COMBAT][MINION_DEATH][Red][attacker=Blue]
[wall=1789911375][simulation=0.000][COMBAT][MINION_DEATH][Red][attacker=Blue]
[wall=1789911375][simulation=0.000][COMBAT][MINION_DEATH][Red][attacker=Blue]
[wall=1789911375][simulation=0.000][COMBAT][MINION_DEATH][Red][attacker=Blue]
[wall=1789911375][simulation=0.000][COMBAT][MINION_DEATH][Red][attacker=Blue]
[wall=1789911375][simulation=0.000][COMBAT][MINION_DEATH][Red][attacker=Blue]
[wall=1789911375][simulation=0.000][COMBAT][MINION_DEATH][Red][attacker=Blue]
[wall=1789911375][simulation=0.000][COMBAT][MINION_DEATH][Red][attacker=Blue]
[wall=1789911375][simulation=0.000][COMBAT][MINION_DEATH][Red][attacker=Blue]
[wall=1789911375][simulation=0.000][COMBAT][MINION_DEATH][Red][attacker=Blue]
[wall=1789911375][simulation=0.000][COMBAT][MINION_DEATH][Red][attacker=Blue]
[wall=1789911375][simulation=0.000][MATCH][MINION_WAVE][GameWorld][count_per_team=3]
[wall=1789911375][simulation=0.000][MATCH][START][GameWorld][seed=0xE4511E]
[wall=1789911375][simulation=0.010][COMBAT][PROJECTILE_SPAWN][Blue][kind=Basic]
[wall=1789911375][simulation=0.010][MATCH][PAUSE][GameWorld][]
[wall=1789911375][simulation=0.010][MATCH][RESUME][GameWorld][]
[wall=1789911375][simulation=0.010][MATCH][BASE_DESTROYED][Red][]
[wall=1789911375][simulation=0.020][MATCH][END][GameWorld][Victory]
[wall=1789911375][simulation=0.000][MATCH][MINION_WAVE][GameWorld][count_per_team=3]
[wall=1789911375][simulation=0.000][MATCH][START][GameWorld][seed=0xE4511E]
[wall=1789911375][simulation=0.010][COMBAT][PROJECTILE_SPAWN][Blue][kind=Basic]
[wall=1789911375][simulation=0.000][MATCH][MINION_WAVE][GameWorld][count_per_team=3]
[wall=1789911375][simulation=0.000][MATCH][START][GameWorld][seed=0xE4511E]
[wall=1789911375][simulation=0.010][COMBAT][PROJECTILE_SPAWN][Blue][kind=Basic]
[wall=1789911375][simulation=0.010][COMBAT][PROJECTILE_SPAWN][Blue][kind=Ultimate]
[wall=1789911375][simulation=0.000][MATCH][MINION_WAVE][GameWorld][count_per_team=3]
[wall=1789911375][simulation=0.000][MATCH][START][GameWorld][seed=0xE4511E]
[wall=1789911375][simulation=0.000][COMBAT][HERO_DEATH][PlayerHero][attacker=Red]
[wall=1789911375][simulation=5.000][COMBAT][HERO_RESPAWN][PlayerHero][]
[wall=1789911375][simulation=5.000][COMBAT][HERO_RESPAWN][BotHero][]
[wall=1789911375][simulation=0.000][MATCH][MINION_WAVE][GameWorld][count_per_team=3]
[wall=1789911375][simulation=0.000][MATCH][START][GameWorld][seed=0xE4511E]
[wall=1789911375][simulation=0.000][MATCH][BASE_DESTROYED][Blue][]
[wall=1789911375][simulation=0.010][MATCH][BASE_DESTROYED][Red][]
[wall=1789911375][simulation=0.010][MATCH][END][GameWorld][Draw]
[wall=1789911375][simulation=0.000][MATCH][MINION_WAVE][GameWorld][count_per_team=3]
[wall=1789911375][simulation=0.000][MATCH][START][GameWorld][seed=0xE4511E]
[wall=1789911375][simulation=0.000][MATCH][BASE_DESTROYED][Blue][]
[wall=1789911375][simulation=0.011][MATCH][BASE_DESTROYED][Red][]
[wall=1789911375][simulation=0.011][MATCH][END][GameWorld][Defeat]
[wall=1789911375][simulation=0.000][MATCH][MINION_WAVE][GameWorld][count_per_team=3]
[wall=1789911375][simulation=0.000][MATCH][START][GameWorld][seed=0xE4511E]
[wall=1789911375][simulation=0.000][MATCH][MINION_WAVE][GameWorld][count_per_team=3]
[wall=1789911375][simulation=0.000][MATCH][START][GameWorld][seed=0xE4511E]
[wall=1789911375][simulation=0.010][COMBAT][PROJECTILE_SPAWN][Blue][kind=Basic]
[wall=1789911375][simulation=0.120][MATCH][BASE_DESTROYED][Red][]
[wall=1789911375][simulation=0.130][MATCH][END][GameWorld][Victory]
[wall=1789911375][simulation=0.000][MATCH][MINION_WAVE][GameWorld][count_per_team=3]
[wall=1789911375][simulation=0.000][MATCH][START][GameWorld][seed=0xE4511E]
[wall=1789911375][simulation=0.000][MATCH][MINION_WAVE][GameWorld][count_per_team=3]
[wall=1789911375][simulation=0.000][MATCH][START][GameWorld][seed=0xE4511E]
[wall=1789911375][simulation=0.010][COMBAT][PROJECTILE_SPAWN][Blue][kind=Basic]
[wall=1789911375][simulation=0.120][MATCH][BASE_DESTROYED][Red][]
[wall=1789911375][simulation=0.130][MATCH][END][GameWorld][Victory]
[wall=1789911375][simulation=0.000][MATCH][MINION_WAVE][GameWorld][count_per_team=3]
[wall=1789911375][simulation=0.000][MATCH][START][GameWorld][seed=0xE4511E]
[wall=1789911375][simulation=0.000][MATCH][MINION_WAVE][GameWorld][count_per_team=3]
[wall=1789911375][simulation=0.000][MATCH][START][GameWorld][seed=0xE4511E]
[wall=1789911375][simulation=0.010][COMBAT][PROJECTILE_SPAWN][Blue][kind=Basic]
[wall=1789911375][simulation=0.120][MATCH][BASE_DESTROYED][Red][]
[wall=1789911375][simulation=0.130][MATCH][END][GameWorld][Victory]
[wall=1789911375][simulation=0.000][MATCH][MINION_WAVE][GameWorld][count_per_team=3]
[wall=1789911375][simulation=0.000][MATCH][START][GameWorld][seed=0xE4511E]
[wall=1789911375][simulation=0.000][MATCH][MINION_WAVE][GameWorld][count_per_team=3]
[wall=1789911375][simulation=0.000][MATCH][START][GameWorld][seed=0xE4511E]
[wall=1789911375][simulation=0.010][COMBAT][PROJECTILE_SPAWN][Blue][kind=Basic]
[wall=1789911375][simulation=0.120][MATCH][BASE_DESTROYED][Red][]
[wall=1789911375][simulation=0.130][MATCH][END][GameWorld][Victory]
[wall=1789911375][simulation=0.000][MATCH][MINION_WAVE][GameWorld][count_per_team=3]
[wall=1789911375][simulation=0.000][MATCH][START][GameWorld][seed=0xE4511E]
[wall=1789911375][simulation=0.000][MATCH][MINION_WAVE][GameWorld][count_per_team=3]
[wall=1789911375][simulation=0.000][MATCH][START][GameWorld][seed=0xE4511E]
[wall=1789911375][simulation=0.010][COMBAT][PROJECTILE_SPAWN][Blue][kind=Basic]
[wall=1789911375][simulation=0.120][MATCH][BASE_DESTROYED][Red][]
[wall=1789911375][simulation=0.130][MATCH][END][GameWorld][Victory]
[wall=1789911375][simulation=0.000][MATCH][MINION_WAVE][GameWorld][count_per_team=3]
[wall=1789911375][simulation=0.000][MATCH][START][GameWorld][seed=0xE4511E]
[wall=1789911375][simulation=0.000][MATCH][MINION_WAVE][GameWorld][count_per_team=3]
[wall=1789911375][simulation=0.000][MATCH][START][GameWorld][seed=0xE4511E]
[wall=1789911375][simulation=0.010][COMBAT][PROJECTILE_SPAWN][Blue][kind=Basic]
[wall=1789911375][simulation=0.120][MATCH][BASE_DESTROYED][Red][]
[wall=1789911375][simulation=0.130][MATCH][END][GameWorld][Victory]
[wall=1789911375][simulation=0.000][MATCH][MINION_WAVE][GameWorld][count_per_team=3]
[wall=1789911375][simulation=0.000][MATCH][START][GameWorld][seed=0xE4511E]
[wall=1789911375][simulation=0.000][MATCH][MINION_WAVE][GameWorld][count_per_team=3]
[wall=1789911375][simulation=0.000][MATCH][START][GameWorld][seed=0xE4511E]
[wall=1789911375][simulation=0.010][COMBAT][PROJECTILE_SPAWN][Blue][kind=Basic]
[wall=1789911375][simulation=0.120][MATCH][BASE_DESTROYED][Red][]
[wall=1789911375][simulation=0.130][MATCH][END][GameWorld][Victory]
[wall=1789911375][simulation=0.000][MATCH][MINION_WAVE][GameWorld][count_per_team=3]
[wall=1789911375][simulation=0.000][MATCH][START][GameWorld][seed=0xE4511E]
[wall=1789911375][simulation=0.000][MATCH][MINION_WAVE][GameWorld][count_per_team=3]
[wall=1789911375][simulation=0.000][MATCH][START][GameWorld][seed=0xE4511E]
[wall=1789911375][simulation=0.010][COMBAT][PROJECTILE_SPAWN][Blue][kind=Basic]
[wall=1789911375][simulation=0.120][MATCH][BASE_DESTROYED][Red][]
[wall=1789911375][simulation=0.130][MATCH][END][GameWorld][Victory]
[wall=1789911375][simulation=0.000][MATCH][MINION_WAVE][GameWorld][count_per_team=3]
[wall=1789911375][simulation=0.000][MATCH][START][GameWorld][seed=0xE4511E]
[wall=1789911375][simulation=0.000][MATCH][MINION_WAVE][GameWorld][count_per_team=3]
[wall=1789911375][simulation=0.000][MATCH][START][GameWorld][seed=0xE4511E]
[wall=1789911375][simulation=0.010][COMBAT][PROJECTILE_SPAWN][Blue][kind=Basic]
[wall=1789911375][simulation=0.120][MATCH][BASE_DESTROYED][Red][]
[wall=1789911375][simulation=0.130][MATCH][END][GameWorld][Victory]
[wall=1789911375][simulation=0.000][MATCH][MINION_WAVE][GameWorld][count_per_team=3]
[wall=1789911375][simulation=0.000][MATCH][START][GameWorld][seed=0xE4511E]
[wall=1789911375][simulation=0.000][MATCH][MINION_WAVE][GameWorld][count_per_team=3]
[wall=1789911375][simulation=0.000][MATCH][START][GameWorld][seed=0xE4511E]
[wall=1789911375][simulation=0.010][COMBAT][PROJECTILE_SPAWN][Blue][kind=Basic]
[wall=1789911375][simulation=0.120][MATCH][BASE_DESTROYED][Red][]
[wall=1789911375][simulation=0.130][MATCH][END][GameWorld][Victory]
[wall=1789911375][simulation=0.000][MATCH][MINION_WAVE][GameWorld][count_per_team=3]
[wall=1789911375][simulation=0.000][MATCH][START][GameWorld][seed=0xE4511E]
[wall=1789911486][simulation=0.000][MATCH][MINION_WAVE][GameWorld][count_per_team=3]
[wall=1789911486][simulation=0.000][MATCH][START][GameWorld][seed=0xE4511E]
[wall=1789911486][simulation=0.000][MATCH][MINION_WAVE][GameWorld][count_per_team=3]
[wall=1789911486][simulation=0.000][MATCH][START][GameWorld][seed=0xE4511E]
[wall=1789911486][simulation=0.010][COMBAT][PROJECTILE_SPAWN][Blue][kind=Basic]
[wall=1789911486][simulation=0.010][COMBAT][PROJECTILE_SPAWN][Blue][kind=Ultimate]
[wall=1789911486][simulation=0.000][MATCH][MINION_WAVE][GameWorld][count_per_team=3]
[wall=1789911486][simulation=0.000][MATCH][START][GameWorld][seed=0xE4511E]
[wall=1789911486][simulation=0.100][COMBAT][PROJECTILE_SPAWN][Red][kind=Basic]
[wall=1789911486][simulation=0.100][COMBAT][PROJECTILE_SPAWN][Red][kind=Ultimate]
[wall=1789911486][simulation=0.000][MATCH][MINION_WAVE][GameWorld][count_per_team=3]
[wall=1789911486][simulation=0.000][MATCH][START][GameWorld][seed=0xE4511E]
[wall=1789911486][simulation=0.000][MATCH][TOWER_DESTROYED][Red][]
[wall=1789911486][simulation=0.790][COMBAT][PROJECTILE_SPAWN][Red][kind=Ultimate]
[wall=1789911486][simulation=1.300][COMBAT][MINION_DEATH][Blue][attacker=Red]
[wall=1789911486][simulation=1.700][COMBAT][PROJECTILE_SPAWN][Red][kind=Basic]
[wall=1789911486][simulation=10.790][COMBAT][PROJECTILE_SPAWN][Red][kind=Ultimate]
[wall=1789911486][simulation=11.700][COMBAT][PROJECTILE_SPAWN][Red][kind=Basic]
[wall=1789911486][simulation=12.000][MATCH][MINION_WAVE][GameWorld][count_per_team=3]
[wall=1789911486][simulation=0.000][MATCH][MINION_WAVE][GameWorld][count_per_team=3]
[wall=1789911486][simulation=0.000][MATCH][START][GameWorld][seed=0xE4511E]
[wall=1789911486][simulation=0.000][MATCH][MINION_WAVE][GameWorld][count_per_team=3]
[wall=1789911486][simulation=0.000][MATCH][START][GameWorld][seed=0xE4511E]
[wall=1789911486][simulation=0.000][COMBAT][MINION_DEATH][Red][attacker=Blue]
[wall=1789911486][simulation=0.000][COMBAT][MINION_DEATH][Red][attacker=Blue]
[wall=1789911486][simulation=0.000][COMBAT][MINION_DEATH][Red][attacker=Blue]
[wall=1789911486][simulation=0.000][COMBAT][MINION_DEATH][Red][attacker=Blue]
[wall=1789911486][simulation=0.000][COMBAT][MINION_DEATH][Red][attacker=Blue]
[wall=1789911486][simulation=0.000][COMBAT][MINION_DEATH][Red][attacker=Blue]
[wall=1789911486][simulation=0.000][COMBAT][MINION_DEATH][Red][attacker=Blue]
[wall=1789911486][simulation=0.000][COMBAT][MINION_DEATH][Red][attacker=Blue]
[wall=1789911486][simulation=0.000][COMBAT][MINION_DEATH][Red][attacker=Blue]
[wall=1789911486][simulation=0.000][COMBAT][MINION_DEATH][Red][attacker=Blue]
[wall=1789911486][simulation=0.000][COMBAT][MINION_DEATH][Red][attacker=Blue]
[wall=1789911486][simulation=0.000][COMBAT][MINION_DEATH][Red][attacker=Blue]
[wall=1789911486][simulation=0.000][COMBAT][MINION_DEATH][Red][attacker=Blue]
[wall=1789911486][simulation=0.000][COMBAT][MINION_DEATH][Red][attacker=Blue]
[wall=1789911486][simulation=0.000][COMBAT][MINION_DEATH][Red][attacker=Blue]
[wall=1789911486][simulation=0.000][COMBAT][MINION_DEATH][Red][attacker=Blue]
[wall=1789911486][simulation=0.000][COMBAT][MINION_DEATH][Red][attacker=Blue]
[wall=1789911486][simulation=0.000][COMBAT][MINION_DEATH][Red][attacker=Blue]
[wall=1789911486][simulation=0.000][COMBAT][MINION_DEATH][Red][attacker=Blue]
[wall=1789911486][simulation=0.000][COMBAT][MINION_DEATH][Red][attacker=Blue]
[wall=1789911486][simulation=0.000][COMBAT][MINION_DEATH][Red][attacker=Blue]
[wall=1789911486][simulation=0.000][COMBAT][MINION_DEATH][Red][attacker=Blue]
[wall=1789911486][simulation=0.000][COMBAT][MINION_DEATH][Red][attacker=Blue]
[wall=1789911486][simulation=0.000][COMBAT][MINION_DEATH][Red][attacker=Blue]
[wall=1789911486][simulation=0.000][COMBAT][MINION_DEATH][Red][attacker=Blue]
[wall=1789911486][simulation=0.000][COMBAT][MINION_DEATH][Red][attacker=Blue]
[wall=1789911486][simulation=0.000][COMBAT][MINION_DEATH][Red][attacker=Blue]
[wall=1789911486][simulation=0.000][COMBAT][MINION_DEATH][Red][attacker=Blue]
[wall=1789911486][simulation=0.000][COMBAT][MINION_DEATH][Red][attacker=Blue]
[wall=1789911486][simulation=0.000][COMBAT][MINION_DEATH][Red][attacker=Blue]
[wall=1789911486][simulation=0.000][COMBAT][MINION_DEATH][Red][attacker=Blue]
[wall=1789911486][simulation=0.000][COMBAT][MINION_DEATH][Red][attacker=Blue]
[wall=1789911486][simulation=0.000][COMBAT][MINION_DEATH][Red][attacker=Blue]
[wall=1789911486][simulation=0.000][COMBAT][MINION_DEATH][Red][attacker=Blue]
[wall=1789911486][simulation=0.000][COMBAT][MINION_DEATH][Red][attacker=Blue]
[wall=1789911486][simulation=0.000][COMBAT][MINION_DEATH][Red][attacker=Blue]
[wall=1789911486][simulation=0.000][COMBAT][MINION_DEATH][Red][attacker=Blue]
[wall=1789911486][simulation=0.000][COMBAT][MINION_DEATH][Red][attacker=Blue]
[wall=1789911486][simulation=0.000][COMBAT][MINION_DEATH][Red][attacker=Blue]
[wall=1789911486][simulation=0.000][COMBAT][MINION_DEATH][Red][attacker=Blue]
[wall=1789911486][simulation=0.000][COMBAT][MINION_DEATH][Red][attacker=Blue]
[wall=1789911486][simulation=0.000][COMBAT][MINION_DEATH][Red][attacker=Blue]
[wall=1789911486][simulation=0.000][COMBAT][MINION_DEATH][Red][attacker=Blue]
[wall=1789911486][simulation=0.000][COMBAT][MINION_DEATH][Red][attacker=Blue]
[wall=1789911486][simulation=0.000][COMBAT][MINION_DEATH][Red][attacker=Blue]
[wall=1789911486][simulation=0.000][COMBAT][MINION_DEATH][Red][attacker=Blue]
[wall=1789911486][simulation=0.000][COMBAT][MINION_DEATH][Red][attacker=Blue]
[wall=1789911486][simulation=0.000][COMBAT][MINION_DEATH][Red][attacker=Blue]
[wall=1789911486][simulation=0.000][COMBAT][MINION_DEATH][Red][attacker=Blue]
[wall=1789911486][simulation=0.000][COMBAT][MINION_DEATH][Red][attacker=Blue]
[wall=1789911486][simulation=0.000][MATCH][MINION_WAVE][GameWorld][count_per_team=3]
[wall=1789911486][simulation=0.000][MATCH][START][GameWorld][seed=0xE4511E]
[wall=1789911486][simulation=0.010][COMBAT][PROJECTILE_SPAWN][Blue][kind=Basic]
[wall=1789911486][simulation=0.010][MATCH][PAUSE][GameWorld][]
[wall=1789911486][simulation=0.010][MATCH][RESUME][GameWorld][]
[wall=1789911486][simulation=0.010][MATCH][BASE_DESTROYED][Red][]
[wall=1789911486][simulation=0.020][MATCH][END][GameWorld][Victory]
[wall=1789911486][simulation=0.000][MATCH][MINION_WAVE][GameWorld][count_per_team=3]
[wall=1789911486][simulation=0.000][MATCH][START][GameWorld][seed=0xE4511E]
[wall=1789911486][simulation=0.010][COMBAT][PROJECTILE_SPAWN][Blue][kind=Basic]
[wall=1789911486][simulation=0.000][MATCH][MINION_WAVE][GameWorld][count_per_team=3]
[wall=1789911486][simulation=0.000][MATCH][START][GameWorld][seed=0xE4511E]
[wall=1789911486][simulation=0.010][COMBAT][PROJECTILE_SPAWN][Blue][kind=Basic]
[wall=1789911486][simulation=0.010][COMBAT][PROJECTILE_SPAWN][Blue][kind=Ultimate]
[wall=1789911486][simulation=0.010][COMBAT][PROJECTILE_SPAWN][Red][kind=Ultimate]
[wall=1789911486][simulation=0.000][MATCH][MINION_WAVE][GameWorld][count_per_team=3]
[wall=1789911486][simulation=0.000][MATCH][START][GameWorld][seed=0xE4511E]
[wall=1789911486][simulation=0.000][COMBAT][HERO_DEATH][PlayerHero][attacker=Red]
[wall=1789911486][simulation=5.000][COMBAT][HERO_RESPAWN][PlayerHero][]
[wall=1789911486][simulation=5.000][COMBAT][HERO_RESPAWN][BotHero][]
[wall=1789911486][simulation=0.000][MATCH][MINION_WAVE][GameWorld][count_per_team=3]
[wall=1789911486][simulation=0.000][MATCH][START][GameWorld][seed=0xE4511E]
[wall=1789911486][simulation=0.000][MATCH][BASE_DESTROYED][Blue][]
[wall=1789911486][simulation=0.010][MATCH][BASE_DESTROYED][Red][]
[wall=1789911486][simulation=0.010][MATCH][END][GameWorld][Draw]
[wall=1789911486][simulation=0.000][MATCH][MINION_WAVE][GameWorld][count_per_team=3]
[wall=1789911486][simulation=0.000][MATCH][START][GameWorld][seed=0xE4511E]
[wall=1789911486][simulation=0.000][MATCH][BASE_DESTROYED][Blue][]
[wall=1789911486][simulation=0.011][MATCH][BASE_DESTROYED][Red][]
[wall=1789911486][simulation=0.011][MATCH][END][GameWorld][Defeat]
[wall=1789911486][simulation=0.000][MATCH][MINION_WAVE][GameWorld][count_per_team=3]
[wall=1789911486][simulation=0.000][MATCH][START][GameWorld][seed=0xE4511E]
[wall=1789911486][simulation=0.000][MATCH][MINION_WAVE][GameWorld][count_per_team=3]
[wall=1789911486][simulation=0.000][MATCH][START][GameWorld][seed=0xE4511E]
[wall=1789911486][simulation=0.010][COMBAT][PROJECTILE_SPAWN][Blue][kind=Basic]
[wall=1789911486][simulation=0.120][MATCH][BASE_DESTROYED][Red][]
[wall=1789911486][simulation=0.130][MATCH][END][GameWorld][Victory]
[wall=1789911486][simulation=0.000][MATCH][MINION_WAVE][GameWorld][count_per_team=3]
[wall=1789911486][simulation=0.000][MATCH][START][GameWorld][seed=0xE4511E]
[wall=1789911486][simulation=0.000][MATCH][MINION_WAVE][GameWorld][count_per_team=3]
[wall=1789911486][simulation=0.000][MATCH][START][GameWorld][seed=0xE4511E]
[wall=1789911486][simulation=0.010][COMBAT][PROJECTILE_SPAWN][Blue][kind=Basic]
[wall=1789911486][simulation=0.120][MATCH][BASE_DESTROYED][Red][]
[wall=1789911486][simulation=0.130][MATCH][END][GameWorld][Victory]
[wall=1789911486][simulation=0.000][MATCH][MINION_WAVE][GameWorld][count_per_team=3]
[wall=1789911486][simulation=0.000][MATCH][START][GameWorld][seed=0xE4511E]
[wall=1789911486][simulation=0.000][MATCH][MINION_WAVE][GameWorld][count_per_team=3]
[wall=1789911486][simulation=0.000][MATCH][START][GameWorld][seed=0xE4511E]
[wall=1789911486][simulation=0.010][COMBAT][PROJECTILE_SPAWN][Blue][kind=Basic]
[wall=1789911486][simulation=0.120][MATCH][BASE_DESTROYED][Red][]
[wall=1789911486][simulation=0.130][MATCH][END][GameWorld][Victory]
[wall=1789911486][simulation=0.000][MATCH][MINION_WAVE][GameWorld][count_per_team=3]
[wall=1789911486][simulation=0.000][MATCH][START][GameWorld][seed=0xE4511E]
[wall=1789911486][simulation=0.000][MATCH][MINION_WAVE][GameWorld][count_per_team=3]
[wall=1789911486][simulation=0.000][MATCH][START][GameWorld][seed=0xE4511E]
[wall=1789911486][simulation=0.010][COMBAT][PROJECTILE_SPAWN][Blue][kind=Basic]
[wall=1789911486][simulation=0.120][MATCH][BASE_DESTROYED][Red][]
[wall=1789911486][simulation=0.130][MATCH][END][GameWorld][Victory]
[wall=1789911486][simulation=0.000][MATCH][MINION_WAVE][GameWorld][count_per_team=3]
[wall=1789911486][simulation=0.000][MATCH][START][GameWorld][seed=0xE4511E]
[wall=1789911486][simulation=0.000][MATCH][MINION_WAVE][GameWorld][count_per_team=3]
[wall=1789911486][simulation=0.000][MATCH][START][GameWorld][seed=0xE4511E]
[wall=1789911486][simulation=0.010][COMBAT][PROJECTILE_SPAWN][Blue][kind=Basic]
[wall=1789911486][simulation=0.120][MATCH][BASE_DESTROYED][Red][]
[wall=1789911486][simulation=0.130][MATCH][END][GameWorld][Victory]
[wall=1789911486][simulation=0.000][MATCH][MINION_WAVE][GameWorld][count_per_team=3]
[wall=1789911486][simulation=0.000][MATCH][START][GameWorld][seed=0xE4511E]
[wall=1789911486][simulation=0.000][MATCH][MINION_WAVE][GameWorld][count_per_team=3]
[wall=1789911486][simulation=0.000][MATCH][START][GameWorld][seed=0xE4511E]
[wall=1789911486][simulation=0.010][COMBAT][PROJECTILE_SPAWN][Blue][kind=Basic]
[wall=1789911486][simulation=0.120][MATCH][BASE_DESTROYED][Red][]
[wall=1789911486][simulation=0.130][MATCH][END][GameWorld][Victory]
[wall=1789911486][simulation=0.000][MATCH][MINION_WAVE][GameWorld][count_per_team=3]
[wall=1789911486][simulation=0.000][MATCH][START][GameWorld][seed=0xE4511E]
[wall=1789911486][simulation=0.000][MATCH][MINION_WAVE][GameWorld][count_per_team=3]
[wall=1789911486][simulation=0.000][MATCH][START][GameWorld][seed=0xE4511E]
[wall=1789911486][simulation=0.010][COMBAT][PROJECTILE_SPAWN][Blue][kind=Basic]
[wall=1789911486][simulation=0.120][MATCH][BASE_DESTROYED][Red][]
[wall=1789911486][simulation=0.130][MATCH][END][GameWorld][Victory]
[wall=1789911486][simulation=0.000][MATCH][MINION_WAVE][GameWorld][count_per_team=3]
[wall=1789911486][simulation=0.000][MATCH][START][GameWorld][seed=0xE4511E]
[wall=1789911486][simulation=0.000][MATCH][MINION_WAVE][GameWorld][count_per_team=3]
[wall=1789911486][simulation=0.000][MATCH][START][GameWorld][seed=0xE4511E]
[wall=1789911486][simulation=0.010][COMBAT][PROJECTILE_SPAWN][Blue][kind=Basic]
[wall=1789911486][simulation=0.120][MATCH][BASE_DESTROYED][Red][]
[wall=1789911486][simulation=0.130][MATCH][END][GameWorld][Victory]
[wall=1789911486][simulation=0.000][MATCH][MINION_WAVE][GameWorld][count_per_team=3]
[wall=1789911486][simulation=0.000][MATCH][START][GameWorld][seed=0xE4511E]
[wall=1789911486][simulation=0.000][MATCH][MINION_WAVE][GameWorld][count_per_team=3]
[wall=1789911486][simulation=0.000][MATCH][START][GameWorld][seed=0xE4511E]
[wall=1789911486][simulation=0.010][COMBAT][PROJECTILE_SPAWN][Blue][kind=Basic]
[wall=1789911486][simulation=0.120][MATCH][BASE_DESTROYED][Red][]
[wall=1789911486][simulation=0.130][MATCH][END][GameWorld][Victory]
[wall=1789911486][simulation=0.000][MATCH][MINION_WAVE][GameWorld][count_per_team=3]
[wall=1789911486][simulation=0.000][MATCH][START][GameWorld][seed=0xE4511E]
[wall=1789911486][simulation=0.000][MATCH][MINION_WAVE][GameWorld][count_per_team=3]
[wall=1789911486][simulation=0.000][MATCH][START][GameWorld][seed=0xE4511E]
[wall=1789911486][simulation=0.010][COMBAT][PROJECTILE_SPAWN][Blue][kind=Basic]
[wall=1789911486][simulation=0.120][MATCH][BASE_DESTROYED][Red][]
[wall=1789911486][simulation=0.130][MATCH][END][GameWorld][Victory]
[wall=1789911486][simulation=0.000][MATCH][MINION_WAVE][GameWorld][count_per_team=3]
[wall=1789911486][simulation=0.000][MATCH][START][GameWorld][seed=0xE4511E]
[wall=1789911562][simulation=0.000][MATCH][MINION_WAVE][GameWorld][count_per_team=3]
[wall=1789911562][simulation=0.000][MATCH][START][GameWorld][seed=0xE4511E]
[wall=1789911562][simulation=0.000][MATCH][MINION_WAVE][GameWorld][count_per_team=3]
[wall=1789911562][simulation=0.000][MATCH][START][GameWorld][seed=0xE4511E]
[wall=1789911562][simulation=0.010][COMBAT][PROJECTILE_SPAWN][Blue][kind=Basic]
[wall=1789911562][simulation=0.010][COMBAT][PROJECTILE_SPAWN][Blue][kind=Ultimate]
[wall=1789911562][simulation=0.000][MATCH][MINION_WAVE][GameWorld][count_per_team=3]
[wall=1789911562][simulation=0.000][MATCH][START][GameWorld][seed=0xE4511E]
[wall=1789911562][simulation=0.100][COMBAT][PROJECTILE_SPAWN][Red][kind=Basic]
[wall=1789911562][simulation=0.100][COMBAT][PROJECTILE_SPAWN][Red][kind=Ultimate]
[wall=1789911562][simulation=0.000][MATCH][MINION_WAVE][GameWorld][count_per_team=3]
[wall=1789911562][simulation=0.000][MATCH][START][GameWorld][seed=0xE4511E]
[wall=1789911562][simulation=0.000][MATCH][TOWER_DESTROYED][Red][]
[wall=1789911562][simulation=0.790][COMBAT][PROJECTILE_SPAWN][Red][kind=Ultimate]
[wall=1789911562][simulation=1.300][COMBAT][MINION_DEATH][Blue][attacker=Red]
[wall=1789911562][simulation=1.700][COMBAT][PROJECTILE_SPAWN][Red][kind=Basic]
[wall=1789911562][simulation=10.790][COMBAT][PROJECTILE_SPAWN][Red][kind=Ultimate]
[wall=1789911562][simulation=11.700][COMBAT][PROJECTILE_SPAWN][Red][kind=Basic]
[wall=1789911562][simulation=12.000][MATCH][MINION_WAVE][GameWorld][count_per_team=3]
[wall=1789911562][simulation=0.000][MATCH][MINION_WAVE][GameWorld][count_per_team=3]
[wall=1789911562][simulation=0.000][MATCH][START][GameWorld][seed=0xE4511E]
[wall=1789911562][simulation=0.000][MATCH][MINION_WAVE][GameWorld][count_per_team=3]
[wall=1789911562][simulation=0.000][MATCH][START][GameWorld][seed=0xE4511E]
[wall=1789911562][simulation=0.000][COMBAT][MINION_DEATH][Red][attacker=Blue]
[wall=1789911562][simulation=0.000][COMBAT][MINION_DEATH][Red][attacker=Blue]
[wall=1789911562][simulation=0.000][COMBAT][MINION_DEATH][Red][attacker=Blue]
[wall=1789911562][simulation=0.000][COMBAT][MINION_DEATH][Red][attacker=Blue]
[wall=1789911562][simulation=0.000][COMBAT][MINION_DEATH][Red][attacker=Blue]
[wall=1789911562][simulation=0.000][COMBAT][MINION_DEATH][Red][attacker=Blue]
[wall=1789911562][simulation=0.000][COMBAT][MINION_DEATH][Red][attacker=Blue]
[wall=1789911562][simulation=0.000][COMBAT][MINION_DEATH][Red][attacker=Blue]
[wall=1789911562][simulation=0.000][COMBAT][MINION_DEATH][Red][attacker=Blue]
[wall=1789911562][simulation=0.000][COMBAT][MINION_DEATH][Red][attacker=Blue]
[wall=1789911562][simulation=0.000][COMBAT][MINION_DEATH][Red][attacker=Blue]
[wall=1789911562][simulation=0.000][COMBAT][MINION_DEATH][Red][attacker=Blue]
[wall=1789911562][simulation=0.000][COMBAT][MINION_DEATH][Red][attacker=Blue]
[wall=1789911562][simulation=0.000][COMBAT][MINION_DEATH][Red][attacker=Blue]
[wall=1789911562][simulation=0.000][COMBAT][MINION_DEATH][Red][attacker=Blue]
[wall=1789911562][simulation=0.000][COMBAT][MINION_DEATH][Red][attacker=Blue]
[wall=1789911562][simulation=0.000][COMBAT][MINION_DEATH][Red][attacker=Blue]
[wall=1789911562][simulation=0.000][COMBAT][MINION_DEATH][Red][attacker=Blue]
[wall=1789911562][simulation=0.000][COMBAT][MINION_DEATH][Red][attacker=Blue]
[wall=1789911562][simulation=0.000][COMBAT][MINION_DEATH][Red][attacker=Blue]
[wall=1789911562][simulation=0.000][COMBAT][MINION_DEATH][Red][attacker=Blue]
[wall=1789911562][simulation=0.000][COMBAT][MINION_DEATH][Red][attacker=Blue]
[wall=1789911562][simulation=0.000][COMBAT][MINION_DEATH][Red][attacker=Blue]
[wall=1789911562][simulation=0.000][COMBAT][MINION_DEATH][Red][attacker=Blue]
[wall=1789911562][simulation=0.000][COMBAT][MINION_DEATH][Red][attacker=Blue]
[wall=1789911562][simulation=0.000][COMBAT][MINION_DEATH][Red][attacker=Blue]
[wall=1789911562][simulation=0.000][COMBAT][MINION_DEATH][Red][attacker=Blue]
[wall=1789911562][simulation=0.000][COMBAT][MINION_DEATH][Red][attacker=Blue]
[wall=1789911562][simulation=0.000][COMBAT][MINION_DEATH][Red][attacker=Blue]
[wall=1789911562][simulation=0.000][COMBAT][MINION_DEATH][Red][attacker=Blue]
[wall=1789911562][simulation=0.000][COMBAT][MINION_DEATH][Red][attacker=Blue]
[wall=1789911562][simulation=0.000][COMBAT][MINION_DEATH][Red][attacker=Blue]
[wall=1789911562][simulation=0.000][COMBAT][MINION_DEATH][Red][attacker=Blue]
[wall=1789911562][simulation=0.000][COMBAT][MINION_DEATH][Red][attacker=Blue]
[wall=1789911562][simulation=0.000][COMBAT][MINION_DEATH][Red][attacker=Blue]
[wall=1789911562][simulation=0.000][COMBAT][MINION_DEATH][Red][attacker=Blue]
[wall=1789911562][simulation=0.000][COMBAT][MINION_DEATH][Red][attacker=Blue]
[wall=1789911562][simulation=0.000][COMBAT][MINION_DEATH][Red][attacker=Blue]
[wall=1789911562][simulation=0.000][COMBAT][MINION_DEATH][Red][attacker=Blue]
[wall=1789911562][simulation=0.000][COMBAT][MINION_DEATH][Red][attacker=Blue]
[wall=1789911562][simulation=0.000][COMBAT][MINION_DEATH][Red][attacker=Blue]
[wall=1789911562][simulation=0.000][COMBAT][MINION_DEATH][Red][attacker=Blue]
[wall=1789911562][simulation=0.000][COMBAT][MINION_DEATH][Red][attacker=Blue]
[wall=1789911562][simulation=0.000][COMBAT][MINION_DEATH][Red][attacker=Blue]
[wall=1789911562][simulation=0.000][COMBAT][MINION_DEATH][Red][attacker=Blue]
[wall=1789911562][simulation=0.000][COMBAT][MINION_DEATH][Red][attacker=Blue]
[wall=1789911562][simulation=0.000][COMBAT][MINION_DEATH][Red][attacker=Blue]
[wall=1789911562][simulation=0.000][COMBAT][MINION_DEATH][Red][attacker=Blue]
[wall=1789911562][simulation=0.000][COMBAT][MINION_DEATH][Red][attacker=Blue]
[wall=1789911562][simulation=0.000][COMBAT][MINION_DEATH][Red][attacker=Blue]
[wall=1789911562][simulation=0.000][MATCH][MINION_WAVE][GameWorld][count_per_team=3]
[wall=1789911562][simulation=0.000][MATCH][START][GameWorld][seed=0xE4511E]
[wall=1789911562][simulation=0.010][COMBAT][PROJECTILE_SPAWN][Blue][kind=Basic]
[wall=1789911562][simulation=0.010][MATCH][PAUSE][GameWorld][]
[wall=1789911562][simulation=0.010][MATCH][RESUME][GameWorld][]
[wall=1789911562][simulation=0.010][MATCH][BASE_DESTROYED][Red][]
[wall=1789911562][simulation=0.020][MATCH][END][GameWorld][Victory]
[wall=1789911562][simulation=0.000][MATCH][MINION_WAVE][GameWorld][count_per_team=3]
[wall=1789911562][simulation=0.000][MATCH][START][GameWorld][seed=0xE4511E]
[wall=1789911562][simulation=0.010][COMBAT][PROJECTILE_SPAWN][Blue][kind=Basic]
[wall=1789911562][simulation=0.000][MATCH][MINION_WAVE][GameWorld][count_per_team=3]
[wall=1789911562][simulation=0.000][MATCH][START][GameWorld][seed=0xE4511E]
[wall=1789911562][simulation=0.010][COMBAT][PROJECTILE_SPAWN][Blue][kind=Basic]
[wall=1789911562][simulation=0.010][COMBAT][PROJECTILE_SPAWN][Blue][kind=Ultimate]
[wall=1789911562][simulation=0.010][COMBAT][PROJECTILE_SPAWN][Red][kind=Ultimate]
[wall=1789911562][simulation=0.000][MATCH][MINION_WAVE][GameWorld][count_per_team=3]
[wall=1789911562][simulation=0.000][MATCH][START][GameWorld][seed=0xE4511E]
[wall=1789911562][simulation=0.000][COMBAT][HERO_DEATH][PlayerHero][attacker=Red]
[wall=1789911562][simulation=5.000][COMBAT][HERO_RESPAWN][PlayerHero][]
[wall=1789911562][simulation=5.000][COMBAT][HERO_RESPAWN][BotHero][]
[wall=1789911562][simulation=0.000][MATCH][MINION_WAVE][GameWorld][count_per_team=3]
[wall=1789911562][simulation=0.000][MATCH][START][GameWorld][seed=0xE4511E]
[wall=1789911562][simulation=0.000][MATCH][BASE_DESTROYED][Blue][]
[wall=1789911562][simulation=0.010][MATCH][BASE_DESTROYED][Red][]
[wall=1789911562][simulation=0.010][MATCH][END][GameWorld][Draw]
[wall=1789911562][simulation=0.000][MATCH][MINION_WAVE][GameWorld][count_per_team=3]
[wall=1789911562][simulation=0.000][MATCH][START][GameWorld][seed=0xE4511E]
[wall=1789911562][simulation=0.000][MATCH][BASE_DESTROYED][Blue][]
[wall=1789911562][simulation=0.011][MATCH][BASE_DESTROYED][Red][]
[wall=1789911562][simulation=0.011][MATCH][END][GameWorld][Defeat]
[wall=1789911562][simulation=0.000][MATCH][MINION_WAVE][GameWorld][count_per_team=3]
[wall=1789911562][simulation=0.000][MATCH][START][GameWorld][seed=0xE4511E]
[wall=1789911562][simulation=0.000][MATCH][MINION_WAVE][GameWorld][count_per_team=3]
[wall=1789911562][simulation=0.000][MATCH][START][GameWorld][seed=0xE4511E]
[wall=1789911562][simulation=0.010][COMBAT][PROJECTILE_SPAWN][Blue][kind=Basic]
[wall=1789911562][simulation=0.120][MATCH][BASE_DESTROYED][Red][]
[wall=1789911562][simulation=0.130][MATCH][END][GameWorld][Victory]
[wall=1789911562][simulation=0.000][MATCH][MINION_WAVE][GameWorld][count_per_team=3]
[wall=1789911562][simulation=0.000][MATCH][START][GameWorld][seed=0xE4511E]
[wall=1789911562][simulation=0.000][MATCH][MINION_WAVE][GameWorld][count_per_team=3]
[wall=1789911562][simulation=0.000][MATCH][START][GameWorld][seed=0xE4511E]
[wall=1789911562][simulation=0.010][COMBAT][PROJECTILE_SPAWN][Blue][kind=Basic]
[wall=1789911562][simulation=0.120][MATCH][BASE_DESTROYED][Red][]
[wall=1789911562][simulation=0.130][MATCH][END][GameWorld][Victory]
[wall=1789911562][simulation=0.000][MATCH][MINION_WAVE][GameWorld][count_per_team=3]
[wall=1789911562][simulation=0.000][MATCH][START][GameWorld][seed=0xE4511E]
[wall=1789911562][simulation=0.000][MATCH][MINION_WAVE][GameWorld][count_per_team=3]
[wall=1789911562][simulation=0.000][MATCH][START][GameWorld][seed=0xE4511E]
[wall=1789911562][simulation=0.010][COMBAT][PROJECTILE_SPAWN][Blue][kind=Basic]
[wall=1789911562][simulation=0.120][MATCH][BASE_DESTROYED][Red][]
[wall=1789911562][simulation=0.130][MATCH][END][GameWorld][Victory]
[wall=1789911562][simulation=0.000][MATCH][MINION_WAVE][GameWorld][count_per_team=3]
[wall=1789911562][simulation=0.000][MATCH][START][GameWorld][seed=0xE4511E]
[wall=1789911562][simulation=0.000][MATCH][MINION_WAVE][GameWorld][count_per_team=3]
[wall=1789911562][simulation=0.000][MATCH][START][GameWorld][seed=0xE4511E]
[wall=1789911562][simulation=0.010][COMBAT][PROJECTILE_SPAWN][Blue][kind=Basic]
[wall=1789911562][simulation=0.120][MATCH][BASE_DESTROYED][Red][]
[wall=1789911562][simulation=0.130][MATCH][END][GameWorld][Victory]
[wall=1789911562][simulation=0.000][MATCH][MINION_WAVE][GameWorld][count_per_team=3]
[wall=1789911562][simulation=0.000][MATCH][START][GameWorld][seed=0xE4511E]
[wall=1789911562][simulation=0.000][MATCH][MINION_WAVE][GameWorld][count_per_team=3]
[wall=1789911562][simulation=0.000][MATCH][START][GameWorld][seed=0xE4511E]
[wall=1789911562][simulation=0.010][COMBAT][PROJECTILE_SPAWN][Blue][kind=Basic]
[wall=1789911562][simulation=0.120][MATCH][BASE_DESTROYED][Red][]
[wall=1789911562][simulation=0.130][MATCH][END][GameWorld][Victory]
[wall=1789911562][simulation=0.000][MATCH][MINION_WAVE][GameWorld][count_per_team=3]
[wall=1789911562][simulation=0.000][MATCH][START][GameWorld][seed=0xE4511E]
[wall=1789911562][simulation=0.000][MATCH][MINION_WAVE][GameWorld][count_per_team=3]
[wall=1789911562][simulation=0.000][MATCH][START][GameWorld][seed=0xE4511E]
[wall=1789911562][simulation=0.010][COMBAT][PROJECTILE_SPAWN][Blue][kind=Basic]
[wall=1789911562][simulation=0.120][MATCH][BASE_DESTROYED][Red][]
[wall=1789911562][simulation=0.130][MATCH][END][GameWorld][Victory]
[wall=1789911562][simulation=0.000][MATCH][MINION_WAVE][GameWorld][count_per_team=3]
[wall=1789911562][simulation=0.000][MATCH][START][GameWorld][seed=0xE4511E]
[wall=1789911562][simulation=0.000][MATCH][MINION_WAVE][GameWorld][count_per_team=3]
[wall=1789911562][simulation=0.000][MATCH][START][GameWorld][seed=0xE4511E]
[wall=1789911562][simulation=0.010][COMBAT][PROJECTILE_SPAWN][Blue][kind=Basic]
[wall=1789911562][simulation=0.120][MATCH][BASE_DESTROYED][Red][]
[wall=1789911562][simulation=0.130][MATCH][END][GameWorld][Victory]
[wall=1789911562][simulation=0.000][MATCH][MINION_WAVE][GameWorld][count_per_team=3]
[wall=1789911562][simulation=0.000][MATCH][START][GameWorld][seed=0xE4511E]
[wall=1789911562][simulation=0.000][MATCH][MINION_WAVE][GameWorld][count_per_team=3]
[wall=1789911562][simulation=0.000][MATCH][START][GameWorld][seed=0xE4511E]
[wall=1789911562][simulation=0.010][COMBAT][PROJECTILE_SPAWN][Blue][kind=Basic]
[wall=1789911562][simulation=0.120][MATCH][BASE_DESTROYED][Red][]
[wall=1789911562][simulation=0.130][MATCH][END][GameWorld][Victory]
[wall=1789911562][simulation=0.000][MATCH][MINION_WAVE][GameWorld][count_per_team=3]
[wall=1789911562][simulation=0.000][MATCH][START][GameWorld][seed=0xE4511E]
[wall=1789911562][simulation=0.000][MATCH][MINION_WAVE][GameWorld][count_per_team=3]
[wall=1789911562][simulation=0.000][MATCH][START][GameWorld][seed=0xE4511E]
[wall=1789911562][simulation=0.010][COMBAT][PROJECTILE_SPAWN][Blue][kind=Basic]
[wall=1789911562][simulation=0.120][MATCH][BASE_DESTROYED][Red][]
[wall=1789911562][simulation=0.130][MATCH][END][GameWorld][Victory]
[wall=1789911562][simulation=0.000][MATCH][MINION_WAVE][GameWorld][count_per_team=3]
[wall=1789911562][simulation=0.000][MATCH][START][GameWorld][seed=0xE4511E]
[wall=1789911562][simulation=0.000][MATCH][MINION_WAVE][GameWorld][count_per_team=3]
[wall=1789911562][simulation=0.000][MATCH][START][GameWorld][seed=0xE4511E]
[wall=1789911562][simulation=0.010][COMBAT][PROJECTILE_SPAWN][Blue][kind=Basic]
[wall=1789911562][simulation=0.120][MATCH][BASE_DESTROYED][Red][]
[wall=1789911562][simulation=0.130][MATCH][END][GameWorld][Victory]
[wall=1789911562][simulation=0.000][MATCH][MINION_WAVE][GameWorld][count_per_team=3]
[wall=1789911562][simulation=0.000][MATCH][START][GameWorld][seed=0xE4511E]
[wall=1789911572][simulation=0.000][MATCH][MINION_WAVE][GameWorld][count_per_team=3]
[wall=1789911572][simulation=0.000][MATCH][START][GameWorld][seed=0xE4511E]
[wall=1789911572][simulation=0.000][MATCH][MINION_WAVE][GameWorld][count_per_team=3]
[wall=1789911572][simulation=0.000][MATCH][START][GameWorld][seed=0xE4511E]
[wall=1789911572][simulation=0.010][COMBAT][PROJECTILE_SPAWN][Blue][kind=Basic]
[wall=1789911572][simulation=0.010][COMBAT][PROJECTILE_SPAWN][Blue][kind=Ultimate]
[wall=1789911572][simulation=0.000][MATCH][MINION_WAVE][GameWorld][count_per_team=3]
[wall=1789911572][simulation=0.000][MATCH][START][GameWorld][seed=0xE4511E]
[wall=1789911572][simulation=0.100][COMBAT][PROJECTILE_SPAWN][Red][kind=Basic]
[wall=1789911572][simulation=0.100][COMBAT][PROJECTILE_SPAWN][Red][kind=Ultimate]
[wall=1789911572][simulation=0.000][MATCH][MINION_WAVE][GameWorld][count_per_team=3]
[wall=1789911572][simulation=0.000][MATCH][START][GameWorld][seed=0xE4511E]
[wall=1789911572][simulation=0.000][MATCH][TOWER_DESTROYED][Red][]
[wall=1789911572][simulation=0.790][COMBAT][PROJECTILE_SPAWN][Red][kind=Ultimate]
[wall=1789911572][simulation=1.300][COMBAT][MINION_DEATH][Blue][attacker=Red]
[wall=1789911572][simulation=1.700][COMBAT][PROJECTILE_SPAWN][Red][kind=Basic]
[wall=1789911572][simulation=10.790][COMBAT][PROJECTILE_SPAWN][Red][kind=Ultimate]
[wall=1789911572][simulation=11.700][COMBAT][PROJECTILE_SPAWN][Red][kind=Basic]
[wall=1789911572][simulation=12.000][MATCH][MINION_WAVE][GameWorld][count_per_team=3]
[wall=1789911572][simulation=0.000][MATCH][MINION_WAVE][GameWorld][count_per_team=3]
[wall=1789911572][simulation=0.000][MATCH][START][GameWorld][seed=0xE4511E]
[wall=1789911572][simulation=0.000][MATCH][MINION_WAVE][GameWorld][count_per_team=3]
[wall=1789911572][simulation=0.000][MATCH][START][GameWorld][seed=0xE4511E]
[wall=1789911572][simulation=0.000][COMBAT][MINION_DEATH][Red][attacker=Blue]
[wall=1789911572][simulation=0.000][COMBAT][MINION_DEATH][Red][attacker=Blue]
[wall=1789911572][simulation=0.000][COMBAT][MINION_DEATH][Red][attacker=Blue]
[wall=1789911572][simulation=0.000][COMBAT][MINION_DEATH][Red][attacker=Blue]
[wall=1789911572][simulation=0.000][COMBAT][MINION_DEATH][Red][attacker=Blue]
[wall=1789911572][simulation=0.000][COMBAT][MINION_DEATH][Red][attacker=Blue]
[wall=1789911572][simulation=0.000][COMBAT][MINION_DEATH][Red][attacker=Blue]
[wall=1789911572][simulation=0.000][COMBAT][MINION_DEATH][Red][attacker=Blue]
[wall=1789911572][simulation=0.000][COMBAT][MINION_DEATH][Red][attacker=Blue]
[wall=1789911572][simulation=0.000][COMBAT][MINION_DEATH][Red][attacker=Blue]
[wall=1789911572][simulation=0.000][COMBAT][MINION_DEATH][Red][attacker=Blue]
[wall=1789911572][simulation=0.000][COMBAT][MINION_DEATH][Red][attacker=Blue]
[wall=1789911572][simulation=0.000][COMBAT][MINION_DEATH][Red][attacker=Blue]
[wall=1789911572][simulation=0.000][COMBAT][MINION_DEATH][Red][attacker=Blue]
[wall=1789911572][simulation=0.000][COMBAT][MINION_DEATH][Red][attacker=Blue]
[wall=1789911572][simulation=0.000][COMBAT][MINION_DEATH][Red][attacker=Blue]
[wall=1789911572][simulation=0.000][COMBAT][MINION_DEATH][Red][attacker=Blue]
[wall=1789911572][simulation=0.000][COMBAT][MINION_DEATH][Red][attacker=Blue]
[wall=1789911572][simulation=0.000][COMBAT][MINION_DEATH][Red][attacker=Blue]
[wall=1789911572][simulation=0.000][COMBAT][MINION_DEATH][Red][attacker=Blue]
[wall=1789911572][simulation=0.000][COMBAT][MINION_DEATH][Red][attacker=Blue]
[wall=1789911572][simulation=0.000][COMBAT][MINION_DEATH][Red][attacker=Blue]
[wall=1789911572][simulation=0.000][COMBAT][MINION_DEATH][Red][attacker=Blue]
[wall=1789911572][simulation=0.000][COMBAT][MINION_DEATH][Red][attacker=Blue]
[wall=1789911572][simulation=0.000][COMBAT][MINION_DEATH][Red][attacker=Blue]
[wall=1789911572][simulation=0.000][COMBAT][MINION_DEATH][Red][attacker=Blue]
[wall=1789911572][simulation=0.000][COMBAT][MINION_DEATH][Red][attacker=Blue]
[wall=1789911572][simulation=0.000][COMBAT][MINION_DEATH][Red][attacker=Blue]
[wall=1789911572][simulation=0.000][COMBAT][MINION_DEATH][Red][attacker=Blue]
[wall=1789911572][simulation=0.000][COMBAT][MINION_DEATH][Red][attacker=Blue]
[wall=1789911572][simulation=0.000][COMBAT][MINION_DEATH][Red][attacker=Blue]
[wall=1789911572][simulation=0.000][COMBAT][MINION_DEATH][Red][attacker=Blue]
[wall=1789911572][simulation=0.000][COMBAT][MINION_DEATH][Red][attacker=Blue]
[wall=1789911572][simulation=0.000][COMBAT][MINION_DEATH][Red][attacker=Blue]
[wall=1789911572][simulation=0.000][COMBAT][MINION_DEATH][Red][attacker=Blue]
[wall=1789911572][simulation=0.000][COMBAT][MINION_DEATH][Red][attacker=Blue]
[wall=1789911572][simulation=0.000][COMBAT][MINION_DEATH][Red][attacker=Blue]
[wall=1789911572][simulation=0.000][COMBAT][MINION_DEATH][Red][attacker=Blue]
[wall=1789911572][simulation=0.000][COMBAT][MINION_DEATH][Red][attacker=Blue]
[wall=1789911572][simulation=0.000][COMBAT][MINION_DEATH][Red][attacker=Blue]
[wall=1789911572][simulation=0.000][COMBAT][MINION_DEATH][Red][attacker=Blue]
[wall=1789911572][simulation=0.000][COMBAT][MINION_DEATH][Red][attacker=Blue]
[wall=1789911572][simulation=0.000][COMBAT][MINION_DEATH][Red][attacker=Blue]
[wall=1789911572][simulation=0.000][COMBAT][MINION_DEATH][Red][attacker=Blue]
[wall=1789911572][simulation=0.000][COMBAT][MINION_DEATH][Red][attacker=Blue]
[wall=1789911572][simulation=0.000][COMBAT][MINION_DEATH][Red][attacker=Blue]
[wall=1789911572][simulation=0.000][COMBAT][MINION_DEATH][Red][attacker=Blue]
[wall=1789911572][simulation=0.000][COMBAT][MINION_DEATH][Red][attacker=Blue]
[wall=1789911572][simulation=0.000][COMBAT][MINION_DEATH][Red][attacker=Blue]
[wall=1789911572][simulation=0.000][COMBAT][MINION_DEATH][Red][attacker=Blue]
[wall=1789911572][simulation=0.000][MATCH][MINION_WAVE][GameWorld][count_per_team=3]
[wall=1789911572][simulation=0.000][MATCH][START][GameWorld][seed=0xE4511E]
[wall=1789911572][simulation=0.010][COMBAT][PROJECTILE_SPAWN][Blue][kind=Basic]
[wall=1789911572][simulation=0.010][MATCH][PAUSE][GameWorld][]
[wall=1789911572][simulation=0.010][MATCH][RESUME][GameWorld][]
[wall=1789911572][simulation=0.010][MATCH][BASE_DESTROYED][Red][]
[wall=1789911572][simulation=0.020][MATCH][END][GameWorld][Victory]
[wall=1789911572][simulation=0.000][MATCH][MINION_WAVE][GameWorld][count_per_team=3]
[wall=1789911572][simulation=0.000][MATCH][START][GameWorld][seed=0xE4511E]
[wall=1789911572][simulation=0.010][COMBAT][PROJECTILE_SPAWN][Blue][kind=Basic]
[wall=1789911572][simulation=0.000][MATCH][MINION_WAVE][GameWorld][count_per_team=3]
[wall=1789911572][simulation=0.000][MATCH][START][GameWorld][seed=0xE4511E]
[wall=1789911572][simulation=0.010][COMBAT][PROJECTILE_SPAWN][Blue][kind=Basic]
[wall=1789911572][simulation=0.010][COMBAT][PROJECTILE_SPAWN][Blue][kind=Ultimate]
[wall=1789911572][simulation=0.010][COMBAT][PROJECTILE_SPAWN][Red][kind=Ultimate]
[wall=1789911572][simulation=0.000][MATCH][MINION_WAVE][GameWorld][count_per_team=3]
[wall=1789911572][simulation=0.000][MATCH][START][GameWorld][seed=0xE4511E]
[wall=1789911572][simulation=0.000][COMBAT][HERO_DEATH][PlayerHero][attacker=Red]
[wall=1789911572][simulation=5.000][COMBAT][HERO_RESPAWN][PlayerHero][]
[wall=1789911572][simulation=5.000][COMBAT][HERO_RESPAWN][BotHero][]
[wall=1789911572][simulation=0.000][MATCH][MINION_WAVE][GameWorld][count_per_team=3]
[wall=1789911572][simulation=0.000][MATCH][START][GameWorld][seed=0xE4511E]
[wall=1789911572][simulation=0.000][MATCH][BASE_DESTROYED][Blue][]
[wall=1789911572][simulation=0.010][MATCH][BASE_DESTROYED][Red][]
[wall=1789911572][simulation=0.010][MATCH][END][GameWorld][Draw]
[wall=1789911572][simulation=0.000][MATCH][MINION_WAVE][GameWorld][count_per_team=3]
[wall=1789911572][simulation=0.000][MATCH][START][GameWorld][seed=0xE4511E]
[wall=1789911572][simulation=0.000][MATCH][BASE_DESTROYED][Blue][]
[wall=1789911572][simulation=0.011][MATCH][BASE_DESTROYED][Red][]
[wall=1789911572][simulation=0.011][MATCH][END][GameWorld][Defeat]
[wall=1789911572][simulation=0.000][MATCH][MINION_WAVE][GameWorld][count_per_team=3]
[wall=1789911572][simulation=0.000][MATCH][START][GameWorld][seed=0xE4511E]
[wall=1789911572][simulation=0.000][MATCH][MINION_WAVE][GameWorld][count_per_team=3]
[wall=1789911572][simulation=0.000][MATCH][START][GameWorld][seed=0xE4511E]
[wall=1789911572][simulation=0.010][COMBAT][PROJECTILE_SPAWN][Blue][kind=Basic]
[wall=1789911572][simulation=0.120][MATCH][BASE_DESTROYED][Red][]
[wall=1789911572][simulation=0.130][MATCH][END][GameWorld][Victory]
[wall=1789911572][simulation=0.000][MATCH][MINION_WAVE][GameWorld][count_per_team=3]
[wall=1789911572][simulation=0.000][MATCH][START][GameWorld][seed=0xE4511E]
[wall=1789911572][simulation=0.000][MATCH][MINION_WAVE][GameWorld][count_per_team=3]
[wall=1789911572][simulation=0.000][MATCH][START][GameWorld][seed=0xE4511E]
[wall=1789911572][simulation=0.010][COMBAT][PROJECTILE_SPAWN][Blue][kind=Basic]
[wall=1789911572][simulation=0.120][MATCH][BASE_DESTROYED][Red][]
[wall=1789911572][simulation=0.130][MATCH][END][GameWorld][Victory]
[wall=1789911572][simulation=0.000][MATCH][MINION_WAVE][GameWorld][count_per_team=3]
[wall=1789911572][simulation=0.000][MATCH][START][GameWorld][seed=0xE4511E]
[wall=1789911572][simulation=0.000][MATCH][MINION_WAVE][GameWorld][count_per_team=3]
[wall=1789911572][simulation=0.000][MATCH][START][GameWorld][seed=0xE4511E]
[wall=1789911572][simulation=0.010][COMBAT][PROJECTILE_SPAWN][Blue][kind=Basic]
[wall=1789911572][simulation=0.120][MATCH][BASE_DESTROYED][Red][]
[wall=1789911572][simulation=0.130][MATCH][END][GameWorld][Victory]
[wall=1789911572][simulation=0.000][MATCH][MINION_WAVE][GameWorld][count_per_team=3]
[wall=1789911572][simulation=0.000][MATCH][START][GameWorld][seed=0xE4511E]
[wall=1789911572][simulation=0.000][MATCH][MINION_WAVE][GameWorld][count_per_team=3]
[wall=1789911572][simulation=0.000][MATCH][START][GameWorld][seed=0xE4511E]
[wall=1789911572][simulation=0.010][COMBAT][PROJECTILE_SPAWN][Blue][kind=Basic]
[wall=1789911572][simulation=0.120][MATCH][BASE_DESTROYED][Red][]
[wall=1789911572][simulation=0.130][MATCH][END][GameWorld][Victory]
[wall=1789911572][simulation=0.000][MATCH][MINION_WAVE][GameWorld][count_per_team=3]
[wall=1789911572][simulation=0.000][MATCH][START][GameWorld][seed=0xE4511E]
[wall=1789911572][simulation=0.000][MATCH][MINION_WAVE][GameWorld][count_per_team=3]
[wall=1789911572][simulation=0.000][MATCH][START][GameWorld][seed=0xE4511E]
[wall=1789911572][simulation=0.010][COMBAT][PROJECTILE_SPAWN][Blue][kind=Basic]
[wall=1789911572][simulation=0.120][MATCH][BASE_DESTROYED][Red][]
[wall=1789911572][simulation=0.130][MATCH][END][GameWorld][Victory]
[wall=1789911572][simulation=0.000][MATCH][MINION_WAVE][GameWorld][count_per_team=3]
[wall=1789911572][simulation=0.000][MATCH][START][GameWorld][seed=0xE4511E]
[wall=1789911572][simulation=0.000][MATCH][MINION_WAVE][GameWorld][count_per_team=3]
[wall=1789911572][simulation=0.000][MATCH][START][GameWorld][seed=0xE4511E]
[wall=1789911572][simulation=0.010][COMBAT][PROJECTILE_SPAWN][Blue][kind=Basic]
[wall=1789911572][simulation=0.120][MATCH][BASE_DESTROYED][Red][]
[wall=1789911572][simulation=0.130][MATCH][END][GameWorld][Victory]
[wall=1789911572][simulation=0.000][MATCH][MINION_WAVE][GameWorld][count_per_team=3]
[wall=1789911572][simulation=0.000][MATCH][START][GameWorld][seed=0xE4511E]
[wall=1789911572][simulation=0.000][MATCH][MINION_WAVE][GameWorld][count_per_team=3]
[wall=1789911572][simulation=0.000][MATCH][START][GameWorld][seed=0xE4511E]
[wall=1789911572][simulation=0.010][COMBAT][PROJECTILE_SPAWN][Blue][kind=Basic]
[wall=1789911572][simulation=0.120][MATCH][BASE_DESTROYED][Red][]
[wall=1789911572][simulation=0.130][MATCH][END][GameWorld][Victory]
[wall=1789911572][simulation=0.000][MATCH][MINION_WAVE][GameWorld][count_per_team=3]
[wall=1789911572][simulation=0.000][MATCH][START][GameWorld][seed=0xE4511E]
[wall=1789911572][simulation=0.000][MATCH][MINION_WAVE][GameWorld][count_per_team=3]
[wall=1789911572][simulation=0.000][MATCH][START][GameWorld][seed=0xE4511E]
[wall=1789911572][simulation=0.010][COMBAT][PROJECTILE_SPAWN][Blue][kind=Basic]
[wall=1789911572][simulation=0.120][MATCH][BASE_DESTROYED][Red][]
[wall=1789911572][simulation=0.130][MATCH][END][GameWorld][Victory]
[wall=1789911572][simulation=0.000][MATCH][MINION_WAVE][GameWorld][count_per_team=3]
[wall=1789911572][simulation=0.000][MATCH][START][GameWorld][seed=0xE4511E]
[wall=1789911572][simulation=0.000][MATCH][MINION_WAVE][GameWorld][count_per_team=3]
[wall=1789911572][simulation=0.000][MATCH][START][GameWorld][seed=0xE4511E]
[wall=1789911572][simulation=0.010][COMBAT][PROJECTILE_SPAWN][Blue][kind=Basic]
[wall=1789911572][simulation=0.120][MATCH][BASE_DESTROYED][Red][]
[wall=1789911572][simulation=0.130][MATCH][END][GameWorld][Victory]
[wall=1789911572][simulation=0.000][MATCH][MINION_WAVE][GameWorld][count_per_team=3]
[wall=1789911572][simulation=0.000][MATCH][START][GameWorld][seed=0xE4511E]
[wall=1789911572][simulation=0.000][MATCH][MINION_WAVE][GameWorld][count_per_team=3]
[wall=1789911572][simulation=0.000][MATCH][START][GameWorld][seed=0xE4511E]
[wall=1789911572][simulation=0.010][COMBAT][PROJECTILE_SPAWN][Blue][kind=Basic]
[wall=1789911572][simulation=0.120][MATCH][BASE_DESTROYED][Red][]
[wall=1789911572][simulation=0.130][MATCH][END][GameWorld][Victory]
[wall=1789911572][simulation=0.000][MATCH][MINION_WAVE][GameWorld][count_per_team=3]
[wall=1789911572][simulation=0.000][MATCH][START][GameWorld][seed=0xE4511E]
[wall=1789911691][simulation=0.000][MATCH][MINION_WAVE][GameWorld][count_per_team=3]
[wall=1789911691][simulation=0.000][MATCH][START][GameWorld][seed=0xE4511E]
[wall=1789911691][simulation=0.000][MATCH][MINION_WAVE][GameWorld][count_per_team=3]
[wall=1789911691][simulation=0.000][MATCH][START][GameWorld][seed=0xE4511E]
[wall=1789911691][simulation=0.010][COMBAT][PROJECTILE_SPAWN][Blue][kind=Basic]
[wall=1789911691][simulation=0.010][COMBAT][PROJECTILE_SPAWN][Blue][kind=Ultimate]
[wall=1789911691][simulation=0.000][MATCH][MINION_WAVE][GameWorld][count_per_team=3]
[wall=1789911691][simulation=0.000][MATCH][START][GameWorld][seed=0xE4511E]
[wall=1789911691][simulation=0.100][COMBAT][PROJECTILE_SPAWN][Red][kind=Basic]
[wall=1789911691][simulation=0.100][COMBAT][PROJECTILE_SPAWN][Red][kind=Ultimate]
[wall=1789911691][simulation=0.000][MATCH][MINION_WAVE][GameWorld][count_per_team=3]
[wall=1789911691][simulation=0.000][MATCH][START][GameWorld][seed=0xE4511E]
[wall=1789911691][simulation=0.000][MATCH][TOWER_DESTROYED][Red][]
[wall=1789911691][simulation=0.790][COMBAT][PROJECTILE_SPAWN][Red][kind=Ultimate]
[wall=1789911691][simulation=1.300][COMBAT][MINION_DEATH][Blue][attacker=Red]
[wall=1789911691][simulation=1.700][COMBAT][PROJECTILE_SPAWN][Red][kind=Basic]
[wall=1789911691][simulation=10.790][COMBAT][PROJECTILE_SPAWN][Red][kind=Ultimate]
[wall=1789911691][simulation=11.700][COMBAT][PROJECTILE_SPAWN][Red][kind=Basic]
[wall=1789911691][simulation=12.000][MATCH][MINION_WAVE][GameWorld][count_per_team=3]
[wall=1789911691][simulation=0.000][MATCH][MINION_WAVE][GameWorld][count_per_team=3]
[wall=1789911691][simulation=0.000][MATCH][START][GameWorld][seed=0xE4511E]
[wall=1789911691][simulation=0.000][MATCH][MINION_WAVE][GameWorld][count_per_team=3]
[wall=1789911691][simulation=0.000][MATCH][START][GameWorld][seed=0xE4511E]
[wall=1789911691][simulation=0.000][COMBAT][MINION_DEATH][Red][attacker=Blue]
[wall=1789911691][simulation=0.000][COMBAT][MINION_DEATH][Red][attacker=Blue]
[wall=1789911691][simulation=0.000][COMBAT][MINION_DEATH][Red][attacker=Blue]
[wall=1789911691][simulation=0.000][COMBAT][MINION_DEATH][Red][attacker=Blue]
[wall=1789911691][simulation=0.000][COMBAT][MINION_DEATH][Red][attacker=Blue]
[wall=1789911691][simulation=0.000][COMBAT][MINION_DEATH][Red][attacker=Blue]
[wall=1789911691][simulation=0.000][COMBAT][MINION_DEATH][Red][attacker=Blue]
[wall=1789911691][simulation=0.000][COMBAT][MINION_DEATH][Red][attacker=Blue]
[wall=1789911691][simulation=0.000][COMBAT][MINION_DEATH][Red][attacker=Blue]
[wall=1789911691][simulation=0.000][COMBAT][MINION_DEATH][Red][attacker=Blue]
[wall=1789911691][simulation=0.000][COMBAT][MINION_DEATH][Red][attacker=Blue]
[wall=1789911691][simulation=0.000][COMBAT][MINION_DEATH][Red][attacker=Blue]
[wall=1789911691][simulation=0.000][COMBAT][MINION_DEATH][Red][attacker=Blue]
[wall=1789911691][simulation=0.000][COMBAT][MINION_DEATH][Red][attacker=Blue]
[wall=1789911691][simulation=0.000][COMBAT][MINION_DEATH][Red][attacker=Blue]
[wall=1789911691][simulation=0.000][COMBAT][MINION_DEATH][Red][attacker=Blue]
[wall=1789911691][simulation=0.000][COMBAT][MINION_DEATH][Red][attacker=Blue]
[wall=1789911691][simulation=0.000][COMBAT][MINION_DEATH][Red][attacker=Blue]
[wall=1789911691][simulation=0.000][COMBAT][MINION_DEATH][Red][attacker=Blue]
[wall=1789911691][simulation=0.000][COMBAT][MINION_DEATH][Red][attacker=Blue]
[wall=1789911691][simulation=0.000][COMBAT][MINION_DEATH][Red][attacker=Blue]
[wall=1789911691][simulation=0.000][COMBAT][MINION_DEATH][Red][attacker=Blue]
[wall=1789911691][simulation=0.000][COMBAT][MINION_DEATH][Red][attacker=Blue]
[wall=1789911691][simulation=0.000][COMBAT][MINION_DEATH][Red][attacker=Blue]
[wall=1789911691][simulation=0.000][COMBAT][MINION_DEATH][Red][attacker=Blue]
[wall=1789911691][simulation=0.000][COMBAT][MINION_DEATH][Red][attacker=Blue]
[wall=1789911691][simulation=0.000][COMBAT][MINION_DEATH][Red][attacker=Blue]
[wall=1789911691][simulation=0.000][COMBAT][MINION_DEATH][Red][attacker=Blue]
[wall=1789911691][simulation=0.000][COMBAT][MINION_DEATH][Red][attacker=Blue]
[wall=1789911691][simulation=0.000][COMBAT][MINION_DEATH][Red][attacker=Blue]
[wall=1789911691][simulation=0.000][COMBAT][MINION_DEATH][Red][attacker=Blue]
[wall=1789911691][simulation=0.000][COMBAT][MINION_DEATH][Red][attacker=Blue]
[wall=1789911691][simulation=0.000][COMBAT][MINION_DEATH][Red][attacker=Blue]
[wall=1789911691][simulation=0.000][COMBAT][MINION_DEATH][Red][attacker=Blue]
[wall=1789911691][simulation=0.000][COMBAT][MINION_DEATH][Red][attacker=Blue]
[wall=1789911691][simulation=0.000][COMBAT][MINION_DEATH][Red][attacker=Blue]
[wall=1789911691][simulation=0.000][COMBAT][MINION_DEATH][Red][attacker=Blue]
[wall=1789911691][simulation=0.000][COMBAT][MINION_DEATH][Red][attacker=Blue]
[wall=1789911691][simulation=0.000][COMBAT][MINION_DEATH][Red][attacker=Blue]
[wall=1789911691][simulation=0.000][COMBAT][MINION_DEATH][Red][attacker=Blue]
[wall=1789911691][simulation=0.000][COMBAT][MINION_DEATH][Red][attacker=Blue]
[wall=1789911691][simulation=0.000][COMBAT][MINION_DEATH][Red][attacker=Blue]
[wall=1789911691][simulation=0.000][COMBAT][MINION_DEATH][Red][attacker=Blue]
[wall=1789911691][simulation=0.000][COMBAT][MINION_DEATH][Red][attacker=Blue]
[wall=1789911691][simulation=0.000][COMBAT][MINION_DEATH][Red][attacker=Blue]
[wall=1789911691][simulation=0.000][COMBAT][MINION_DEATH][Red][attacker=Blue]
[wall=1789911691][simulation=0.000][COMBAT][MINION_DEATH][Red][attacker=Blue]
[wall=1789911691][simulation=0.000][COMBAT][MINION_DEATH][Red][attacker=Blue]
[wall=1789911691][simulation=0.000][COMBAT][MINION_DEATH][Red][attacker=Blue]
[wall=1789911691][simulation=0.000][COMBAT][MINION_DEATH][Red][attacker=Blue]
[wall=1789911691][simulation=0.000][MATCH][MINION_WAVE][GameWorld][count_per_team=3]
[wall=1789911691][simulation=0.000][MATCH][START][GameWorld][seed=0xE4511E]
[wall=1789911691][simulation=0.010][COMBAT][PROJECTILE_SPAWN][Blue][kind=Basic]
[wall=1789911691][simulation=0.010][MATCH][PAUSE][GameWorld][]
[wall=1789911691][simulation=0.010][MATCH][RESUME][GameWorld][]
[wall=1789911691][simulation=0.010][MATCH][BASE_DESTROYED][Red][]
[wall=1789911691][simulation=0.020][MATCH][END][GameWorld][Victory]
[wall=1789911691][simulation=0.000][MATCH][MINION_WAVE][GameWorld][count_per_team=3]
[wall=1789911691][simulation=0.000][MATCH][START][GameWorld][seed=0xE4511E]
[wall=1789911691][simulation=0.010][COMBAT][PROJECTILE_SPAWN][Blue][kind=Basic]
[wall=1789911691][simulation=0.000][MATCH][MINION_WAVE][GameWorld][count_per_team=3]
[wall=1789911691][simulation=0.000][MATCH][START][GameWorld][seed=0xE4511E]
[wall=1789911691][simulation=0.010][COMBAT][PROJECTILE_SPAWN][Blue][kind=Basic]
[wall=1789911691][simulation=0.010][COMBAT][PROJECTILE_SPAWN][Blue][kind=Ultimate]
[wall=1789911691][simulation=0.010][COMBAT][PROJECTILE_SPAWN][Red][kind=Ultimate]
[wall=1789911691][simulation=0.000][MATCH][MINION_WAVE][GameWorld][count_per_team=3]
[wall=1789911691][simulation=0.000][MATCH][START][GameWorld][seed=0xE4511E]
[wall=1789911691][simulation=0.000][COMBAT][HERO_DEATH][PlayerHero][attacker=Red]
[wall=1789911691][simulation=5.000][COMBAT][HERO_RESPAWN][PlayerHero][]
[wall=1789911691][simulation=5.000][COMBAT][HERO_RESPAWN][BotHero][]
[wall=1789911691][simulation=0.000][MATCH][MINION_WAVE][GameWorld][count_per_team=3]
[wall=1789911691][simulation=0.000][MATCH][START][GameWorld][seed=0xE4511E]
[wall=1789911691][simulation=0.000][MATCH][BASE_DESTROYED][Blue][]
[wall=1789911691][simulation=0.010][MATCH][BASE_DESTROYED][Red][]
[wall=1789911691][simulation=0.010][MATCH][END][GameWorld][Draw]
[wall=1789911691][simulation=0.000][MATCH][MINION_WAVE][GameWorld][count_per_team=3]
[wall=1789911691][simulation=0.000][MATCH][START][GameWorld][seed=0xE4511E]
[wall=1789911691][simulation=0.000][MATCH][BASE_DESTROYED][Blue][]
[wall=1789911691][simulation=0.011][MATCH][BASE_DESTROYED][Red][]
[wall=1789911691][simulation=0.011][MATCH][END][GameWorld][Defeat]
[wall=1789911691][simulation=0.000][MATCH][MINION_WAVE][GameWorld][count_per_team=3]
[wall=1789911691][simulation=0.000][MATCH][START][GameWorld][seed=0xE4511E]
[wall=1789911691][simulation=0.000][MATCH][MINION_WAVE][GameWorld][count_per_team=3]
[wall=1789911691][simulation=0.000][MATCH][START][GameWorld][seed=0xE4511E]
[wall=1789911691][simulation=0.010][COMBAT][PROJECTILE_SPAWN][Blue][kind=Basic]
[wall=1789911691][simulation=0.120][MATCH][BASE_DESTROYED][Red][]
[wall=1789911691][simulation=0.130][MATCH][END][GameWorld][Victory]
[wall=1789911691][simulation=0.000][MATCH][MINION_WAVE][GameWorld][count_per_team=3]
[wall=1789911691][simulation=0.000][MATCH][START][GameWorld][seed=0xE4511E]
[wall=1789911691][simulation=0.000][MATCH][MINION_WAVE][GameWorld][count_per_team=3]
[wall=1789911691][simulation=0.000][MATCH][START][GameWorld][seed=0xE4511E]
[wall=1789911691][simulation=0.010][COMBAT][PROJECTILE_SPAWN][Blue][kind=Basic]
[wall=1789911691][simulation=0.120][MATCH][BASE_DESTROYED][Red][]
[wall=1789911691][simulation=0.130][MATCH][END][GameWorld][Victory]
[wall=1789911691][simulation=0.000][MATCH][MINION_WAVE][GameWorld][count_per_team=3]
[wall=1789911691][simulation=0.000][MATCH][START][GameWorld][seed=0xE4511E]
[wall=1789911691][simulation=0.000][MATCH][MINION_WAVE][GameWorld][count_per_team=3]
[wall=1789911691][simulation=0.000][MATCH][START][GameWorld][seed=0xE4511E]
[wall=1789911691][simulation=0.010][COMBAT][PROJECTILE_SPAWN][Blue][kind=Basic]
[wall=1789911691][simulation=0.120][MATCH][BASE_DESTROYED][Red][]
[wall=1789911691][simulation=0.130][MATCH][END][GameWorld][Victory]
[wall=1789911691][simulation=0.000][MATCH][MINION_WAVE][GameWorld][count_per_team=3]
[wall=1789911691][simulation=0.000][MATCH][START][GameWorld][seed=0xE4511E]
[wall=1789911691][simulation=0.000][MATCH][MINION_WAVE][GameWorld][count_per_team=3]
[wall=1789911691][simulation=0.000][MATCH][START][GameWorld][seed=0xE4511E]
[wall=1789911691][simulation=0.010][COMBAT][PROJECTILE_SPAWN][Blue][kind=Basic]
[wall=1789911691][simulation=0.120][MATCH][BASE_DESTROYED][Red][]
[wall=1789911691][simulation=0.130][MATCH][END][GameWorld][Victory]
[wall=1789911691][simulation=0.000][MATCH][MINION_WAVE][GameWorld][count_per_team=3]
[wall=1789911691][simulation=0.000][MATCH][START][GameWorld][seed=0xE4511E]
[wall=1789911691][simulation=0.000][MATCH][MINION_WAVE][GameWorld][count_per_team=3]
[wall=1789911691][simulation=0.000][MATCH][START][GameWorld][seed=0xE4511E]
[wall=1789911691][simulation=0.010][COMBAT][PROJECTILE_SPAWN][Blue][kind=Basic]
[wall=1789911691][simulation=0.120][MATCH][BASE_DESTROYED][Red][]
[wall=1789911691][simulation=0.130][MATCH][END][GameWorld][Victory]
[wall=1789911691][simulation=0.000][MATCH][MINION_WAVE][GameWorld][count_per_team=3]
[wall=1789911691][simulation=0.000][MATCH][START][GameWorld][seed=0xE4511E]
[wall=1789911691][simulation=0.000][MATCH][MINION_WAVE][GameWorld][count_per_team=3]
[wall=1789911691][simulation=0.000][MATCH][START][GameWorld][seed=0xE4511E]
[wall=1789911691][simulation=0.010][COMBAT][PROJECTILE_SPAWN][Blue][kind=Basic]
[wall=1789911691][simulation=0.120][MATCH][BASE_DESTROYED][Red][]
[wall=1789911691][simulation=0.130][MATCH][END][GameWorld][Victory]
[wall=1789911691][simulation=0.000][MATCH][MINION_WAVE][GameWorld][count_per_team=3]
[wall=1789911691][simulation=0.000][MATCH][START][GameWorld][seed=0xE4511E]
[wall=1789911691][simulation=0.000][MATCH][MINION_WAVE][GameWorld][count_per_team=3]
[wall=1789911691][simulation=0.000][MATCH][START][GameWorld][seed=0xE4511E]
[wall=1789911691][simulation=0.010][COMBAT][PROJECTILE_SPAWN][Blue][kind=Basic]
[wall=1789911691][simulation=0.120][MATCH][BASE_DESTROYED][Red][]
[wall=1789911691][simulation=0.130][MATCH][END][GameWorld][Victory]
[wall=1789911691][simulation=0.000][MATCH][MINION_WAVE][GameWorld][count_per_team=3]
[wall=1789911691][simulation=0.000][MATCH][START][GameWorld][seed=0xE4511E]
[wall=1789911691][simulation=0.000][MATCH][MINION_WAVE][GameWorld][count_per_team=3]
[wall=1789911691][simulation=0.000][MATCH][START][GameWorld][seed=0xE4511E]
[wall=1789911691][simulation=0.010][COMBAT][PROJECTILE_SPAWN][Blue][kind=Basic]
[wall=1789911691][simulation=0.120][MATCH][BASE_DESTROYED][Red][]
[wall=1789911691][simulation=0.130][MATCH][END][GameWorld][Victory]
[wall=1789911691][simulation=0.000][MATCH][MINION_WAVE][GameWorld][count_per_team=3]
[wall=1789911691][simulation=0.000][MATCH][START][GameWorld][seed=0xE4511E]
[wall=1789911691][simulation=0.000][MATCH][MINION_WAVE][GameWorld][count_per_team=3]
[wall=1789911691][simulation=0.000][MATCH][START][GameWorld][seed=0xE4511E]
[wall=1789911691][simulation=0.010][COMBAT][PROJECTILE_SPAWN][Blue][kind=Basic]
[wall=1789911691][simulation=0.120][MATCH][BASE_DESTROYED][Red][]
[wall=1789911691][simulation=0.130][MATCH][END][GameWorld][Victory]
[wall=1789911691][simulation=0.000][MATCH][MINION_WAVE][GameWorld][count_per_team=3]
[wall=1789911691][simulation=0.000][MATCH][START][GameWorld][seed=0xE4511E]
[wall=1789911691][simulation=0.000][MATCH][MINION_WAVE][GameWorld][count_per_team=3]
[wall=1789911691][simulation=0.000][MATCH][START][GameWorld][seed=0xE4511E]
[wall=1789911691][simulation=0.010][COMBAT][PROJECTILE_SPAWN][Blue][kind=Basic]
[wall=1789911691][simulation=0.120][MATCH][BASE_DESTROYED][Red][]
[wall=1789911691][simulation=0.130][MATCH][END][GameWorld][Victory]
[wall=1789911691][simulation=0.000][MATCH][MINION_WAVE][GameWorld][count_per_team=3]
[wall=1789911691][simulation=0.000][MATCH][START][GameWorld][seed=0xE4511E]
[wall=1789911747][simulation=0.000][MATCH][MINION_WAVE][GameWorld][count_per_team=3]
[wall=1789911747][simulation=0.000][MATCH][START][GameWorld][seed=0xE4511E]
[wall=1789911747][simulation=0.000][MATCH][MINION_WAVE][GameWorld][count_per_team=3]
[wall=1789911747][simulation=0.000][MATCH][START][GameWorld][seed=0xE4511E]
[wall=1789911747][simulation=0.010][COMBAT][PROJECTILE_SPAWN][Blue][kind=Basic]
[wall=1789911747][simulation=0.010][COMBAT][PROJECTILE_SPAWN][Blue][kind=Ultimate]
[wall=1789911747][simulation=0.000][MATCH][MINION_WAVE][GameWorld][count_per_team=3]
[wall=1789911747][simulation=0.000][MATCH][START][GameWorld][seed=0xE4511E]
[wall=1789911747][simulation=0.100][COMBAT][PROJECTILE_SPAWN][Red][kind=Basic]
[wall=1789911747][simulation=0.100][COMBAT][PROJECTILE_SPAWN][Red][kind=Ultimate]
[wall=1789911747][simulation=0.000][MATCH][MINION_WAVE][GameWorld][count_per_team=3]
[wall=1789911747][simulation=0.000][MATCH][START][GameWorld][seed=0xE4511E]
[wall=1789911747][simulation=0.000][MATCH][TOWER_DESTROYED][Red][]
[wall=1789911747][simulation=0.780][COMBAT][PROJECTILE_SPAWN][Red][kind=Ultimate]
[wall=1789911747][simulation=1.300][COMBAT][MINION_DEATH][Blue][attacker=Red]
[wall=1789911747][simulation=1.690][COMBAT][PROJECTILE_SPAWN][Red][kind=Basic]
[wall=1789911747][simulation=10.780][COMBAT][PROJECTILE_SPAWN][Red][kind=Ultimate]
[wall=1789911747][simulation=11.690][COMBAT][PROJECTILE_SPAWN][Red][kind=Basic]
[wall=1789911747][simulation=12.000][MATCH][MINION_WAVE][GameWorld][count_per_team=3]
[wall=1789911747][simulation=0.000][MATCH][MINION_WAVE][GameWorld][count_per_team=3]
[wall=1789911747][simulation=0.000][MATCH][START][GameWorld][seed=0xE4511E]
[wall=1789911747][simulation=0.000][MATCH][MINION_WAVE][GameWorld][count_per_team=3]
[wall=1789911747][simulation=0.000][MATCH][START][GameWorld][seed=0xE4511E]
[wall=1789911747][simulation=0.000][COMBAT][MINION_DEATH][Red][attacker=Blue]
[wall=1789911747][simulation=0.000][COMBAT][MINION_DEATH][Red][attacker=Blue]
[wall=1789911747][simulation=0.000][COMBAT][MINION_DEATH][Red][attacker=Blue]
[wall=1789911747][simulation=0.000][COMBAT][MINION_DEATH][Red][attacker=Blue]
[wall=1789911747][simulation=0.000][COMBAT][MINION_DEATH][Red][attacker=Blue]
[wall=1789911747][simulation=0.000][COMBAT][MINION_DEATH][Red][attacker=Blue]
[wall=1789911747][simulation=0.000][COMBAT][MINION_DEATH][Red][attacker=Blue]
[wall=1789911747][simulation=0.000][COMBAT][MINION_DEATH][Red][attacker=Blue]
[wall=1789911747][simulation=0.000][COMBAT][MINION_DEATH][Red][attacker=Blue]
[wall=1789911747][simulation=0.000][COMBAT][MINION_DEATH][Red][attacker=Blue]
[wall=1789911747][simulation=0.000][COMBAT][MINION_DEATH][Red][attacker=Blue]
[wall=1789911747][simulation=0.000][COMBAT][MINION_DEATH][Red][attacker=Blue]
[wall=1789911747][simulation=0.000][COMBAT][MINION_DEATH][Red][attacker=Blue]
[wall=1789911747][simulation=0.000][COMBAT][MINION_DEATH][Red][attacker=Blue]
[wall=1789911747][simulation=0.000][COMBAT][MINION_DEATH][Red][attacker=Blue]
[wall=1789911747][simulation=0.000][COMBAT][MINION_DEATH][Red][attacker=Blue]
[wall=1789911747][simulation=0.000][COMBAT][MINION_DEATH][Red][attacker=Blue]
[wall=1789911747][simulation=0.000][COMBAT][MINION_DEATH][Red][attacker=Blue]
[wall=1789911747][simulation=0.000][COMBAT][MINION_DEATH][Red][attacker=Blue]
[wall=1789911747][simulation=0.000][COMBAT][MINION_DEATH][Red][attacker=Blue]
[wall=1789911747][simulation=0.000][COMBAT][MINION_DEATH][Red][attacker=Blue]
[wall=1789911747][simulation=0.000][COMBAT][MINION_DEATH][Red][attacker=Blue]
[wall=1789911747][simulation=0.000][COMBAT][MINION_DEATH][Red][attacker=Blue]
[wall=1789911747][simulation=0.000][COMBAT][MINION_DEATH][Red][attacker=Blue]
[wall=1789911747][simulation=0.000][COMBAT][MINION_DEATH][Red][attacker=Blue]
[wall=1789911747][simulation=0.000][COMBAT][MINION_DEATH][Red][attacker=Blue]
[wall=1789911747][simulation=0.000][COMBAT][MINION_DEATH][Red][attacker=Blue]
[wall=1789911747][simulation=0.000][COMBAT][MINION_DEATH][Red][attacker=Blue]
[wall=1789911747][simulation=0.000][COMBAT][MINION_DEATH][Red][attacker=Blue]
[wall=1789911747][simulation=0.000][COMBAT][MINION_DEATH][Red][attacker=Blue]
[wall=1789911747][simulation=0.000][COMBAT][MINION_DEATH][Red][attacker=Blue]
[wall=1789911747][simulation=0.000][COMBAT][MINION_DEATH][Red][attacker=Blue]
[wall=1789911747][simulation=0.000][COMBAT][MINION_DEATH][Red][attacker=Blue]
[wall=1789911747][simulation=0.000][COMBAT][MINION_DEATH][Red][attacker=Blue]
[wall=1789911747][simulation=0.000][COMBAT][MINION_DEATH][Red][attacker=Blue]
[wall=1789911747][simulation=0.000][COMBAT][MINION_DEATH][Red][attacker=Blue]
[wall=1789911747][simulation=0.000][COMBAT][MINION_DEATH][Red][attacker=Blue]
[wall=1789911747][simulation=0.000][COMBAT][MINION_DEATH][Red][attacker=Blue]
[wall=1789911747][simulation=0.000][COMBAT][MINION_DEATH][Red][attacker=Blue]
[wall=1789911747][simulation=0.000][COMBAT][MINION_DEATH][Red][attacker=Blue]
[wall=1789911747][simulation=0.000][COMBAT][MINION_DEATH][Red][attacker=Blue]
[wall=1789911747][simulation=0.000][COMBAT][MINION_DEATH][Red][attacker=Blue]
[wall=1789911747][simulation=0.000][COMBAT][MINION_DEATH][Red][attacker=Blue]
[wall=1789911747][simulation=0.000][COMBAT][MINION_DEATH][Red][attacker=Blue]
[wall=1789911747][simulation=0.000][COMBAT][MINION_DEATH][Red][attacker=Blue]
[wall=1789911747][simulation=0.000][COMBAT][MINION_DEATH][Red][attacker=Blue]
[wall=1789911747][simulation=0.000][COMBAT][MINION_DEATH][Red][attacker=Blue]
[wall=1789911747][simulation=0.000][COMBAT][MINION_DEATH][Red][attacker=Blue]
[wall=1789911747][simulation=0.000][COMBAT][MINION_DEATH][Red][attacker=Blue]
[wall=1789911747][simulation=0.000][COMBAT][MINION_DEATH][Red][attacker=Blue]
[wall=1789911747][simulation=0.000][MATCH][MINION_WAVE][GameWorld][count_per_team=3]
[wall=1789911747][simulation=0.000][MATCH][START][GameWorld][seed=0xE4511E]
[wall=1789911747][simulation=0.010][COMBAT][PROJECTILE_SPAWN][Blue][kind=Basic]
[wall=1789911747][simulation=0.010][MATCH][PAUSE][GameWorld][]
[wall=1789911747][simulation=0.010][MATCH][RESUME][GameWorld][]
[wall=1789911747][simulation=0.010][MATCH][BASE_DESTROYED][Red][]
[wall=1789911747][simulation=0.020][MATCH][END][GameWorld][Victory]
[wall=1789911747][simulation=0.000][MATCH][MINION_WAVE][GameWorld][count_per_team=3]
[wall=1789911747][simulation=0.000][MATCH][START][GameWorld][seed=0xE4511E]
[wall=1789911747][simulation=0.010][COMBAT][PROJECTILE_SPAWN][Blue][kind=Basic]
[wall=1789911747][simulation=0.000][MATCH][MINION_WAVE][GameWorld][count_per_team=3]
[wall=1789911747][simulation=0.000][MATCH][START][GameWorld][seed=0xE4511E]
[wall=1789911747][simulation=0.010][COMBAT][PROJECTILE_SPAWN][Blue][kind=Basic]
[wall=1789911747][simulation=0.010][COMBAT][PROJECTILE_SPAWN][Blue][kind=Ultimate]
[wall=1789911747][simulation=0.010][COMBAT][PROJECTILE_SPAWN][Red][kind=Ultimate]
[wall=1789911747][simulation=0.000][MATCH][MINION_WAVE][GameWorld][count_per_team=3]
[wall=1789911747][simulation=0.000][MATCH][START][GameWorld][seed=0xE4511E]
[wall=1789911747][simulation=0.000][COMBAT][HERO_DEATH][PlayerHero][attacker=Red]
[wall=1789911747][simulation=5.000][COMBAT][HERO_RESPAWN][PlayerHero][]
[wall=1789911747][simulation=5.000][COMBAT][HERO_RESPAWN][BotHero][]
[wall=1789911747][simulation=0.000][MATCH][MINION_WAVE][GameWorld][count_per_team=3]
[wall=1789911747][simulation=0.000][MATCH][START][GameWorld][seed=0xE4511E]
[wall=1789911747][simulation=0.000][MATCH][BASE_DESTROYED][Blue][]
[wall=1789911747][simulation=0.010][MATCH][BASE_DESTROYED][Red][]
[wall=1789911747][simulation=0.010][MATCH][END][GameWorld][Draw]
[wall=1789911747][simulation=0.000][MATCH][MINION_WAVE][GameWorld][count_per_team=3]
[wall=1789911747][simulation=0.000][MATCH][START][GameWorld][seed=0xE4511E]
[wall=1789911747][simulation=0.000][MATCH][BASE_DESTROYED][Blue][]
[wall=1789911747][simulation=0.011][MATCH][BASE_DESTROYED][Red][]
[wall=1789911747][simulation=0.011][MATCH][END][GameWorld][Defeat]
[wall=1789911747][simulation=0.000][MATCH][MINION_WAVE][GameWorld][count_per_team=3]
[wall=1789911747][simulation=0.000][MATCH][START][GameWorld][seed=0xE4511E]
[wall=1789911747][simulation=0.000][MATCH][MINION_WAVE][GameWorld][count_per_team=3]
[wall=1789911747][simulation=0.000][MATCH][START][GameWorld][seed=0xE4511E]
[wall=1789911747][simulation=0.010][COMBAT][PROJECTILE_SPAWN][Blue][kind=Basic]
[wall=1789911747][simulation=0.120][MATCH][BASE_DESTROYED][Red][]
[wall=1789911747][simulation=0.130][MATCH][END][GameWorld][Victory]
[wall=1789911747][simulation=0.000][MATCH][MINION_WAVE][GameWorld][count_per_team=3]
[wall=1789911747][simulation=0.000][MATCH][START][GameWorld][seed=0xE4511E]
[wall=1789911747][simulation=0.000][MATCH][MINION_WAVE][GameWorld][count_per_team=3]
[wall=1789911747][simulation=0.000][MATCH][START][GameWorld][seed=0xE4511E]
[wall=1789911747][simulation=0.010][COMBAT][PROJECTILE_SPAWN][Blue][kind=Basic]
[wall=1789911747][simulation=0.120][MATCH][BASE_DESTROYED][Red][]
[wall=1789911747][simulation=0.130][MATCH][END][GameWorld][Victory]
[wall=1789911747][simulation=0.000][MATCH][MINION_WAVE][GameWorld][count_per_team=3]
[wall=1789911747][simulation=0.000][MATCH][START][GameWorld][seed=0xE4511E]
[wall=1789911747][simulation=0.000][MATCH][MINION_WAVE][GameWorld][count_per_team=3]
[wall=1789911747][simulation=0.000][MATCH][START][GameWorld][seed=0xE4511E]
[wall=1789911747][simulation=0.010][COMBAT][PROJECTILE_SPAWN][Blue][kind=Basic]
[wall=1789911747][simulation=0.120][MATCH][BASE_DESTROYED][Red][]
[wall=1789911747][simulation=0.130][MATCH][END][GameWorld][Victory]
[wall=1789911747][simulation=0.000][MATCH][MINION_WAVE][GameWorld][count_per_team=3]
[wall=1789911747][simulation=0.000][MATCH][START][GameWorld][seed=0xE4511E]
[wall=1789911747][simulation=0.000][MATCH][MINION_WAVE][GameWorld][count_per_team=3]
[wall=1789911747][simulation=0.000][MATCH][START][GameWorld][seed=0xE4511E]
[wall=1789911747][simulation=0.010][COMBAT][PROJECTILE_SPAWN][Blue][kind=Basic]
[wall=1789911747][simulation=0.120][MATCH][BASE_DESTROYED][Red][]
[wall=1789911747][simulation=0.130][MATCH][END][GameWorld][Victory]
[wall=1789911747][simulation=0.000][MATCH][MINION_WAVE][GameWorld][count_per_team=3]
[wall=1789911747][simulation=0.000][MATCH][START][GameWorld][seed=0xE4511E]
[wall=1789911747][simulation=0.000][MATCH][MINION_WAVE][GameWorld][count_per_team=3]
[wall=1789911747][simulation=0.000][MATCH][START][GameWorld][seed=0xE4511E]
[wall=1789911747][simulation=0.010][COMBAT][PROJECTILE_SPAWN][Blue][kind=Basic]
[wall=1789911747][simulation=0.120][MATCH][BASE_DESTROYED][Red][]
[wall=1789911747][simulation=0.130][MATCH][END][GameWorld][Victory]
[wall=1789911747][simulation=0.000][MATCH][MINION_WAVE][GameWorld][count_per_team=3]
[wall=1789911747][simulation=0.000][MATCH][START][GameWorld][seed=0xE4511E]
[wall=1789911747][simulation=0.000][MATCH][MINION_WAVE][GameWorld][count_per_team=3]
[wall=1789911747][simulation=0.000][MATCH][START][GameWorld][seed=0xE4511E]
[wall=1789911747][simulation=0.010][COMBAT][PROJECTILE_SPAWN][Blue][kind=Basic]
[wall=1789911747][simulation=0.120][MATCH][BASE_DESTROYED][Red][]
[wall=1789911747][simulation=0.130][MATCH][END][GameWorld][Victory]
[wall=1789911747][simulation=0.000][MATCH][MINION_WAVE][GameWorld][count_per_team=3]
[wall=1789911747][simulation=0.000][MATCH][START][GameWorld][seed=0xE4511E]
[wall=1789911747][simulation=0.000][MATCH][MINION_WAVE][GameWorld][count_per_team=3]
[wall=1789911747][simulation=0.000][MATCH][START][GameWorld][seed=0xE4511E]
[wall=1789911747][simulation=0.010][COMBAT][PROJECTILE_SPAWN][Blue][kind=Basic]
[wall=1789911747][simulation=0.120][MATCH][BASE_DESTROYED][Red][]
[wall=1789911747][simulation=0.130][MATCH][END][GameWorld][Victory]
[wall=1789911747][simulation=0.000][MATCH][MINION_WAVE][GameWorld][count_per_team=3]
[wall=1789911747][simulation=0.000][MATCH][START][GameWorld][seed=0xE4511E]
[wall=1789911747][simulation=0.000][MATCH][MINION_WAVE][GameWorld][count_per_team=3]
[wall=1789911747][simulation=0.000][MATCH][START][GameWorld][seed=0xE4511E]
[wall=1789911747][simulation=0.010][COMBAT][PROJECTILE_SPAWN][Blue][kind=Basic]
[wall=1789911747][simulation=0.120][MATCH][BASE_DESTROYED][Red][]
[wall=1789911747][simulation=0.130][MATCH][END][GameWorld][Victory]
[wall=1789911747][simulation=0.000][MATCH][MINION_WAVE][GameWorld][count_per_team=3]
[wall=1789911747][simulation=0.000][MATCH][START][GameWorld][seed=0xE4511E]
[wall=1789911747][simulation=0.000][MATCH][MINION_WAVE][GameWorld][count_per_team=3]
[wall=1789911747][simulation=0.000][MATCH][START][GameWorld][seed=0xE4511E]
[wall=1789911747][simulation=0.010][COMBAT][PROJECTILE_SPAWN][Blue][kind=Basic]
[wall=1789911747][simulation=0.120][MATCH][BASE_DESTROYED][Red][]
[wall=1789911747][simulation=0.130][MATCH][END][GameWorld][Victory]
[wall=1789911747][simulation=0.000][MATCH][MINION_WAVE][GameWorld][count_per_team=3]
[wall=1789911747][simulation=0.000][MATCH][START][GameWorld][seed=0xE4511E]
[wall=1789911747][simulation=0.000][MATCH][MINION_WAVE][GameWorld][count_per_team=3]
[wall=1789911747][simulation=0.000][MATCH][START][GameWorld][seed=0xE4511E]
[wall=1789911747][simulation=0.010][COMBAT][PROJECTILE_SPAWN][Blue][kind=Basic]
[wall=1789911747][simulation=0.120][MATCH][BASE_DESTROYED][Red][]
[wall=1789911747][simulation=0.130][MATCH][END][GameWorld][Victory]
[wall=1789911747][simulation=0.000][MATCH][MINION_WAVE][GameWorld][count_per_team=3]
[wall=1789911747][simulation=0.000][MATCH][START][GameWorld][seed=0xE4511E]
[wall=1789911769][simulation=0.000][MATCH][MINION_WAVE][GameWorld][count_per_team=3]
[wall=1789911769][simulation=0.000][MATCH][START][GameWorld][seed=0xE4511E]
[wall=1789911769][simulation=0.000][MATCH][MINION_WAVE][GameWorld][count_per_team=3]
[wall=1789911769][simulation=0.000][MATCH][START][GameWorld][seed=0xE4511E]
[wall=1789911769][simulation=0.010][COMBAT][PROJECTILE_SPAWN][Blue][kind=Basic]
[wall=1789911769][simulation=0.010][COMBAT][PROJECTILE_SPAWN][Blue][kind=Ultimate]
[wall=1789911769][simulation=0.000][MATCH][MINION_WAVE][GameWorld][count_per_team=3]
[wall=1789911769][simulation=0.000][MATCH][START][GameWorld][seed=0xE4511E]
[wall=1789911769][simulation=0.100][COMBAT][PROJECTILE_SPAWN][Red][kind=Basic]
[wall=1789911769][simulation=0.100][COMBAT][PROJECTILE_SPAWN][Red][kind=Ultimate]
[wall=1789911769][simulation=0.000][MATCH][MINION_WAVE][GameWorld][count_per_team=3]
[wall=1789911769][simulation=0.000][MATCH][START][GameWorld][seed=0xE4511E]
[wall=1789911769][simulation=0.000][MATCH][TOWER_DESTROYED][Red][]
[wall=1789911769][simulation=0.780][COMBAT][PROJECTILE_SPAWN][Red][kind=Ultimate]
[wall=1789911769][simulation=1.300][COMBAT][MINION_DEATH][Blue][attacker=Red]
[wall=1789911769][simulation=1.690][COMBAT][PROJECTILE_SPAWN][Red][kind=Basic]
[wall=1789911769][simulation=10.780][COMBAT][PROJECTILE_SPAWN][Red][kind=Ultimate]
[wall=1789911769][simulation=11.690][COMBAT][PROJECTILE_SPAWN][Red][kind=Basic]
[wall=1789911769][simulation=12.000][MATCH][MINION_WAVE][GameWorld][count_per_team=3]
[wall=1789911769][simulation=0.000][MATCH][MINION_WAVE][GameWorld][count_per_team=3]
[wall=1789911769][simulation=0.000][MATCH][START][GameWorld][seed=0xE4511E]
[wall=1789911769][simulation=0.000][MATCH][MINION_WAVE][GameWorld][count_per_team=3]
[wall=1789911769][simulation=0.000][MATCH][START][GameWorld][seed=0xE4511E]
[wall=1789911769][simulation=0.000][COMBAT][MINION_DEATH][Red][attacker=Blue]
[wall=1789911769][simulation=0.000][COMBAT][MINION_DEATH][Red][attacker=Blue]
[wall=1789911769][simulation=0.000][COMBAT][MINION_DEATH][Red][attacker=Blue]
[wall=1789911769][simulation=0.000][COMBAT][MINION_DEATH][Red][attacker=Blue]
[wall=1789911769][simulation=0.000][COMBAT][MINION_DEATH][Red][attacker=Blue]
[wall=1789911769][simulation=0.000][COMBAT][MINION_DEATH][Red][attacker=Blue]
[wall=1789911769][simulation=0.000][COMBAT][MINION_DEATH][Red][attacker=Blue]
[wall=1789911769][simulation=0.000][COMBAT][MINION_DEATH][Red][attacker=Blue]
[wall=1789911769][simulation=0.000][COMBAT][MINION_DEATH][Red][attacker=Blue]
[wall=1789911769][simulation=0.000][COMBAT][MINION_DEATH][Red][attacker=Blue]
[wall=1789911769][simulation=0.000][COMBAT][MINION_DEATH][Red][attacker=Blue]
[wall=1789911769][simulation=0.000][COMBAT][MINION_DEATH][Red][attacker=Blue]
[wall=1789911769][simulation=0.000][COMBAT][MINION_DEATH][Red][attacker=Blue]
[wall=1789911769][simulation=0.000][COMBAT][MINION_DEATH][Red][attacker=Blue]
[wall=1789911769][simulation=0.000][COMBAT][MINION_DEATH][Red][attacker=Blue]
[wall=1789911769][simulation=0.000][COMBAT][MINION_DEATH][Red][attacker=Blue]
[wall=1789911769][simulation=0.000][COMBAT][MINION_DEATH][Red][attacker=Blue]
[wall=1789911769][simulation=0.000][COMBAT][MINION_DEATH][Red][attacker=Blue]
[wall=1789911769][simulation=0.000][COMBAT][MINION_DEATH][Red][attacker=Blue]
[wall=1789911769][simulation=0.000][COMBAT][MINION_DEATH][Red][attacker=Blue]
[wall=1789911769][simulation=0.000][COMBAT][MINION_DEATH][Red][attacker=Blue]
[wall=1789911769][simulation=0.000][COMBAT][MINION_DEATH][Red][attacker=Blue]
[wall=1789911769][simulation=0.000][COMBAT][MINION_DEATH][Red][attacker=Blue]
[wall=1789911769][simulation=0.000][COMBAT][MINION_DEATH][Red][attacker=Blue]
[wall=1789911769][simulation=0.000][COMBAT][MINION_DEATH][Red][attacker=Blue]
[wall=1789911769][simulation=0.000][COMBAT][MINION_DEATH][Red][attacker=Blue]
[wall=1789911769][simulation=0.000][COMBAT][MINION_DEATH][Red][attacker=Blue]
[wall=1789911769][simulation=0.000][COMBAT][MINION_DEATH][Red][attacker=Blue]
[wall=1789911769][simulation=0.000][COMBAT][MINION_DEATH][Red][attacker=Blue]
[wall=1789911769][simulation=0.000][COMBAT][MINION_DEATH][Red][attacker=Blue]
[wall=1789911769][simulation=0.000][COMBAT][MINION_DEATH][Red][attacker=Blue]
[wall=1789911769][simulation=0.000][COMBAT][MINION_DEATH][Red][attacker=Blue]
[wall=1789911769][simulation=0.000][COMBAT][MINION_DEATH][Red][attacker=Blue]
[wall=1789911769][simulation=0.000][COMBAT][MINION_DEATH][Red][attacker=Blue]
[wall=1789911769][simulation=0.000][COMBAT][MINION_DEATH][Red][attacker=Blue]
[wall=1789911769][simulation=0.000][COMBAT][MINION_DEATH][Red][attacker=Blue]
[wall=1789911769][simulation=0.000][COMBAT][MINION_DEATH][Red][attacker=Blue]
[wall=1789911769][simulation=0.000][COMBAT][MINION_DEATH][Red][attacker=Blue]
[wall=1789911769][simulation=0.000][COMBAT][MINION_DEATH][Red][attacker=Blue]
[wall=1789911769][simulation=0.000][COMBAT][MINION_DEATH][Red][attacker=Blue]
[wall=1789911769][simulation=0.000][COMBAT][MINION_DEATH][Red][attacker=Blue]
[wall=1789911769][simulation=0.000][COMBAT][MINION_DEATH][Red][attacker=Blue]
[wall=1789911769][simulation=0.000][COMBAT][MINION_DEATH][Red][attacker=Blue]
[wall=1789911769][simulation=0.000][COMBAT][MINION_DEATH][Red][attacker=Blue]
[wall=1789911769][simulation=0.000][COMBAT][MINION_DEATH][Red][attacker=Blue]
[wall=1789911769][simulation=0.000][COMBAT][MINION_DEATH][Red][attacker=Blue]
[wall=1789911769][simulation=0.000][COMBAT][MINION_DEATH][Red][attacker=Blue]
[wall=1789911769][simulation=0.000][COMBAT][MINION_DEATH][Red][attacker=Blue]
[wall=1789911769][simulation=0.000][COMBAT][MINION_DEATH][Red][attacker=Blue]
[wall=1789911769][simulation=0.000][COMBAT][MINION_DEATH][Red][attacker=Blue]
[wall=1789911769][simulation=0.000][MATCH][MINION_WAVE][GameWorld][count_per_team=3]
[wall=1789911769][simulation=0.000][MATCH][START][GameWorld][seed=0xE4511E]
[wall=1789911769][simulation=0.010][COMBAT][PROJECTILE_SPAWN][Blue][kind=Basic]
[wall=1789911769][simulation=0.010][MATCH][PAUSE][GameWorld][]
[wall=1789911769][simulation=0.010][MATCH][RESUME][GameWorld][]
[wall=1789911769][simulation=0.010][MATCH][BASE_DESTROYED][Red][]
[wall=1789911769][simulation=0.020][MATCH][END][GameWorld][Victory]
[wall=1789911769][simulation=0.000][MATCH][MINION_WAVE][GameWorld][count_per_team=3]
[wall=1789911769][simulation=0.000][MATCH][START][GameWorld][seed=0xE4511E]
[wall=1789911769][simulation=0.010][COMBAT][PROJECTILE_SPAWN][Blue][kind=Basic]
[wall=1789911769][simulation=0.000][MATCH][MINION_WAVE][GameWorld][count_per_team=3]
[wall=1789911769][simulation=0.000][MATCH][START][GameWorld][seed=0xE4511E]
[wall=1789911769][simulation=0.010][COMBAT][PROJECTILE_SPAWN][Blue][kind=Basic]
[wall=1789911769][simulation=0.010][COMBAT][PROJECTILE_SPAWN][Blue][kind=Ultimate]
[wall=1789911769][simulation=0.010][COMBAT][PROJECTILE_SPAWN][Red][kind=Ultimate]
[wall=1789911769][simulation=0.000][MATCH][MINION_WAVE][GameWorld][count_per_team=3]
[wall=1789911769][simulation=0.000][MATCH][START][GameWorld][seed=0xE4511E]
[wall=1789911769][simulation=0.000][COMBAT][HERO_DEATH][PlayerHero][attacker=Red]
[wall=1789911769][simulation=5.000][COMBAT][HERO_RESPAWN][PlayerHero][]
[wall=1789911769][simulation=5.000][COMBAT][HERO_RESPAWN][BotHero][]
[wall=1789911769][simulation=0.000][MATCH][MINION_WAVE][GameWorld][count_per_team=3]
[wall=1789911769][simulation=0.000][MATCH][START][GameWorld][seed=0xE4511E]
[wall=1789911769][simulation=0.000][MATCH][BASE_DESTROYED][Blue][]
[wall=1789911769][simulation=0.010][MATCH][BASE_DESTROYED][Red][]
[wall=1789911769][simulation=0.010][MATCH][END][GameWorld][Draw]
[wall=1789911769][simulation=0.000][MATCH][MINION_WAVE][GameWorld][count_per_team=3]
[wall=1789911769][simulation=0.000][MATCH][START][GameWorld][seed=0xE4511E]
[wall=1789911769][simulation=0.000][MATCH][BASE_DESTROYED][Blue][]
[wall=1789911769][simulation=0.011][MATCH][BASE_DESTROYED][Red][]
[wall=1789911769][simulation=0.011][MATCH][END][GameWorld][Defeat]
[wall=1789911769][simulation=0.000][MATCH][MINION_WAVE][GameWorld][count_per_team=3]
[wall=1789911769][simulation=0.000][MATCH][START][GameWorld][seed=0xE4511E]
[wall=1789911769][simulation=0.000][MATCH][MINION_WAVE][GameWorld][count_per_team=3]
[wall=1789911769][simulation=0.000][MATCH][START][GameWorld][seed=0xE4511E]
[wall=1789911769][simulation=0.010][COMBAT][PROJECTILE_SPAWN][Blue][kind=Basic]
[wall=1789911769][simulation=0.120][MATCH][BASE_DESTROYED][Red][]
[wall=1789911769][simulation=0.130][MATCH][END][GameWorld][Victory]
[wall=1789911769][simulation=0.000][MATCH][MINION_WAVE][GameWorld][count_per_team=3]
[wall=1789911769][simulation=0.000][MATCH][START][GameWorld][seed=0xE4511E]
[wall=1789911769][simulation=0.000][MATCH][MINION_WAVE][GameWorld][count_per_team=3]
[wall=1789911769][simulation=0.000][MATCH][START][GameWorld][seed=0xE4511E]
[wall=1789911769][simulation=0.010][COMBAT][PROJECTILE_SPAWN][Blue][kind=Basic]
[wall=1789911769][simulation=0.120][MATCH][BASE_DESTROYED][Red][]
[wall=1789911769][simulation=0.130][MATCH][END][GameWorld][Victory]
[wall=1789911769][simulation=0.000][MATCH][MINION_WAVE][GameWorld][count_per_team=3]
[wall=1789911769][simulation=0.000][MATCH][START][GameWorld][seed=0xE4511E]
[wall=1789911769][simulation=0.000][MATCH][MINION_WAVE][GameWorld][count_per_team=3]
[wall=1789911769][simulation=0.000][MATCH][START][GameWorld][seed=0xE4511E]
[wall=1789911769][simulation=0.010][COMBAT][PROJECTILE_SPAWN][Blue][kind=Basic]
[wall=1789911769][simulation=0.120][MATCH][BASE_DESTROYED][Red][]
[wall=1789911769][simulation=0.130][MATCH][END][GameWorld][Victory]
[wall=1789911769][simulation=0.000][MATCH][MINION_WAVE][GameWorld][count_per_team=3]
[wall=1789911769][simulation=0.000][MATCH][START][GameWorld][seed=0xE4511E]
[wall=1789911769][simulation=0.000][MATCH][MINION_WAVE][GameWorld][count_per_team=3]
[wall=1789911769][simulation=0.000][MATCH][START][GameWorld][seed=0xE4511E]
[wall=1789911769][simulation=0.010][COMBAT][PROJECTILE_SPAWN][Blue][kind=Basic]
[wall=1789911769][simulation=0.120][MATCH][BASE_DESTROYED][Red][]
[wall=1789911769][simulation=0.130][MATCH][END][GameWorld][Victory]
[wall=1789911769][simulation=0.000][MATCH][MINION_WAVE][GameWorld][count_per_team=3]
[wall=1789911769][simulation=0.000][MATCH][START][GameWorld][seed=0xE4511E]
[wall=1789911769][simulation=0.000][MATCH][MINION_WAVE][GameWorld][count_per_team=3]
[wall=1789911769][simulation=0.000][MATCH][START][GameWorld][seed=0xE4511E]
[wall=1789911769][simulation=0.010][COMBAT][PROJECTILE_SPAWN][Blue][kind=Basic]
[wall=1789911769][simulation=0.120][MATCH][BASE_DESTROYED][Red][]
[wall=1789911769][simulation=0.130][MATCH][END][GameWorld][Victory]
[wall=1789911769][simulation=0.000][MATCH][MINION_WAVE][GameWorld][count_per_team=3]
[wall=1789911769][simulation=0.000][MATCH][START][GameWorld][seed=0xE4511E]
[wall=1789911769][simulation=0.000][MATCH][MINION_WAVE][GameWorld][count_per_team=3]
[wall=1789911769][simulation=0.000][MATCH][START][GameWorld][seed=0xE4511E]
[wall=1789911769][simulation=0.010][COMBAT][PROJECTILE_SPAWN][Blue][kind=Basic]
[wall=1789911769][simulation=0.120][MATCH][BASE_DESTROYED][Red][]
[wall=1789911769][simulation=0.130][MATCH][END][GameWorld][Victory]
[wall=1789911769][simulation=0.000][MATCH][MINION_WAVE][GameWorld][count_per_team=3]
[wall=1789911769][simulation=0.000][MATCH][START][GameWorld][seed=0xE4511E]
[wall=1789911769][simulation=0.000][MATCH][MINION_WAVE][GameWorld][count_per_team=3]
[wall=1789911769][simulation=0.000][MATCH][START][GameWorld][seed=0xE4511E]
[wall=1789911769][simulation=0.010][COMBAT][PROJECTILE_SPAWN][Blue][kind=Basic]
[wall=1789911769][simulation=0.120][MATCH][BASE_DESTROYED][Red][]
[wall=1789911769][simulation=0.130][MATCH][END][GameWorld][Victory]
[wall=1789911769][simulation=0.000][MATCH][MINION_WAVE][GameWorld][count_per_team=3]
[wall=1789911769][simulation=0.000][MATCH][START][GameWorld][seed=0xE4511E]
[wall=1789911769][simulation=0.000][MATCH][MINION_WAVE][GameWorld][count_per_team=3]
[wall=1789911769][simulation=0.000][MATCH][START][GameWorld][seed=0xE4511E]
[wall=1789911769][simulation=0.010][COMBAT][PROJECTILE_SPAWN][Blue][kind=Basic]
[wall=1789911769][simulation=0.120][MATCH][BASE_DESTROYED][Red][]
[wall=1789911769][simulation=0.130][MATCH][END][GameWorld][Victory]
[wall=1789911769][simulation=0.000][MATCH][MINION_WAVE][GameWorld][count_per_team=3]
[wall=1789911769][simulation=0.000][MATCH][START][GameWorld][seed=0xE4511E]
[wall=1789911769][simulation=0.000][MATCH][MINION_WAVE][GameWorld][count_per_team=3]
[wall=1789911769][simulation=0.000][MATCH][START][GameWorld][seed=0xE4511E]
[wall=1789911769][simulation=0.010][COMBAT][PROJECTILE_SPAWN][Blue][kind=Basic]
[wall=1789911769][simulation=0.120][MATCH][BASE_DESTROYED][Red][]
[wall=1789911769][simulation=0.130][MATCH][END][GameWorld][Victory]
[wall=1789911769][simulation=0.000][MATCH][MINION_WAVE][GameWorld][count_per_team=3]
[wall=1789911769][simulation=0.000][MATCH][START][GameWorld][seed=0xE4511E]
[wall=1789911769][simulation=0.000][MATCH][MINION_WAVE][GameWorld][count_per_team=3]
[wall=1789911769][simulation=0.000][MATCH][START][GameWorld][seed=0xE4511E]
[wall=1789911769][simulation=0.010][COMBAT][PROJECTILE_SPAWN][Blue][kind=Basic]
[wall=1789911769][simulation=0.120][MATCH][BASE_DESTROYED][Red][]
[wall=1789911769][simulation=0.130][MATCH][END][GameWorld][Victory]
[wall=1789911769][simulation=0.000][MATCH][MINION_WAVE][GameWorld][count_per_team=3]
[wall=1789911769][simulation=0.000][MATCH][START][GameWorld][seed=0xE4511E]
[wall=1789911859][simulation=0.000][MATCH][MINION_WAVE][GameWorld][count_per_team=3]
[wall=1789911859][simulation=0.000][MATCH][START][GameWorld][seed=0xE4511E]
[wall=1789911859][simulation=0.000][MATCH][MINION_WAVE][GameWorld][count_per_team=3]
[wall=1789911859][simulation=0.000][MATCH][START][GameWorld][seed=0xE4511E]
[wall=1789911859][simulation=0.010][COMBAT][PROJECTILE_SPAWN][Blue][kind=Basic]
[wall=1789911859][simulation=0.010][COMBAT][PROJECTILE_SPAWN][Blue][kind=Ultimate]
[wall=1789911859][simulation=0.000][MATCH][MINION_WAVE][GameWorld][count_per_team=3]
[wall=1789911859][simulation=0.000][MATCH][START][GameWorld][seed=0xE4511E]
[wall=1789911859][simulation=0.100][COMBAT][PROJECTILE_SPAWN][Red][kind=Basic]
[wall=1789911859][simulation=0.100][COMBAT][PROJECTILE_SPAWN][Red][kind=Ultimate]
[wall=1789911859][simulation=0.000][MATCH][MINION_WAVE][GameWorld][count_per_team=3]
[wall=1789911859][simulation=0.000][MATCH][START][GameWorld][seed=0xE4511E]
[wall=1789911859][simulation=0.000][MATCH][TOWER_DESTROYED][Red][]
[wall=1789911859][simulation=0.780][COMBAT][PROJECTILE_SPAWN][Red][kind=Ultimate]
[wall=1789911859][simulation=1.300][COMBAT][MINION_DEATH][Blue][attacker=Red]
[wall=1789911859][simulation=1.690][COMBAT][PROJECTILE_SPAWN][Red][kind=Basic]
[wall=1789911859][simulation=10.780][COMBAT][PROJECTILE_SPAWN][Red][kind=Ultimate]
[wall=1789911859][simulation=11.690][COMBAT][PROJECTILE_SPAWN][Red][kind=Basic]
[wall=1789911859][simulation=12.000][MATCH][MINION_WAVE][GameWorld][count_per_team=3]
[wall=1789911859][simulation=0.000][MATCH][MINION_WAVE][GameWorld][count_per_team=3]
[wall=1789911859][simulation=0.000][MATCH][START][GameWorld][seed=0xE4511E]
[wall=1789911859][simulation=0.000][MATCH][MINION_WAVE][GameWorld][count_per_team=3]
[wall=1789911859][simulation=0.000][MATCH][START][GameWorld][seed=0xE4511E]
[wall=1789911859][simulation=0.000][COMBAT][MINION_DEATH][Red][attacker=Blue]
[wall=1789911859][simulation=0.000][COMBAT][MINION_DEATH][Red][attacker=Blue]
[wall=1789911859][simulation=0.000][COMBAT][MINION_DEATH][Red][attacker=Blue]
[wall=1789911859][simulation=0.000][COMBAT][MINION_DEATH][Red][attacker=Blue]
[wall=1789911859][simulation=0.000][COMBAT][MINION_DEATH][Red][attacker=Blue]
[wall=1789911859][simulation=0.000][COMBAT][MINION_DEATH][Red][attacker=Blue]
[wall=1789911859][simulation=0.000][COMBAT][MINION_DEATH][Red][attacker=Blue]
[wall=1789911859][simulation=0.000][COMBAT][MINION_DEATH][Red][attacker=Blue]
[wall=1789911859][simulation=0.000][COMBAT][MINION_DEATH][Red][attacker=Blue]
[wall=1789911859][simulation=0.000][COMBAT][MINION_DEATH][Red][attacker=Blue]
[wall=1789911859][simulation=0.000][COMBAT][MINION_DEATH][Red][attacker=Blue]
[wall=1789911859][simulation=0.000][COMBAT][MINION_DEATH][Red][attacker=Blue]
[wall=1789911859][simulation=0.000][COMBAT][MINION_DEATH][Red][attacker=Blue]
[wall=1789911859][simulation=0.000][COMBAT][MINION_DEATH][Red][attacker=Blue]
[wall=1789911859][simulation=0.000][COMBAT][MINION_DEATH][Red][attacker=Blue]
[wall=1789911859][simulation=0.000][COMBAT][MINION_DEATH][Red][attacker=Blue]
[wall=1789911859][simulation=0.000][COMBAT][MINION_DEATH][Red][attacker=Blue]
[wall=1789911859][simulation=0.000][COMBAT][MINION_DEATH][Red][attacker=Blue]
[wall=1789911859][simulation=0.000][COMBAT][MINION_DEATH][Red][attacker=Blue]
[wall=1789911859][simulation=0.000][COMBAT][MINION_DEATH][Red][attacker=Blue]
[wall=1789911859][simulation=0.000][COMBAT][MINION_DEATH][Red][attacker=Blue]
[wall=1789911859][simulation=0.000][COMBAT][MINION_DEATH][Red][attacker=Blue]
[wall=1789911859][simulation=0.000][COMBAT][MINION_DEATH][Red][attacker=Blue]
[wall=1789911859][simulation=0.000][COMBAT][MINION_DEATH][Red][attacker=Blue]
[wall=1789911859][simulation=0.000][COMBAT][MINION_DEATH][Red][attacker=Blue]
[wall=1789911859][simulation=0.000][COMBAT][MINION_DEATH][Red][attacker=Blue]
[wall=1789911859][simulation=0.000][COMBAT][MINION_DEATH][Red][attacker=Blue]
[wall=1789911859][simulation=0.000][COMBAT][MINION_DEATH][Red][attacker=Blue]
[wall=1789911859][simulation=0.000][COMBAT][MINION_DEATH][Red][attacker=Blue]
[wall=1789911859][simulation=0.000][COMBAT][MINION_DEATH][Red][attacker=Blue]
[wall=1789911859][simulation=0.000][COMBAT][MINION_DEATH][Red][attacker=Blue]
[wall=1789911859][simulation=0.000][COMBAT][MINION_DEATH][Red][attacker=Blue]
[wall=1789911859][simulation=0.000][COMBAT][MINION_DEATH][Red][attacker=Blue]
[wall=1789911859][simulation=0.000][COMBAT][MINION_DEATH][Red][attacker=Blue]
[wall=1789911859][simulation=0.000][COMBAT][MINION_DEATH][Red][attacker=Blue]
[wall=1789911859][simulation=0.000][COMBAT][MINION_DEATH][Red][attacker=Blue]
[wall=1789911859][simulation=0.000][COMBAT][MINION_DEATH][Red][attacker=Blue]
[wall=1789911859][simulation=0.000][COMBAT][MINION_DEATH][Red][attacker=Blue]
[wall=1789911859][simulation=0.000][COMBAT][MINION_DEATH][Red][attacker=Blue]
[wall=1789911859][simulation=0.000][COMBAT][MINION_DEATH][Red][attacker=Blue]
[wall=1789911859][simulation=0.000][COMBAT][MINION_DEATH][Red][attacker=Blue]
[wall=1789911859][simulation=0.000][COMBAT][MINION_DEATH][Red][attacker=Blue]
[wall=1789911859][simulation=0.000][COMBAT][MINION_DEATH][Red][attacker=Blue]
[wall=1789911859][simulation=0.000][COMBAT][MINION_DEATH][Red][attacker=Blue]
[wall=1789911859][simulation=0.000][COMBAT][MINION_DEATH][Red][attacker=Blue]
[wall=1789911859][simulation=0.000][COMBAT][MINION_DEATH][Red][attacker=Blue]
[wall=1789911859][simulation=0.000][COMBAT][MINION_DEATH][Red][attacker=Blue]
[wall=1789911859][simulation=0.000][COMBAT][MINION_DEATH][Red][attacker=Blue]
[wall=1789911859][simulation=0.000][COMBAT][MINION_DEATH][Red][attacker=Blue]
[wall=1789911859][simulation=0.000][COMBAT][MINION_DEATH][Red][attacker=Blue]
[wall=1789911859][simulation=0.000][MATCH][MINION_WAVE][GameWorld][count_per_team=3]
[wall=1789911859][simulation=0.000][MATCH][START][GameWorld][seed=0xE4511E]
[wall=1789911859][simulation=0.010][COMBAT][PROJECTILE_SPAWN][Blue][kind=Basic]
[wall=1789911859][simulation=0.010][MATCH][PAUSE][GameWorld][]
[wall=1789911859][simulation=0.010][MATCH][RESUME][GameWorld][]
[wall=1789911859][simulation=0.010][MATCH][BASE_DESTROYED][Red][]
[wall=1789911859][simulation=0.020][MATCH][END][GameWorld][Victory]
[wall=1789911859][simulation=0.000][MATCH][MINION_WAVE][GameWorld][count_per_team=3]
[wall=1789911859][simulation=0.000][MATCH][START][GameWorld][seed=0xE4511E]
[wall=1789911859][simulation=0.010][COMBAT][PROJECTILE_SPAWN][Blue][kind=Basic]
[wall=1789911859][simulation=0.000][MATCH][MINION_WAVE][GameWorld][count_per_team=3]
[wall=1789911859][simulation=0.000][MATCH][START][GameWorld][seed=0xE4511E]
[wall=1789911859][simulation=0.010][COMBAT][PROJECTILE_SPAWN][Blue][kind=Basic]
[wall=1789911859][simulation=0.010][COMBAT][PROJECTILE_SPAWN][Blue][kind=Ultimate]
[wall=1789911859][simulation=0.010][COMBAT][PROJECTILE_SPAWN][Red][kind=Ultimate]
[wall=1789911859][simulation=0.000][MATCH][MINION_WAVE][GameWorld][count_per_team=3]
[wall=1789911859][simulation=0.000][MATCH][START][GameWorld][seed=0xE4511E]
[wall=1789911859][simulation=0.000][COMBAT][HERO_DEATH][PlayerHero][attacker=Red]
[wall=1789911859][simulation=5.000][COMBAT][HERO_RESPAWN][PlayerHero][]
[wall=1789911859][simulation=5.000][COMBAT][HERO_RESPAWN][BotHero][]
[wall=1789911859][simulation=0.000][MATCH][MINION_WAVE][GameWorld][count_per_team=3]
[wall=1789911859][simulation=0.000][MATCH][START][GameWorld][seed=0xE4511E]
[wall=1789911859][simulation=0.000][MATCH][BASE_DESTROYED][Blue][]
[wall=1789911859][simulation=0.010][MATCH][BASE_DESTROYED][Red][]
[wall=1789911859][simulation=0.010][MATCH][END][GameWorld][Draw]
[wall=1789911859][simulation=0.000][MATCH][MINION_WAVE][GameWorld][count_per_team=3]
[wall=1789911859][simulation=0.000][MATCH][START][GameWorld][seed=0xE4511E]
[wall=1789911859][simulation=0.000][MATCH][BASE_DESTROYED][Blue][]
[wall=1789911859][simulation=0.011][MATCH][BASE_DESTROYED][Red][]
[wall=1789911859][simulation=0.011][MATCH][END][GameWorld][Defeat]
[wall=1789911859][simulation=0.000][MATCH][MINION_WAVE][GameWorld][count_per_team=3]
[wall=1789911859][simulation=0.000][MATCH][START][GameWorld][seed=0xE4511E]
[wall=1789911859][simulation=0.000][MATCH][MINION_WAVE][GameWorld][count_per_team=3]
[wall=1789911859][simulation=0.000][MATCH][START][GameWorld][seed=0xE4511E]
[wall=1789911859][simulation=0.010][COMBAT][PROJECTILE_SPAWN][Blue][kind=Basic]
[wall=1789911859][simulation=0.120][MATCH][BASE_DESTROYED][Red][]
[wall=1789911859][simulation=0.130][MATCH][END][GameWorld][Victory]
[wall=1789911859][simulation=0.000][MATCH][MINION_WAVE][GameWorld][count_per_team=3]
[wall=1789911859][simulation=0.000][MATCH][START][GameWorld][seed=0xE4511E]
[wall=1789911859][simulation=0.000][MATCH][MINION_WAVE][GameWorld][count_per_team=3]
[wall=1789911859][simulation=0.000][MATCH][START][GameWorld][seed=0xE4511E]
[wall=1789911859][simulation=0.010][COMBAT][PROJECTILE_SPAWN][Blue][kind=Basic]
[wall=1789911859][simulation=0.120][MATCH][BASE_DESTROYED][Red][]
[wall=1789911859][simulation=0.130][MATCH][END][GameWorld][Victory]
[wall=1789911859][simulation=0.000][MATCH][MINION_WAVE][GameWorld][count_per_team=3]
[wall=1789911859][simulation=0.000][MATCH][START][GameWorld][seed=0xE4511E]
[wall=1789911859][simulation=0.000][MATCH][MINION_WAVE][GameWorld][count_per_team=3]
[wall=1789911859][simulation=0.000][MATCH][START][GameWorld][seed=0xE4511E]
[wall=1789911859][simulation=0.010][COMBAT][PROJECTILE_SPAWN][Blue][kind=Basic]
[wall=1789911859][simulation=0.120][MATCH][BASE_DESTROYED][Red][]
[wall=1789911859][simulation=0.130][MATCH][END][GameWorld][Victory]
[wall=1789911859][simulation=0.000][MATCH][MINION_WAVE][GameWorld][count_per_team=3]
[wall=1789911859][simulation=0.000][MATCH][START][GameWorld][seed=0xE4511E]
[wall=1789911859][simulation=0.000][MATCH][MINION_WAVE][GameWorld][count_per_team=3]
[wall=1789911859][simulation=0.000][MATCH][START][GameWorld][seed=0xE4511E]
[wall=1789911859][simulation=0.010][COMBAT][PROJECTILE_SPAWN][Blue][kind=Basic]
[wall=1789911859][simulation=0.120][MATCH][BASE_DESTROYED][Red][]
[wall=1789911859][simulation=0.130][MATCH][END][GameWorld][Victory]
[wall=1789911859][simulation=0.000][MATCH][MINION_WAVE][GameWorld][count_per_team=3]
[wall=1789911859][simulation=0.000][MATCH][START][GameWorld][seed=0xE4511E]
[wall=1789911859][simulation=0.000][MATCH][MINION_WAVE][GameWorld][count_per_team=3]
[wall=1789911859][simulation=0.000][MATCH][START][GameWorld][seed=0xE4511E]
[wall=1789911859][simulation=0.010][COMBAT][PROJECTILE_SPAWN][Blue][kind=Basic]
[wall=1789911859][simulation=0.120][MATCH][BASE_DESTROYED][Red][]
[wall=1789911859][simulation=0.130][MATCH][END][GameWorld][Victory]
[wall=1789911859][simulation=0.000][MATCH][MINION_WAVE][GameWorld][count_per_team=3]
[wall=1789911859][simulation=0.000][MATCH][START][GameWorld][seed=0xE4511E]
[wall=1789911859][simulation=0.000][MATCH][MINION_WAVE][GameWorld][count_per_team=3]
[wall=1789911859][simulation=0.000][MATCH][START][GameWorld][seed=0xE4511E]
[wall=1789911859][simulation=0.010][COMBAT][PROJECTILE_SPAWN][Blue][kind=Basic]
[wall=1789911859][simulation=0.120][MATCH][BASE_DESTROYED][Red][]
[wall=1789911859][simulation=0.130][MATCH][END][GameWorld][Victory]
[wall=1789911859][simulation=0.000][MATCH][MINION_WAVE][GameWorld][count_per_team=3]
[wall=1789911859][simulation=0.000][MATCH][START][GameWorld][seed=0xE4511E]
[wall=1789911859][simulation=0.000][MATCH][MINION_WAVE][GameWorld][count_per_team=3]
[wall=1789911859][simulation=0.000][MATCH][START][GameWorld][seed=0xE4511E]
[wall=1789911859][simulation=0.010][COMBAT][PROJECTILE_SPAWN][Blue][kind=Basic]
[wall=1789911859][simulation=0.120][MATCH][BASE_DESTROYED][Red][]
[wall=1789911859][simulation=0.130][MATCH][END][GameWorld][Victory]
[wall=1789911859][simulation=0.000][MATCH][MINION_WAVE][GameWorld][count_per_team=3]
[wall=1789911859][simulation=0.000][MATCH][START][GameWorld][seed=0xE4511E]
[wall=1789911859][simulation=0.000][MATCH][MINION_WAVE][GameWorld][count_per_team=3]
[wall=1789911859][simulation=0.000][MATCH][START][GameWorld][seed=0xE4511E]
[wall=1789911859][simulation=0.010][COMBAT][PROJECTILE_SPAWN][Blue][kind=Basic]
[wall=1789911859][simulation=0.120][MATCH][BASE_DESTROYED][Red][]
[wall=1789911859][simulation=0.130][MATCH][END][GameWorld][Victory]
[wall=1789911859][simulation=0.000][MATCH][MINION_WAVE][GameWorld][count_per_team=3]
[wall=1789911859][simulation=0.000][MATCH][START][GameWorld][seed=0xE4511E]
[wall=1789911859][simulation=0.000][MATCH][MINION_WAVE][GameWorld][count_per_team=3]
[wall=1789911859][simulation=0.000][MATCH][START][GameWorld][seed=0xE4511E]
[wall=1789911859][simulation=0.010][COMBAT][PROJECTILE_SPAWN][Blue][kind=Basic]
[wall=1789911859][simulation=0.120][MATCH][BASE_DESTROYED][Red][]
[wall=1789911859][simulation=0.130][MATCH][END][GameWorld][Victory]
[wall=1789911859][simulation=0.000][MATCH][MINION_WAVE][GameWorld][count_per_team=3]
[wall=1789911859][simulation=0.000][MATCH][START][GameWorld][seed=0xE4511E]
[wall=1789911859][simulation=0.000][MATCH][MINION_WAVE][GameWorld][count_per_team=3]
[wall=1789911859][simulation=0.000][MATCH][START][GameWorld][seed=0xE4511E]
[wall=1789911859][simulation=0.010][COMBAT][PROJECTILE_SPAWN][Blue][kind=Basic]
[wall=1789911859][simulation=0.120][MATCH][BASE_DESTROYED][Red][]
[wall=1789911859][simulation=0.130][MATCH][END][GameWorld][Victory]
[wall=1789911859][simulation=0.000][MATCH][MINION_WAVE][GameWorld][count_per_team=3]
[wall=1789911859][simulation=0.000][MATCH][START][GameWorld][seed=0xE4511E]
[wall=1789911956][simulation=0.000][MATCH][MINION_WAVE][GameWorld][count_per_team=3]
[wall=1789911956][simulation=0.000][MATCH][START][GameWorld][seed=0xE4511E]
[wall=1789911956][simulation=0.000][MATCH][MINION_WAVE][GameWorld][count_per_team=3]
[wall=1789911956][simulation=0.000][MATCH][START][GameWorld][seed=0xE4511E]
[wall=1789911956][simulation=0.010][COMBAT][PROJECTILE_SPAWN][Blue][kind=Basic]
[wall=1789911956][simulation=0.010][COMBAT][PROJECTILE_SPAWN][Blue][kind=Ultimate]
[wall=1789911956][simulation=0.000][MATCH][MINION_WAVE][GameWorld][count_per_team=3]
[wall=1789911956][simulation=0.000][MATCH][START][GameWorld][seed=0xE4511E]
[wall=1789911956][simulation=0.100][COMBAT][PROJECTILE_SPAWN][Red][kind=Basic]
[wall=1789911956][simulation=0.100][COMBAT][PROJECTILE_SPAWN][Red][kind=Ultimate]
[wall=1789911956][simulation=0.000][MATCH][MINION_WAVE][GameWorld][count_per_team=3]
[wall=1789911956][simulation=0.000][MATCH][START][GameWorld][seed=0xE4511E]
[wall=1789911956][simulation=0.000][MATCH][TOWER_DESTROYED][Red][]
[wall=1789911956][simulation=0.780][COMBAT][PROJECTILE_SPAWN][Red][kind=Ultimate]
[wall=1789911956][simulation=1.300][COMBAT][MINION_DEATH][Blue][attacker=Red]
[wall=1789911956][simulation=1.690][COMBAT][PROJECTILE_SPAWN][Red][kind=Basic]
[wall=1789911956][simulation=10.780][COMBAT][PROJECTILE_SPAWN][Red][kind=Ultimate]
[wall=1789911956][simulation=11.690][COMBAT][PROJECTILE_SPAWN][Red][kind=Basic]
[wall=1789911956][simulation=12.000][MATCH][MINION_WAVE][GameWorld][count_per_team=3]
[wall=1789911956][simulation=0.000][MATCH][MINION_WAVE][GameWorld][count_per_team=3]
[wall=1789911956][simulation=0.000][MATCH][START][GameWorld][seed=0xE4511E]
[wall=1789911956][simulation=0.000][MATCH][MINION_WAVE][GameWorld][count_per_team=3]
[wall=1789911956][simulation=0.000][MATCH][START][GameWorld][seed=0xE4511E]
[wall=1789911956][simulation=0.000][COMBAT][MINION_DEATH][Red][attacker=Blue]
[wall=1789911956][simulation=0.000][COMBAT][MINION_DEATH][Red][attacker=Blue]
[wall=1789911956][simulation=0.000][COMBAT][MINION_DEATH][Red][attacker=Blue]
[wall=1789911956][simulation=0.000][COMBAT][MINION_DEATH][Red][attacker=Blue]
[wall=1789911956][simulation=0.000][COMBAT][MINION_DEATH][Red][attacker=Blue]
[wall=1789911956][simulation=0.000][COMBAT][MINION_DEATH][Red][attacker=Blue]
[wall=1789911956][simulation=0.000][COMBAT][MINION_DEATH][Red][attacker=Blue]
[wall=1789911956][simulation=0.000][COMBAT][MINION_DEATH][Red][attacker=Blue]
[wall=1789911956][simulation=0.000][COMBAT][MINION_DEATH][Red][attacker=Blue]
[wall=1789911956][simulation=0.000][COMBAT][MINION_DEATH][Red][attacker=Blue]
[wall=1789911956][simulation=0.000][COMBAT][MINION_DEATH][Red][attacker=Blue]
[wall=1789911956][simulation=0.000][COMBAT][MINION_DEATH][Red][attacker=Blue]
[wall=1789911956][simulation=0.000][COMBAT][MINION_DEATH][Red][attacker=Blue]
[wall=1789911956][simulation=0.000][COMBAT][MINION_DEATH][Red][attacker=Blue]
[wall=1789911956][simulation=0.000][COMBAT][MINION_DEATH][Red][attacker=Blue]
[wall=1789911956][simulation=0.000][COMBAT][MINION_DEATH][Red][attacker=Blue]
[wall=1789911956][simulation=0.000][COMBAT][MINION_DEATH][Red][attacker=Blue]
[wall=1789911956][simulation=0.000][COMBAT][MINION_DEATH][Red][attacker=Blue]
[wall=1789911956][simulation=0.000][COMBAT][MINION_DEATH][Red][attacker=Blue]
[wall=1789911956][simulation=0.000][COMBAT][MINION_DEATH][Red][attacker=Blue]
[wall=1789911956][simulation=0.000][COMBAT][MINION_DEATH][Red][attacker=Blue]
[wall=1789911956][simulation=0.000][COMBAT][MINION_DEATH][Red][attacker=Blue]
[wall=1789911956][simulation=0.000][COMBAT][MINION_DEATH][Red][attacker=Blue]
[wall=1789911956][simulation=0.000][COMBAT][MINION_DEATH][Red][attacker=Blue]
[wall=1789911956][simulation=0.000][COMBAT][MINION_DEATH][Red][attacker=Blue]
[wall=1789911956][simulation=0.000][COMBAT][MINION_DEATH][Red][attacker=Blue]
[wall=1789911956][simulation=0.000][COMBAT][MINION_DEATH][Red][attacker=Blue]
[wall=1789911956][simulation=0.000][COMBAT][MINION_DEATH][Red][attacker=Blue]
[wall=1789911956][simulation=0.000][COMBAT][MINION_DEATH][Red][attacker=Blue]
[wall=1789911956][simulation=0.000][COMBAT][MINION_DEATH][Red][attacker=Blue]
[wall=1789911956][simulation=0.000][COMBAT][MINION_DEATH][Red][attacker=Blue]
[wall=1789911956][simulation=0.000][COMBAT][MINION_DEATH][Red][attacker=Blue]
[wall=1789911956][simulation=0.000][COMBAT][MINION_DEATH][Red][attacker=Blue]
[wall=1789911956][simulation=0.000][COMBAT][MINION_DEATH][Red][attacker=Blue]
[wall=1789911956][simulation=0.000][COMBAT][MINION_DEATH][Red][attacker=Blue]
[wall=1789911956][simulation=0.000][COMBAT][MINION_DEATH][Red][attacker=Blue]
[wall=1789911956][simulation=0.000][COMBAT][MINION_DEATH][Red][attacker=Blue]
[wall=1789911956][simulation=0.000][COMBAT][MINION_DEATH][Red][attacker=Blue]
[wall=1789911956][simulation=0.000][COMBAT][MINION_DEATH][Red][attacker=Blue]
[wall=1789911956][simulation=0.000][COMBAT][MINION_DEATH][Red][attacker=Blue]
[wall=1789911956][simulation=0.000][COMBAT][MINION_DEATH][Red][attacker=Blue]
[wall=1789911956][simulation=0.000][COMBAT][MINION_DEATH][Red][attacker=Blue]
[wall=1789911956][simulation=0.000][COMBAT][MINION_DEATH][Red][attacker=Blue]
[wall=1789911956][simulation=0.000][COMBAT][MINION_DEATH][Red][attacker=Blue]
[wall=1789911956][simulation=0.000][COMBAT][MINION_DEATH][Red][attacker=Blue]
[wall=1789911956][simulation=0.000][COMBAT][MINION_DEATH][Red][attacker=Blue]
[wall=1789911956][simulation=0.000][COMBAT][MINION_DEATH][Red][attacker=Blue]
[wall=1789911956][simulation=0.000][COMBAT][MINION_DEATH][Red][attacker=Blue]
[wall=1789911956][simulation=0.000][COMBAT][MINION_DEATH][Red][attacker=Blue]
[wall=1789911956][simulation=0.000][COMBAT][MINION_DEATH][Red][attacker=Blue]
[wall=1789911956][simulation=0.000][MATCH][MINION_WAVE][GameWorld][count_per_team=3]
[wall=1789911956][simulation=0.000][MATCH][START][GameWorld][seed=0xE4511E]
[wall=1789911956][simulation=0.010][COMBAT][PROJECTILE_SPAWN][Blue][kind=Basic]
[wall=1789911956][simulation=0.010][MATCH][PAUSE][GameWorld][]
[wall=1789911956][simulation=0.010][MATCH][RESUME][GameWorld][]
[wall=1789911956][simulation=0.010][MATCH][BASE_DESTROYED][Red][]
[wall=1789911956][simulation=0.020][MATCH][END][GameWorld][Victory]
[wall=1789911956][simulation=0.000][MATCH][MINION_WAVE][GameWorld][count_per_team=3]
[wall=1789911956][simulation=0.000][MATCH][START][GameWorld][seed=0xE4511E]
[wall=1789911956][simulation=0.010][COMBAT][PROJECTILE_SPAWN][Blue][kind=Basic]
[wall=1789911956][simulation=0.000][MATCH][MINION_WAVE][GameWorld][count_per_team=3]
[wall=1789911956][simulation=0.000][MATCH][START][GameWorld][seed=0xE4511E]
[wall=1789911956][simulation=0.010][COMBAT][PROJECTILE_SPAWN][Blue][kind=Basic]
[wall=1789911956][simulation=0.010][COMBAT][PROJECTILE_SPAWN][Blue][kind=Ultimate]
[wall=1789911956][simulation=0.010][COMBAT][PROJECTILE_SPAWN][Red][kind=Ultimate]
[wall=1789911956][simulation=0.000][MATCH][MINION_WAVE][GameWorld][count_per_team=3]
[wall=1789911956][simulation=0.000][MATCH][START][GameWorld][seed=0xE4511E]
[wall=1789911956][simulation=0.000][COMBAT][HERO_DEATH][PlayerHero][attacker=Red]
[wall=1789911956][simulation=5.000][COMBAT][HERO_RESPAWN][PlayerHero][]
[wall=1789911956][simulation=5.000][COMBAT][HERO_RESPAWN][BotHero][]
[wall=1789911956][simulation=0.000][MATCH][MINION_WAVE][GameWorld][count_per_team=3]
[wall=1789911956][simulation=0.000][MATCH][START][GameWorld][seed=0xE4511E]
[wall=1789911956][simulation=0.000][MATCH][BASE_DESTROYED][Blue][]
[wall=1789911956][simulation=0.010][MATCH][BASE_DESTROYED][Red][]
[wall=1789911956][simulation=0.010][MATCH][END][GameWorld][Draw]
[wall=1789911956][simulation=0.000][MATCH][MINION_WAVE][GameWorld][count_per_team=3]
[wall=1789911956][simulation=0.000][MATCH][START][GameWorld][seed=0xE4511E]
[wall=1789911956][simulation=0.000][MATCH][BASE_DESTROYED][Blue][]
[wall=1789911956][simulation=0.011][MATCH][BASE_DESTROYED][Red][]
[wall=1789911956][simulation=0.011][MATCH][END][GameWorld][Defeat]
[wall=1789911956][simulation=0.000][MATCH][MINION_WAVE][GameWorld][count_per_team=3]
[wall=1789911956][simulation=0.000][MATCH][START][GameWorld][seed=0xE4511E]
[wall=1789911956][simulation=0.000][MATCH][MINION_WAVE][GameWorld][count_per_team=3]
[wall=1789911956][simulation=0.000][MATCH][START][GameWorld][seed=0xE4511E]
[wall=1789911956][simulation=0.010][COMBAT][PROJECTILE_SPAWN][Blue][kind=Basic]
[wall=1789911956][simulation=0.120][MATCH][BASE_DESTROYED][Red][]
[wall=1789911956][simulation=0.130][MATCH][END][GameWorld][Victory]
[wall=1789911956][simulation=0.000][MATCH][MINION_WAVE][GameWorld][count_per_team=3]
[wall=1789911956][simulation=0.000][MATCH][START][GameWorld][seed=0xE4511E]
[wall=1789911956][simulation=0.000][MATCH][MINION_WAVE][GameWorld][count_per_team=3]
[wall=1789911956][simulation=0.000][MATCH][START][GameWorld][seed=0xE4511E]
[wall=1789911956][simulation=0.010][COMBAT][PROJECTILE_SPAWN][Blue][kind=Basic]
[wall=1789911956][simulation=0.120][MATCH][BASE_DESTROYED][Red][]
[wall=1789911956][simulation=0.130][MATCH][END][GameWorld][Victory]
[wall=1789911956][simulation=0.000][MATCH][MINION_WAVE][GameWorld][count_per_team=3]
[wall=1789911956][simulation=0.000][MATCH][START][GameWorld][seed=0xE4511E]
[wall=1789911956][simulation=0.000][MATCH][MINION_WAVE][GameWorld][count_per_team=3]
[wall=1789911956][simulation=0.000][MATCH][START][GameWorld][seed=0xE4511E]
[wall=1789911956][simulation=0.010][COMBAT][PROJECTILE_SPAWN][Blue][kind=Basic]
[wall=1789911956][simulation=0.120][MATCH][BASE_DESTROYED][Red][]
[wall=1789911956][simulation=0.130][MATCH][END][GameWorld][Victory]
[wall=1789911956][simulation=0.000][MATCH][MINION_WAVE][GameWorld][count_per_team=3]
[wall=1789911956][simulation=0.000][MATCH][START][GameWorld][seed=0xE4511E]
[wall=1789911956][simulation=0.000][MATCH][MINION_WAVE][GameWorld][count_per_team=3]
[wall=1789911956][simulation=0.000][MATCH][START][GameWorld][seed=0xE4511E]
[wall=1789911956][simulation=0.010][COMBAT][PROJECTILE_SPAWN][Blue][kind=Basic]
[wall=1789911956][simulation=0.120][MATCH][BASE_DESTROYED][Red][]
[wall=1789911956][simulation=0.130][MATCH][END][GameWorld][Victory]
[wall=1789911956][simulation=0.000][MATCH][MINION_WAVE][GameWorld][count_per_team=3]
[wall=1789911956][simulation=0.000][MATCH][START][GameWorld][seed=0xE4511E]
[wall=1789911956][simulation=0.000][MATCH][MINION_WAVE][GameWorld][count_per_team=3]
[wall=1789911956][simulation=0.000][MATCH][START][GameWorld][seed=0xE4511E]
[wall=1789911956][simulation=0.010][COMBAT][PROJECTILE_SPAWN][Blue][kind=Basic]
[wall=1789911956][simulation=0.120][MATCH][BASE_DESTROYED][Red][]
[wall=1789911956][simulation=0.130][MATCH][END][GameWorld][Victory]
[wall=1789911956][simulation=0.000][MATCH][MINION_WAVE][GameWorld][count_per_team=3]
[wall=1789911956][simulation=0.000][MATCH][START][GameWorld][seed=0xE4511E]
[wall=1789911956][simulation=0.000][MATCH][MINION_WAVE][GameWorld][count_per_team=3]
[wall=1789911956][simulation=0.000][MATCH][START][GameWorld][seed=0xE4511E]
[wall=1789911956][simulation=0.010][COMBAT][PROJECTILE_SPAWN][Blue][kind=Basic]
[wall=1789911956][simulation=0.120][MATCH][BASE_DESTROYED][Red][]
[wall=1789911956][simulation=0.130][MATCH][END][GameWorld][Victory]
[wall=1789911956][simulation=0.000][MATCH][MINION_WAVE][GameWorld][count_per_team=3]
[wall=1789911956][simulation=0.000][MATCH][START][GameWorld][seed=0xE4511E]
[wall=1789911956][simulation=0.000][MATCH][MINION_WAVE][GameWorld][count_per_team=3]
[wall=1789911956][simulation=0.000][MATCH][START][GameWorld][seed=0xE4511E]
[wall=1789911956][simulation=0.010][COMBAT][PROJECTILE_SPAWN][Blue][kind=Basic]
[wall=1789911956][simulation=0.120][MATCH][BASE_DESTROYED][Red][]
[wall=1789911956][simulation=0.130][MATCH][END][GameWorld][Victory]
[wall=1789911956][simulation=0.000][MATCH][MINION_WAVE][GameWorld][count_per_team=3]
[wall=1789911956][simulation=0.000][MATCH][START][GameWorld][seed=0xE4511E]
[wall=1789911956][simulation=0.000][MATCH][MINION_WAVE][GameWorld][count_per_team=3]
[wall=1789911956][simulation=0.000][MATCH][START][GameWorld][seed=0xE4511E]
[wall=1789911956][simulation=0.010][COMBAT][PROJECTILE_SPAWN][Blue][kind=Basic]
[wall=1789911956][simulation=0.120][MATCH][BASE_DESTROYED][Red][]
[wall=1789911956][simulation=0.130][MATCH][END][GameWorld][Victory]
[wall=1789911956][simulation=0.000][MATCH][MINION_WAVE][GameWorld][count_per_team=3]
[wall=1789911956][simulation=0.000][MATCH][START][GameWorld][seed=0xE4511E]
[wall=1789911956][simulation=0.000][MATCH][MINION_WAVE][GameWorld][count_per_team=3]
[wall=1789911956][simulation=0.000][MATCH][START][GameWorld][seed=0xE4511E]
[wall=1789911956][simulation=0.010][COMBAT][PROJECTILE_SPAWN][Blue][kind=Basic]
[wall=1789911956][simulation=0.120][MATCH][BASE_DESTROYED][Red][]
[wall=1789911956][simulation=0.130][MATCH][END][GameWorld][Victory]
[wall=1789911956][simulation=0.000][MATCH][MINION_WAVE][GameWorld][count_per_team=3]
[wall=1789911956][simulation=0.000][MATCH][START][GameWorld][seed=0xE4511E]
[wall=1789911956][simulation=0.000][MATCH][MINION_WAVE][GameWorld][count_per_team=3]
[wall=1789911956][simulation=0.000][MATCH][START][GameWorld][seed=0xE4511E]
[wall=1789911956][simulation=0.010][COMBAT][PROJECTILE_SPAWN][Blue][kind=Basic]
[wall=1789911956][simulation=0.120][MATCH][BASE_DESTROYED][Red][]
[wall=1789911956][simulation=0.130][MATCH][END][GameWorld][Victory]
[wall=1789911956][simulation=0.000][MATCH][MINION_WAVE][GameWorld][count_per_team=3]
[wall=1789911956][simulation=0.000][MATCH][START][GameWorld][seed=0xE4511E]
[wall=1789911956][simulation=0.000][MATCH][MINION_WAVE][GameWorld][count_per_team=3]
[wall=1789911956][simulation=0.000][MATCH][START][GameWorld][seed=0xE4511E]
[wall=1789911956][simulation=0.120][COMBAT][PROJECTILE_SPAWN][Blue][kind=Basic]
[wall=1789911956][simulation=0.120][COMBAT][PROJECTILE_SPAWN][Blue][kind=Ultimate]
[wall=1789911956][simulation=0.120][COMBAT][PROJECTILE_SPAWN][Red][kind=Basic]
[wall=1789911956][simulation=0.120][COMBAT][PROJECTILE_SPAWN][Red][kind=Ultimate]
[wall=1789911956][simulation=0.180][COMBAT][HERO_DEATH][BotHero][attacker=Blue]
[wall=1789911956][simulation=5.180][COMBAT][HERO_RESPAWN][BotHero][]
[wall=1789911956][simulation=5.190][MATCH][TOWER_DESTROYED][Red][]
[wall=1789911956][simulation=5.200][COMBAT][PROJECTILE_SPAWN][Blue][kind=Basic]
[wall=1789911956][simulation=5.310][MATCH][BASE_DESTROYED][Red][]
[wall=1789911956][simulation=5.320][MATCH][END][GameWorld][Victory]
[wall=1789911956][simulation=0.000][MATCH][MINION_WAVE][GameWorld][count_per_team=3]
[wall=1789911956][simulation=0.000][MATCH][START][GameWorld][seed=0xE4511E]
[wall=1789911990][simulation=0.000][MATCH][MINION_WAVE][GameWorld][count_per_team=3]
[wall=1789911990][simulation=0.000][MATCH][START][GameWorld][seed=0xE4511E]
[wall=1789911990][simulation=0.000][MATCH][MINION_WAVE][GameWorld][count_per_team=3]
[wall=1789911990][simulation=0.000][MATCH][START][GameWorld][seed=0xE4511E]
[wall=1789911990][simulation=0.010][COMBAT][PROJECTILE_SPAWN][Blue][kind=Basic]
[wall=1789911990][simulation=0.010][COMBAT][PROJECTILE_SPAWN][Blue][kind=Ultimate]
[wall=1789911990][simulation=0.000][MATCH][MINION_WAVE][GameWorld][count_per_team=3]
[wall=1789911990][simulation=0.000][MATCH][START][GameWorld][seed=0xE4511E]
[wall=1789911990][simulation=0.100][COMBAT][PROJECTILE_SPAWN][Red][kind=Basic]
[wall=1789911990][simulation=0.100][COMBAT][PROJECTILE_SPAWN][Red][kind=Ultimate]
[wall=1789911990][simulation=0.000][MATCH][MINION_WAVE][GameWorld][count_per_team=3]
[wall=1789911990][simulation=0.000][MATCH][START][GameWorld][seed=0xE4511E]
[wall=1789911990][simulation=0.000][MATCH][TOWER_DESTROYED][Red][]
[wall=1789911990][simulation=0.780][COMBAT][PROJECTILE_SPAWN][Red][kind=Ultimate]
[wall=1789911990][simulation=1.300][COMBAT][MINION_DEATH][Blue][attacker=Red]
[wall=1789911990][simulation=1.690][COMBAT][PROJECTILE_SPAWN][Red][kind=Basic]
[wall=1789911990][simulation=10.780][COMBAT][PROJECTILE_SPAWN][Red][kind=Ultimate]
[wall=1789911990][simulation=11.690][COMBAT][PROJECTILE_SPAWN][Red][kind=Basic]
[wall=1789911990][simulation=12.000][MATCH][MINION_WAVE][GameWorld][count_per_team=3]
[wall=1789911990][simulation=0.000][MATCH][MINION_WAVE][GameWorld][count_per_team=3]
[wall=1789911990][simulation=0.000][MATCH][START][GameWorld][seed=0xE4511E]
[wall=1789911990][simulation=0.000][MATCH][MINION_WAVE][GameWorld][count_per_team=3]
[wall=1789911990][simulation=0.000][MATCH][START][GameWorld][seed=0xE4511E]
[wall=1789911990][simulation=0.000][COMBAT][MINION_DEATH][Red][attacker=Blue]
[wall=1789911990][simulation=0.000][COMBAT][MINION_DEATH][Red][attacker=Blue]
[wall=1789911990][simulation=0.000][COMBAT][MINION_DEATH][Red][attacker=Blue]
[wall=1789911990][simulation=0.000][COMBAT][MINION_DEATH][Red][attacker=Blue]
[wall=1789911990][simulation=0.000][COMBAT][MINION_DEATH][Red][attacker=Blue]
[wall=1789911990][simulation=0.000][COMBAT][MINION_DEATH][Red][attacker=Blue]
[wall=1789911990][simulation=0.000][COMBAT][MINION_DEATH][Red][attacker=Blue]
[wall=1789911990][simulation=0.000][COMBAT][MINION_DEATH][Red][attacker=Blue]
[wall=1789911990][simulation=0.000][COMBAT][MINION_DEATH][Red][attacker=Blue]
[wall=1789911990][simulation=0.000][COMBAT][MINION_DEATH][Red][attacker=Blue]
[wall=1789911990][simulation=0.000][COMBAT][MINION_DEATH][Red][attacker=Blue]
[wall=1789911990][simulation=0.000][COMBAT][MINION_DEATH][Red][attacker=Blue]
[wall=1789911990][simulation=0.000][COMBAT][MINION_DEATH][Red][attacker=Blue]
[wall=1789911990][simulation=0.000][COMBAT][MINION_DEATH][Red][attacker=Blue]
[wall=1789911990][simulation=0.000][COMBAT][MINION_DEATH][Red][attacker=Blue]
[wall=1789911990][simulation=0.000][COMBAT][MINION_DEATH][Red][attacker=Blue]
[wall=1789911990][simulation=0.000][COMBAT][MINION_DEATH][Red][attacker=Blue]
[wall=1789911990][simulation=0.000][COMBAT][MINION_DEATH][Red][attacker=Blue]
[wall=1789911990][simulation=0.000][COMBAT][MINION_DEATH][Red][attacker=Blue]
[wall=1789911990][simulation=0.000][COMBAT][MINION_DEATH][Red][attacker=Blue]
[wall=1789911990][simulation=0.000][COMBAT][MINION_DEATH][Red][attacker=Blue]
[wall=1789911990][simulation=0.000][COMBAT][MINION_DEATH][Red][attacker=Blue]
[wall=1789911990][simulation=0.000][COMBAT][MINION_DEATH][Red][attacker=Blue]
[wall=1789911990][simulation=0.000][COMBAT][MINION_DEATH][Red][attacker=Blue]
[wall=1789911990][simulation=0.000][COMBAT][MINION_DEATH][Red][attacker=Blue]
[wall=1789911990][simulation=0.000][COMBAT][MINION_DEATH][Red][attacker=Blue]
[wall=1789911990][simulation=0.000][COMBAT][MINION_DEATH][Red][attacker=Blue]
[wall=1789911990][simulation=0.000][COMBAT][MINION_DEATH][Red][attacker=Blue]
[wall=1789911990][simulation=0.000][COMBAT][MINION_DEATH][Red][attacker=Blue]
[wall=1789911990][simulation=0.000][COMBAT][MINION_DEATH][Red][attacker=Blue]
[wall=1789911990][simulation=0.000][COMBAT][MINION_DEATH][Red][attacker=Blue]
[wall=1789911990][simulation=0.000][COMBAT][MINION_DEATH][Red][attacker=Blue]
[wall=1789911990][simulation=0.000][COMBAT][MINION_DEATH][Red][attacker=Blue]
[wall=1789911990][simulation=0.000][COMBAT][MINION_DEATH][Red][attacker=Blue]
[wall=1789911990][simulation=0.000][COMBAT][MINION_DEATH][Red][attacker=Blue]
[wall=1789911990][simulation=0.000][COMBAT][MINION_DEATH][Red][attacker=Blue]
[wall=1789911990][simulation=0.000][COMBAT][MINION_DEATH][Red][attacker=Blue]
[wall=1789911990][simulation=0.000][COMBAT][MINION_DEATH][Red][attacker=Blue]
[wall=1789911990][simulation=0.000][COMBAT][MINION_DEATH][Red][attacker=Blue]
[wall=1789911990][simulation=0.000][COMBAT][MINION_DEATH][Red][attacker=Blue]
[wall=1789911990][simulation=0.000][COMBAT][MINION_DEATH][Red][attacker=Blue]
[wall=1789911990][simulation=0.000][COMBAT][MINION_DEATH][Red][attacker=Blue]
[wall=1789911990][simulation=0.000][COMBAT][MINION_DEATH][Red][attacker=Blue]
[wall=1789911990][simulation=0.000][COMBAT][MINION_DEATH][Red][attacker=Blue]
[wall=1789911990][simulation=0.000][COMBAT][MINION_DEATH][Red][attacker=Blue]
[wall=1789911990][simulation=0.000][COMBAT][MINION_DEATH][Red][attacker=Blue]
[wall=1789911990][simulation=0.000][COMBAT][MINION_DEATH][Red][attacker=Blue]
[wall=1789911990][simulation=0.000][COMBAT][MINION_DEATH][Red][attacker=Blue]
[wall=1789911990][simulation=0.000][COMBAT][MINION_DEATH][Red][attacker=Blue]
[wall=1789911990][simulation=0.000][COMBAT][MINION_DEATH][Red][attacker=Blue]
[wall=1789911990][simulation=0.000][MATCH][MINION_WAVE][GameWorld][count_per_team=3]
[wall=1789911990][simulation=0.000][MATCH][START][GameWorld][seed=0xE4511E]
[wall=1789911990][simulation=0.010][COMBAT][PROJECTILE_SPAWN][Blue][kind=Basic]
[wall=1789911990][simulation=0.010][MATCH][PAUSE][GameWorld][]
[wall=1789911990][simulation=0.010][MATCH][RESUME][GameWorld][]
[wall=1789911990][simulation=0.010][MATCH][BASE_DESTROYED][Red][]
[wall=1789911990][simulation=0.020][MATCH][END][GameWorld][Victory]
[wall=1789911990][simulation=0.000][MATCH][MINION_WAVE][GameWorld][count_per_team=3]
[wall=1789911990][simulation=0.000][MATCH][START][GameWorld][seed=0xE4511E]
[wall=1789911990][simulation=0.010][COMBAT][PROJECTILE_SPAWN][Blue][kind=Basic]
[wall=1789911990][simulation=0.000][MATCH][MINION_WAVE][GameWorld][count_per_team=3]
[wall=1789911990][simulation=0.000][MATCH][START][GameWorld][seed=0xE4511E]
[wall=1789911990][simulation=0.010][COMBAT][PROJECTILE_SPAWN][Blue][kind=Basic]
[wall=1789911990][simulation=0.010][COMBAT][PROJECTILE_SPAWN][Blue][kind=Ultimate]
[wall=1789911990][simulation=0.010][COMBAT][PROJECTILE_SPAWN][Red][kind=Ultimate]
[wall=1789911990][simulation=0.000][MATCH][MINION_WAVE][GameWorld][count_per_team=3]
[wall=1789911990][simulation=0.000][MATCH][START][GameWorld][seed=0xE4511E]
[wall=1789911990][simulation=0.000][COMBAT][HERO_DEATH][PlayerHero][attacker=Red]
[wall=1789911990][simulation=5.000][COMBAT][HERO_RESPAWN][PlayerHero][]
[wall=1789911990][simulation=5.000][COMBAT][HERO_RESPAWN][BotHero][]
[wall=1789911990][simulation=0.000][MATCH][MINION_WAVE][GameWorld][count_per_team=3]
[wall=1789911990][simulation=0.000][MATCH][START][GameWorld][seed=0xE4511E]
[wall=1789911990][simulation=0.000][MATCH][BASE_DESTROYED][Blue][]
[wall=1789911990][simulation=0.010][MATCH][BASE_DESTROYED][Red][]
[wall=1789911990][simulation=0.010][MATCH][END][GameWorld][Draw]
[wall=1789911990][simulation=0.000][MATCH][MINION_WAVE][GameWorld][count_per_team=3]
[wall=1789911990][simulation=0.000][MATCH][START][GameWorld][seed=0xE4511E]
[wall=1789911990][simulation=0.000][MATCH][BASE_DESTROYED][Blue][]
[wall=1789911990][simulation=0.011][MATCH][BASE_DESTROYED][Red][]
[wall=1789911990][simulation=0.011][MATCH][END][GameWorld][Defeat]
[wall=1789911990][simulation=0.000][MATCH][MINION_WAVE][GameWorld][count_per_team=3]
[wall=1789911990][simulation=0.000][MATCH][START][GameWorld][seed=0xE4511E]
[wall=1789911990][simulation=0.000][MATCH][MINION_WAVE][GameWorld][count_per_team=3]
[wall=1789911990][simulation=0.000][MATCH][START][GameWorld][seed=0xE4511E]
[wall=1789911990][simulation=0.010][COMBAT][PROJECTILE_SPAWN][Blue][kind=Basic]
[wall=1789911990][simulation=0.120][MATCH][BASE_DESTROYED][Red][]
[wall=1789911990][simulation=0.130][MATCH][END][GameWorld][Victory]
[wall=1789911990][simulation=0.000][MATCH][MINION_WAVE][GameWorld][count_per_team=3]
[wall=1789911990][simulation=0.000][MATCH][START][GameWorld][seed=0xE4511E]
[wall=1789911990][simulation=0.000][MATCH][MINION_WAVE][GameWorld][count_per_team=3]
[wall=1789911990][simulation=0.000][MATCH][START][GameWorld][seed=0xE4511E]
[wall=1789911990][simulation=0.010][COMBAT][PROJECTILE_SPAWN][Blue][kind=Basic]
[wall=1789911990][simulation=0.120][MATCH][BASE_DESTROYED][Red][]
[wall=1789911990][simulation=0.130][MATCH][END][GameWorld][Victory]
[wall=1789911990][simulation=0.000][MATCH][MINION_WAVE][GameWorld][count_per_team=3]
[wall=1789911990][simulation=0.000][MATCH][START][GameWorld][seed=0xE4511E]
[wall=1789911990][simulation=0.000][MATCH][MINION_WAVE][GameWorld][count_per_team=3]
[wall=1789911990][simulation=0.000][MATCH][START][GameWorld][seed=0xE4511E]
[wall=1789911990][simulation=0.010][COMBAT][PROJECTILE_SPAWN][Blue][kind=Basic]
[wall=1789911990][simulation=0.120][MATCH][BASE_DESTROYED][Red][]
[wall=1789911990][simulation=0.130][MATCH][END][GameWorld][Victory]
[wall=1789911990][simulation=0.000][MATCH][MINION_WAVE][GameWorld][count_per_team=3]
[wall=1789911990][simulation=0.000][MATCH][START][GameWorld][seed=0xE4511E]
[wall=1789911990][simulation=0.000][MATCH][MINION_WAVE][GameWorld][count_per_team=3]
[wall=1789911990][simulation=0.000][MATCH][START][GameWorld][seed=0xE4511E]
[wall=1789911990][simulation=0.010][COMBAT][PROJECTILE_SPAWN][Blue][kind=Basic]
[wall=1789911990][simulation=0.120][MATCH][BASE_DESTROYED][Red][]
[wall=1789911990][simulation=0.130][MATCH][END][GameWorld][Victory]
[wall=1789911990][simulation=0.000][MATCH][MINION_WAVE][GameWorld][count_per_team=3]
[wall=1789911990][simulation=0.000][MATCH][START][GameWorld][seed=0xE4511E]
[wall=1789911990][simulation=0.000][MATCH][MINION_WAVE][GameWorld][count_per_team=3]
[wall=1789911990][simulation=0.000][MATCH][START][GameWorld][seed=0xE4511E]
[wall=1789911990][simulation=0.010][COMBAT][PROJECTILE_SPAWN][Blue][kind=Basic]
[wall=1789911990][simulation=0.120][MATCH][BASE_DESTROYED][Red][]
[wall=1789911990][simulation=0.130][MATCH][END][GameWorld][Victory]
[wall=1789911990][simulation=0.000][MATCH][MINION_WAVE][GameWorld][count_per_team=3]
[wall=1789911990][simulation=0.000][MATCH][START][GameWorld][seed=0xE4511E]
[wall=1789911990][simulation=0.000][MATCH][MINION_WAVE][GameWorld][count_per_team=3]
[wall=1789911990][simulation=0.000][MATCH][START][GameWorld][seed=0xE4511E]
[wall=1789911990][simulation=0.010][COMBAT][PROJECTILE_SPAWN][Blue][kind=Basic]
[wall=1789911990][simulation=0.120][MATCH][BASE_DESTROYED][Red][]
[wall=1789911990][simulation=0.130][MATCH][END][GameWorld][Victory]
[wall=1789911990][simulation=0.000][MATCH][MINION_WAVE][GameWorld][count_per_team=3]
[wall=1789911990][simulation=0.000][MATCH][START][GameWorld][seed=0xE4511E]
[wall=1789911990][simulation=0.000][MATCH][MINION_WAVE][GameWorld][count_per_team=3]
[wall=1789911990][simulation=0.000][MATCH][START][GameWorld][seed=0xE4511E]
[wall=1789911990][simulation=0.010][COMBAT][PROJECTILE_SPAWN][Blue][kind=Basic]
[wall=1789911990][simulation=0.120][MATCH][BASE_DESTROYED][Red][]
[wall=1789911990][simulation=0.130][MATCH][END][GameWorld][Victory]
[wall=1789911990][simulation=0.000][MATCH][MINION_WAVE][GameWorld][count_per_team=3]
[wall=1789911990][simulation=0.000][MATCH][START][GameWorld][seed=0xE4511E]
[wall=1789911990][simulation=0.000][MATCH][MINION_WAVE][GameWorld][count_per_team=3]
[wall=1789911990][simulation=0.000][MATCH][START][GameWorld][seed=0xE4511E]
[wall=1789911990][simulation=0.010][COMBAT][PROJECTILE_SPAWN][Blue][kind=Basic]
[wall=1789911990][simulation=0.120][MATCH][BASE_DESTROYED][Red][]
[wall=1789911990][simulation=0.130][MATCH][END][GameWorld][Victory]
[wall=1789911990][simulation=0.000][MATCH][MINION_WAVE][GameWorld][count_per_team=3]
[wall=1789911990][simulation=0.000][MATCH][START][GameWorld][seed=0xE4511E]
[wall=1789911990][simulation=0.000][MATCH][MINION_WAVE][GameWorld][count_per_team=3]
[wall=1789911990][simulation=0.000][MATCH][START][GameWorld][seed=0xE4511E]
[wall=1789911990][simulation=0.010][COMBAT][PROJECTILE_SPAWN][Blue][kind=Basic]
[wall=1789911990][simulation=0.120][MATCH][BASE_DESTROYED][Red][]
[wall=1789911990][simulation=0.130][MATCH][END][GameWorld][Victory]
[wall=1789911990][simulation=0.000][MATCH][MINION_WAVE][GameWorld][count_per_team=3]
[wall=1789911990][simulation=0.000][MATCH][START][GameWorld][seed=0xE4511E]
[wall=1789911990][simulation=0.000][MATCH][MINION_WAVE][GameWorld][count_per_team=3]
[wall=1789911990][simulation=0.000][MATCH][START][GameWorld][seed=0xE4511E]
[wall=1789911990][simulation=0.010][COMBAT][PROJECTILE_SPAWN][Blue][kind=Basic]
[wall=1789911990][simulation=0.120][MATCH][BASE_DESTROYED][Red][]
[wall=1789911990][simulation=0.130][MATCH][END][GameWorld][Victory]
[wall=1789911990][simulation=0.000][MATCH][MINION_WAVE][GameWorld][count_per_team=3]
[wall=1789911990][simulation=0.000][MATCH][START][GameWorld][seed=0xE4511E]
[wall=1789911990][simulation=0.000][MATCH][MINION_WAVE][GameWorld][count_per_team=3]
[wall=1789911990][simulation=0.000][MATCH][START][GameWorld][seed=0xE4511E]
[wall=1789911990][simulation=0.120][COMBAT][PROJECTILE_SPAWN][Blue][kind=Basic]
[wall=1789911990][simulation=0.120][COMBAT][PROJECTILE_SPAWN][Blue][kind=Ultimate]
[wall=1789911990][simulation=0.120][COMBAT][PROJECTILE_SPAWN][Red][kind=Basic]
[wall=1789911990][simulation=0.120][COMBAT][PROJECTILE_SPAWN][Red][kind=Ultimate]
[wall=1789911990][simulation=0.180][COMBAT][HERO_DEATH][BotHero][attacker=Blue]
[wall=1789911990][simulation=5.180][COMBAT][HERO_RESPAWN][BotHero][]
[wall=1789911990][simulation=5.190][MATCH][TOWER_DESTROYED][Red][]
[wall=1789911990][simulation=5.200][COMBAT][PROJECTILE_SPAWN][Blue][kind=Basic]
[wall=1789911990][simulation=5.310][MATCH][BASE_DESTROYED][Red][]
[wall=1789911990][simulation=5.320][MATCH][END][GameWorld][Victory]
[wall=1789911990][simulation=0.000][MATCH][MINION_WAVE][GameWorld][count_per_team=3]
[wall=1789911990][simulation=0.000][MATCH][START][GameWorld][seed=0xE4511E]
[wall=1789912077][simulation=0.000][APP][WINDOW_CREATED][Application][]
[wall=1789912077][simulation=0.000][APP][DX11_READY][Renderer][]
[wall=1789912077][simulation=0.000][APP][HUD_READY][HUDRenderer][]
[wall=1789912202][simulation=0.000][APP][WINDOW_CREATED][Application][]
[wall=1789912202][simulation=0.000][APP][DX11_READY][Renderer][]
[wall=1789912202][simulation=0.000][APP][HUD_READY][HUDRenderer][]
[wall=1789912253][simulation=0.000][APP][WINDOW_CREATED][Application][]
[wall=1789912254][simulation=0.000][APP][DX11_READY][Renderer][]
[wall=1789912254][simulation=0.000][APP][HUD_READY][HUDRenderer][smoke=0]
[wall=1789912292][simulation=0.000][APP][WINDOW_CREATED][Application][]
[wall=1789912292][simulation=0.000][APP][DX11_READY][Renderer][]
[wall=1789912292][simulation=0.000][APP][HUD_READY][HUDRenderer][smoke=1]
[wall=1789912292][simulation=0.000][APP][LOOP_ENTER][Application][]
[wall=1789912292][simulation=0.000][APP][BEFORE_RENDER][Renderer][]
[wall=1789912292][simulation=0.000][APP][AFTER_RENDER][Renderer][]
[wall=1789912292][simulation=0.000][APP][AFTER_HUD][HUDRenderer][]
[wall=1789912292][simulation=0.000][APP][FRAMES_RENDERED][Renderer][count=5]
[wall=1789912292][simulation=0.000][APP][EXIT][Application][]
[wall=1789950452][simulation=0.000][MATCH][MINION_WAVE][GameWorld][count_per_team=3]
[wall=1789950452][simulation=0.000][MATCH][START][GameWorld][seed=0xE4511E]
[wall=1789950452][simulation=0.000][MATCH][MINION_WAVE][GameWorld][count_per_team=3]
[wall=1789950452][simulation=0.000][MATCH][START][GameWorld][seed=0xE4511E]
[wall=1789950452][simulation=0.010][COMBAT][PROJECTILE_SPAWN][Blue][kind=Basic]
[wall=1789950452][simulation=0.010][COMBAT][PROJECTILE_SPAWN][Blue][kind=Ultimate]
[wall=1789950452][simulation=0.000][MATCH][MINION_WAVE][GameWorld][count_per_team=3]
[wall=1789950452][simulation=0.000][MATCH][START][GameWorld][seed=0xE4511E]
[wall=1789950452][simulation=0.100][COMBAT][PROJECTILE_SPAWN][Red][kind=Basic]
[wall=1789950452][simulation=0.100][COMBAT][PROJECTILE_SPAWN][Red][kind=Ultimate]
[wall=1789950452][simulation=0.000][MATCH][MINION_WAVE][GameWorld][count_per_team=3]
[wall=1789950452][simulation=0.000][MATCH][START][GameWorld][seed=0xE4511E]
[wall=1789950452][simulation=0.000][MATCH][TOWER_DESTROYED][Red][]
[wall=1789950452][simulation=0.780][COMBAT][PROJECTILE_SPAWN][Red][kind=Ultimate]
[wall=1789950452][simulation=1.300][COMBAT][MINION_DEATH][Blue][attacker=Red]
[wall=1789950452][simulation=1.690][COMBAT][PROJECTILE_SPAWN][Red][kind=Basic]
[wall=1789950452][simulation=10.780][COMBAT][PROJECTILE_SPAWN][Red][kind=Ultimate]
[wall=1789950452][simulation=11.690][COMBAT][PROJECTILE_SPAWN][Red][kind=Basic]
[wall=1789950452][simulation=12.000][MATCH][MINION_WAVE][GameWorld][count_per_team=3]
[wall=1789950452][simulation=0.000][MATCH][MINION_WAVE][GameWorld][count_per_team=3]
[wall=1789950452][simulation=0.000][MATCH][START][GameWorld][seed=0xE4511E]
[wall=1789950452][simulation=0.000][MATCH][MINION_WAVE][GameWorld][count_per_team=3]
[wall=1789950452][simulation=0.000][MATCH][START][GameWorld][seed=0xE4511E]
[wall=1789950452][simulation=0.000][COMBAT][MINION_DEATH][Red][attacker=Blue]
[wall=1789950452][simulation=0.000][COMBAT][MINION_DEATH][Red][attacker=Blue]
[wall=1789950452][simulation=0.000][COMBAT][MINION_DEATH][Red][attacker=Blue]
[wall=1789950452][simulation=0.000][COMBAT][MINION_DEATH][Red][attacker=Blue]
[wall=1789950452][simulation=0.000][COMBAT][MINION_DEATH][Red][attacker=Blue]
[wall=1789950452][simulation=0.000][COMBAT][MINION_DEATH][Red][attacker=Blue]
[wall=1789950452][simulation=0.000][COMBAT][MINION_DEATH][Red][attacker=Blue]
[wall=1789950452][simulation=0.000][COMBAT][MINION_DEATH][Red][attacker=Blue]
[wall=1789950452][simulation=0.000][COMBAT][MINION_DEATH][Red][attacker=Blue]
[wall=1789950452][simulation=0.000][COMBAT][MINION_DEATH][Red][attacker=Blue]
[wall=1789950452][simulation=0.000][COMBAT][MINION_DEATH][Red][attacker=Blue]
[wall=1789950452][simulation=0.000][COMBAT][MINION_DEATH][Red][attacker=Blue]
[wall=1789950452][simulation=0.000][COMBAT][MINION_DEATH][Red][attacker=Blue]
[wall=1789950452][simulation=0.000][COMBAT][MINION_DEATH][Red][attacker=Blue]
[wall=1789950452][simulation=0.000][COMBAT][MINION_DEATH][Red][attacker=Blue]
[wall=1789950452][simulation=0.000][COMBAT][MINION_DEATH][Red][attacker=Blue]
[wall=1789950452][simulation=0.000][COMBAT][MINION_DEATH][Red][attacker=Blue]
[wall=1789950452][simulation=0.000][COMBAT][MINION_DEATH][Red][attacker=Blue]
[wall=1789950452][simulation=0.000][COMBAT][MINION_DEATH][Red][attacker=Blue]
[wall=1789950452][simulation=0.000][COMBAT][MINION_DEATH][Red][attacker=Blue]
[wall=1789950452][simulation=0.000][COMBAT][MINION_DEATH][Red][attacker=Blue]
[wall=1789950452][simulation=0.000][COMBAT][MINION_DEATH][Red][attacker=Blue]
[wall=1789950452][simulation=0.000][COMBAT][MINION_DEATH][Red][attacker=Blue]
[wall=1789950452][simulation=0.000][COMBAT][MINION_DEATH][Red][attacker=Blue]
[wall=1789950452][simulation=0.000][COMBAT][MINION_DEATH][Red][attacker=Blue]
[wall=1789950452][simulation=0.000][COMBAT][MINION_DEATH][Red][attacker=Blue]
[wall=1789950452][simulation=0.000][COMBAT][MINION_DEATH][Red][attacker=Blue]
[wall=1789950452][simulation=0.000][COMBAT][MINION_DEATH][Red][attacker=Blue]
[wall=1789950452][simulation=0.000][COMBAT][MINION_DEATH][Red][attacker=Blue]
[wall=1789950452][simulation=0.000][COMBAT][MINION_DEATH][Red][attacker=Blue]
[wall=1789950452][simulation=0.000][COMBAT][MINION_DEATH][Red][attacker=Blue]
[wall=1789950452][simulation=0.000][COMBAT][MINION_DEATH][Red][attacker=Blue]
[wall=1789950452][simulation=0.000][COMBAT][MINION_DEATH][Red][attacker=Blue]
[wall=1789950452][simulation=0.000][COMBAT][MINION_DEATH][Red][attacker=Blue]
[wall=1789950452][simulation=0.000][COMBAT][MINION_DEATH][Red][attacker=Blue]
[wall=1789950452][simulation=0.000][COMBAT][MINION_DEATH][Red][attacker=Blue]
[wall=1789950452][simulation=0.000][COMBAT][MINION_DEATH][Red][attacker=Blue]
[wall=1789950452][simulation=0.000][COMBAT][MINION_DEATH][Red][attacker=Blue]
[wall=1789950452][simulation=0.000][COMBAT][MINION_DEATH][Red][attacker=Blue]
[wall=1789950452][simulation=0.000][COMBAT][MINION_DEATH][Red][attacker=Blue]
[wall=1789950452][simulation=0.000][COMBAT][MINION_DEATH][Red][attacker=Blue]
[wall=1789950452][simulation=0.000][COMBAT][MINION_DEATH][Red][attacker=Blue]
[wall=1789950452][simulation=0.000][COMBAT][MINION_DEATH][Red][attacker=Blue]
[wall=1789950452][simulation=0.000][COMBAT][MINION_DEATH][Red][attacker=Blue]
[wall=1789950452][simulation=0.000][COMBAT][MINION_DEATH][Red][attacker=Blue]
[wall=1789950452][simulation=0.000][COMBAT][MINION_DEATH][Red][attacker=Blue]
[wall=1789950452][simulation=0.000][COMBAT][MINION_DEATH][Red][attacker=Blue]
[wall=1789950452][simulation=0.000][COMBAT][MINION_DEATH][Red][attacker=Blue]
[wall=1789950452][simulation=0.000][COMBAT][MINION_DEATH][Red][attacker=Blue]
[wall=1789950452][simulation=0.000][COMBAT][MINION_DEATH][Red][attacker=Blue]
[wall=1789950452][simulation=0.000][MATCH][MINION_WAVE][GameWorld][count_per_team=3]
[wall=1789950452][simulation=0.000][MATCH][START][GameWorld][seed=0xE4511E]
[wall=1789950452][simulation=0.010][COMBAT][PROJECTILE_SPAWN][Blue][kind=Basic]
[wall=1789950452][simulation=0.010][MATCH][PAUSE][GameWorld][]
[wall=1789950452][simulation=0.010][MATCH][RESUME][GameWorld][]
[wall=1789950452][simulation=0.010][MATCH][BASE_DESTROYED][Red][]
[wall=1789950452][simulation=0.020][MATCH][END][GameWorld][Victory]
[wall=1789950452][simulation=0.000][MATCH][MINION_WAVE][GameWorld][count_per_team=3]
[wall=1789950452][simulation=0.000][MATCH][START][GameWorld][seed=0xE4511E]
[wall=1789950452][simulation=0.010][COMBAT][PROJECTILE_SPAWN][Blue][kind=Basic]
[wall=1789950452][simulation=0.000][MATCH][MINION_WAVE][GameWorld][count_per_team=3]
[wall=1789950452][simulation=0.000][MATCH][START][GameWorld][seed=0xE4511E]
[wall=1789950452][simulation=0.010][COMBAT][PROJECTILE_SPAWN][Blue][kind=Basic]
[wall=1789950452][simulation=0.010][COMBAT][PROJECTILE_SPAWN][Blue][kind=Ultimate]
[wall=1789950452][simulation=0.010][COMBAT][PROJECTILE_SPAWN][Red][kind=Ultimate]
[wall=1789950452][simulation=0.020][COMBAT][PROJECTILE_SPAWN][Blue][kind=Basic]
[wall=1789950452][simulation=0.000][MATCH][MINION_WAVE][GameWorld][count_per_team=3]
[wall=1789950452][simulation=0.000][MATCH][START][GameWorld][seed=0xE4511E]
[wall=1789950452][simulation=0.000][COMBAT][HERO_DEATH][PlayerHero][attacker=Red]
[wall=1789950452][simulation=5.000][COMBAT][HERO_RESPAWN][PlayerHero][]
[wall=1789950452][simulation=5.000][COMBAT][HERO_RESPAWN][BotHero][]
[wall=1789950452][simulation=0.000][MATCH][MINION_WAVE][GameWorld][count_per_team=3]
[wall=1789950452][simulation=0.000][MATCH][START][GameWorld][seed=0xE4511E]
[wall=1789950452][simulation=0.000][MATCH][BASE_DESTROYED][Blue][]
[wall=1789950452][simulation=0.010][MATCH][BASE_DESTROYED][Red][]
[wall=1789950452][simulation=0.010][MATCH][END][GameWorld][Draw]
[wall=1789950452][simulation=0.000][MATCH][MINION_WAVE][GameWorld][count_per_team=3]
[wall=1789950452][simulation=0.000][MATCH][START][GameWorld][seed=0xE4511E]
[wall=1789950452][simulation=0.000][MATCH][BASE_DESTROYED][Blue][]
[wall=1789950452][simulation=0.011][MATCH][BASE_DESTROYED][Red][]
[wall=1789950452][simulation=0.011][MATCH][END][GameWorld][Defeat]
[wall=1789950452][simulation=0.000][MATCH][MINION_WAVE][GameWorld][count_per_team=3]
[wall=1789950452][simulation=0.000][MATCH][START][GameWorld][seed=0xE4511E]
[wall=1789950452][simulation=0.000][MATCH][MINION_WAVE][GameWorld][count_per_team=3]
[wall=1789950452][simulation=0.000][MATCH][START][GameWorld][seed=0xE4511E]
[wall=1789950452][simulation=0.010][COMBAT][PROJECTILE_SPAWN][Blue][kind=Basic]
[wall=1789950452][simulation=0.120][MATCH][BASE_DESTROYED][Red][]
[wall=1789950452][simulation=0.130][MATCH][END][GameWorld][Victory]
[wall=1789950452][simulation=0.000][MATCH][MINION_WAVE][GameWorld][count_per_team=3]
[wall=1789950452][simulation=0.000][MATCH][START][GameWorld][seed=0xE4511E]
[wall=1789950452][simulation=0.000][MATCH][MINION_WAVE][GameWorld][count_per_team=3]
[wall=1789950452][simulation=0.000][MATCH][START][GameWorld][seed=0xE4511E]
[wall=1789950452][simulation=0.010][COMBAT][PROJECTILE_SPAWN][Blue][kind=Basic]
[wall=1789950452][simulation=0.120][MATCH][BASE_DESTROYED][Red][]
[wall=1789950452][simulation=0.130][MATCH][END][GameWorld][Victory]
[wall=1789950452][simulation=0.000][MATCH][MINION_WAVE][GameWorld][count_per_team=3]
[wall=1789950452][simulation=0.000][MATCH][START][GameWorld][seed=0xE4511E]
[wall=1789950452][simulation=0.000][MATCH][MINION_WAVE][GameWorld][count_per_team=3]
[wall=1789950452][simulation=0.000][MATCH][START][GameWorld][seed=0xE4511E]
[wall=1789950452][simulation=0.010][COMBAT][PROJECTILE_SPAWN][Blue][kind=Basic]
[wall=1789950452][simulation=0.120][MATCH][BASE_DESTROYED][Red][]
[wall=1789950452][simulation=0.130][MATCH][END][GameWorld][Victory]
[wall=1789950452][simulation=0.000][MATCH][MINION_WAVE][GameWorld][count_per_team=3]
[wall=1789950452][simulation=0.000][MATCH][START][GameWorld][seed=0xE4511E]
[wall=1789950452][simulation=0.000][MATCH][MINION_WAVE][GameWorld][count_per_team=3]
[wall=1789950452][simulation=0.000][MATCH][START][GameWorld][seed=0xE4511E]
[wall=1789950452][simulation=0.010][COMBAT][PROJECTILE_SPAWN][Blue][kind=Basic]
[wall=1789950452][simulation=0.120][MATCH][BASE_DESTROYED][Red][]
[wall=1789950452][simulation=0.130][MATCH][END][GameWorld][Victory]
[wall=1789950452][simulation=0.000][MATCH][MINION_WAVE][GameWorld][count_per_team=3]
[wall=1789950452][simulation=0.000][MATCH][START][GameWorld][seed=0xE4511E]
[wall=1789950452][simulation=0.000][MATCH][MINION_WAVE][GameWorld][count_per_team=3]
[wall=1789950452][simulation=0.000][MATCH][START][GameWorld][seed=0xE4511E]
[wall=1789950452][simulation=0.010][COMBAT][PROJECTILE_SPAWN][Blue][kind=Basic]
[wall=1789950452][simulation=0.120][MATCH][BASE_DESTROYED][Red][]
[wall=1789950452][simulation=0.130][MATCH][END][GameWorld][Victory]
[wall=1789950452][simulation=0.000][MATCH][MINION_WAVE][GameWorld][count_per_team=3]
[wall=1789950452][simulation=0.000][MATCH][START][GameWorld][seed=0xE4511E]
[wall=1789950452][simulation=0.000][MATCH][MINION_WAVE][GameWorld][count_per_team=3]
[wall=1789950452][simulation=0.000][MATCH][START][GameWorld][seed=0xE4511E]
[wall=1789950452][simulation=0.010][COMBAT][PROJECTILE_SPAWN][Blue][kind=Basic]
[wall=1789950452][simulation=0.120][MATCH][BASE_DESTROYED][Red][]
[wall=1789950452][simulation=0.130][MATCH][END][GameWorld][Victory]
[wall=1789950452][simulation=0.000][MATCH][MINION_WAVE][GameWorld][count_per_team=3]
[wall=1789950452][simulation=0.000][MATCH][START][GameWorld][seed=0xE4511E]
[wall=1789950452][simulation=0.000][MATCH][MINION_WAVE][GameWorld][count_per_team=3]
[wall=1789950452][simulation=0.000][MATCH][START][GameWorld][seed=0xE4511E]
[wall=1789950452][simulation=0.010][COMBAT][PROJECTILE_SPAWN][Blue][kind=Basic]
[wall=1789950452][simulation=0.120][MATCH][BASE_DESTROYED][Red][]
[wall=1789950452][simulation=0.130][MATCH][END][GameWorld][Victory]
[wall=1789950452][simulation=0.000][MATCH][MINION_WAVE][GameWorld][count_per_team=3]
[wall=1789950452][simulation=0.000][MATCH][START][GameWorld][seed=0xE4511E]
[wall=1789950452][simulation=0.000][MATCH][MINION_WAVE][GameWorld][count_per_team=3]
[wall=1789950452][simulation=0.000][MATCH][START][GameWorld][seed=0xE4511E]
[wall=1789950452][simulation=0.010][COMBAT][PROJECTILE_SPAWN][Blue][kind=Basic]
[wall=1789950452][simulation=0.120][MATCH][BASE_DESTROYED][Red][]
[wall=1789950452][simulation=0.130][MATCH][END][GameWorld][Victory]
[wall=1789950452][simulation=0.000][MATCH][MINION_WAVE][GameWorld][count_per_team=3]
[wall=1789950452][simulation=0.000][MATCH][START][GameWorld][seed=0xE4511E]
[wall=1789950452][simulation=0.000][MATCH][MINION_WAVE][GameWorld][count_per_team=3]
[wall=1789950452][simulation=0.000][MATCH][START][GameWorld][seed=0xE4511E]
[wall=1789950452][simulation=0.010][COMBAT][PROJECTILE_SPAWN][Blue][kind=Basic]
[wall=1789950452][simulation=0.120][MATCH][BASE_DESTROYED][Red][]
[wall=1789950452][simulation=0.130][MATCH][END][GameWorld][Victory]
[wall=1789950452][simulation=0.000][MATCH][MINION_WAVE][GameWorld][count_per_team=3]
[wall=1789950452][simulation=0.000][MATCH][START][GameWorld][seed=0xE4511E]
[wall=1789950452][simulation=0.000][MATCH][MINION_WAVE][GameWorld][count_per_team=3]
[wall=1789950452][simulation=0.000][MATCH][START][GameWorld][seed=0xE4511E]
[wall=1789950452][simulation=0.010][COMBAT][PROJECTILE_SPAWN][Blue][kind=Basic]
[wall=1789950452][simulation=0.120][MATCH][BASE_DESTROYED][Red][]
[wall=1789950452][simulation=0.130][MATCH][END][GameWorld][Victory]
[wall=1789950452][simulation=0.000][MATCH][MINION_WAVE][GameWorld][count_per_team=3]
[wall=1789950452][simulation=0.000][MATCH][START][GameWorld][seed=0xE4511E]
[wall=1789950452][simulation=0.000][MATCH][MINION_WAVE][GameWorld][count_per_team=3]
[wall=1789950452][simulation=0.000][MATCH][START][GameWorld][seed=0xE4511E]
[wall=1789950452][simulation=0.120][COMBAT][PROJECTILE_SPAWN][Blue][kind=Basic]
[wall=1789950452][simulation=0.120][COMBAT][PROJECTILE_SPAWN][Blue][kind=Ultimate]
[wall=1789950452][simulation=0.120][COMBAT][PROJECTILE_SPAWN][Red][kind=Basic]
[wall=1789950452][simulation=0.120][COMBAT][PROJECTILE_SPAWN][Red][kind=Ultimate]
[wall=1789950452][simulation=0.180][COMBAT][HERO_DEATH][BotHero][attacker=Blue]
[wall=1789950452][simulation=5.180][COMBAT][HERO_RESPAWN][BotHero][]
[wall=1789950452][simulation=5.190][MATCH][TOWER_DESTROYED][Red][]
[wall=1789950452][simulation=5.200][COMBAT][PROJECTILE_SPAWN][Blue][kind=Basic]
[wall=1789950452][simulation=5.310][MATCH][BASE_DESTROYED][Red][]
[wall=1789950452][simulation=5.320][MATCH][END][GameWorld][Victory]
[wall=1789950452][simulation=0.000][MATCH][MINION_WAVE][GameWorld][count_per_team=3]
[wall=1789950452][simulation=0.000][MATCH][START][GameWorld][seed=0xE4511E]
[wall=1789950533][simulation=0.000][MATCH][MINION_WAVE][GameWorld][count_per_team=3]
[wall=1789950533][simulation=0.000][MATCH][START][GameWorld][seed=0xE4511E]
[wall=1789950533][simulation=0.000][MATCH][MINION_WAVE][GameWorld][count_per_team=3]
[wall=1789950533][simulation=0.000][MATCH][START][GameWorld][seed=0xE4511E]
[wall=1789950533][simulation=0.010][COMBAT][PROJECTILE_SPAWN][Blue][kind=Basic]
[wall=1789950533][simulation=0.010][COMBAT][PROJECTILE_SPAWN][Blue][kind=Ultimate]
[wall=1789950533][simulation=0.000][MATCH][MINION_WAVE][GameWorld][count_per_team=3]
[wall=1789950533][simulation=0.000][MATCH][START][GameWorld][seed=0xE4511E]
[wall=1789950533][simulation=0.100][COMBAT][PROJECTILE_SPAWN][Red][kind=Basic]
[wall=1789950533][simulation=0.100][COMBAT][PROJECTILE_SPAWN][Red][kind=Ultimate]
[wall=1789950533][simulation=0.000][MATCH][MINION_WAVE][GameWorld][count_per_team=3]
[wall=1789950533][simulation=0.000][MATCH][START][GameWorld][seed=0xE4511E]
[wall=1789950533][simulation=0.000][MATCH][TOWER_DESTROYED][Red][]
[wall=1789950533][simulation=0.780][COMBAT][PROJECTILE_SPAWN][Red][kind=Ultimate]
[wall=1789950533][simulation=1.300][COMBAT][MINION_DEATH][Blue][attacker=Red]
[wall=1789950533][simulation=1.690][COMBAT][PROJECTILE_SPAWN][Red][kind=Basic]
[wall=1789950533][simulation=10.780][COMBAT][PROJECTILE_SPAWN][Red][kind=Ultimate]
[wall=1789950533][simulation=11.690][COMBAT][PROJECTILE_SPAWN][Red][kind=Basic]
[wall=1789950533][simulation=12.000][MATCH][MINION_WAVE][GameWorld][count_per_team=3]
[wall=1789950533][simulation=0.000][MATCH][MINION_WAVE][GameWorld][count_per_team=3]
[wall=1789950533][simulation=0.000][MATCH][START][GameWorld][seed=0xE4511E]
[wall=1789950533][simulation=0.000][MATCH][MINION_WAVE][GameWorld][count_per_team=3]
[wall=1789950533][simulation=0.000][MATCH][START][GameWorld][seed=0xE4511E]
[wall=1789950533][simulation=0.000][COMBAT][MINION_DEATH][Red][attacker=Blue]
[wall=1789950533][simulation=0.000][COMBAT][MINION_DEATH][Red][attacker=Blue]
[wall=1789950533][simulation=0.000][COMBAT][MINION_DEATH][Red][attacker=Blue]
[wall=1789950533][simulation=0.000][COMBAT][MINION_DEATH][Red][attacker=Blue]
[wall=1789950533][simulation=0.000][COMBAT][MINION_DEATH][Red][attacker=Blue]
[wall=1789950533][simulation=0.000][COMBAT][MINION_DEATH][Red][attacker=Blue]
[wall=1789950533][simulation=0.000][COMBAT][MINION_DEATH][Red][attacker=Blue]
[wall=1789950533][simulation=0.000][COMBAT][MINION_DEATH][Red][attacker=Blue]
[wall=1789950533][simulation=0.000][COMBAT][MINION_DEATH][Red][attacker=Blue]
[wall=1789950533][simulation=0.000][COMBAT][MINION_DEATH][Red][attacker=Blue]
[wall=1789950533][simulation=0.000][COMBAT][MINION_DEATH][Red][attacker=Blue]
[wall=1789950533][simulation=0.000][COMBAT][MINION_DEATH][Red][attacker=Blue]
[wall=1789950533][simulation=0.000][COMBAT][MINION_DEATH][Red][attacker=Blue]
[wall=1789950533][simulation=0.000][COMBAT][MINION_DEATH][Red][attacker=Blue]
[wall=1789950533][simulation=0.000][COMBAT][MINION_DEATH][Red][attacker=Blue]
[wall=1789950533][simulation=0.000][COMBAT][MINION_DEATH][Red][attacker=Blue]
[wall=1789950533][simulation=0.000][COMBAT][MINION_DEATH][Red][attacker=Blue]
[wall=1789950533][simulation=0.000][COMBAT][MINION_DEATH][Red][attacker=Blue]
[wall=1789950533][simulation=0.000][COMBAT][MINION_DEATH][Red][attacker=Blue]
[wall=1789950533][simulation=0.000][COMBAT][MINION_DEATH][Red][attacker=Blue]
[wall=1789950533][simulation=0.000][COMBAT][MINION_DEATH][Red][attacker=Blue]
[wall=1789950533][simulation=0.000][COMBAT][MINION_DEATH][Red][attacker=Blue]
[wall=1789950533][simulation=0.000][COMBAT][MINION_DEATH][Red][attacker=Blue]
[wall=1789950533][simulation=0.000][COMBAT][MINION_DEATH][Red][attacker=Blue]
[wall=1789950533][simulation=0.000][COMBAT][MINION_DEATH][Red][attacker=Blue]
[wall=1789950533][simulation=0.000][COMBAT][MINION_DEATH][Red][attacker=Blue]
[wall=1789950533][simulation=0.000][COMBAT][MINION_DEATH][Red][attacker=Blue]
[wall=1789950533][simulation=0.000][COMBAT][MINION_DEATH][Red][attacker=Blue]
[wall=1789950533][simulation=0.000][COMBAT][MINION_DEATH][Red][attacker=Blue]
[wall=1789950533][simulation=0.000][COMBAT][MINION_DEATH][Red][attacker=Blue]
[wall=1789950533][simulation=0.000][COMBAT][MINION_DEATH][Red][attacker=Blue]
[wall=1789950533][simulation=0.000][COMBAT][MINION_DEATH][Red][attacker=Blue]
[wall=1789950533][simulation=0.000][COMBAT][MINION_DEATH][Red][attacker=Blue]
[wall=1789950533][simulation=0.000][COMBAT][MINION_DEATH][Red][attacker=Blue]
[wall=1789950533][simulation=0.000][COMBAT][MINION_DEATH][Red][attacker=Blue]
[wall=1789950533][simulation=0.000][COMBAT][MINION_DEATH][Red][attacker=Blue]
[wall=1789950533][simulation=0.000][COMBAT][MINION_DEATH][Red][attacker=Blue]
[wall=1789950533][simulation=0.000][COMBAT][MINION_DEATH][Red][attacker=Blue]
[wall=1789950533][simulation=0.000][COMBAT][MINION_DEATH][Red][attacker=Blue]
[wall=1789950533][simulation=0.000][COMBAT][MINION_DEATH][Red][attacker=Blue]
[wall=1789950533][simulation=0.000][COMBAT][MINION_DEATH][Red][attacker=Blue]
[wall=1789950533][simulation=0.000][COMBAT][MINION_DEATH][Red][attacker=Blue]
[wall=1789950533][simulation=0.000][COMBAT][MINION_DEATH][Red][attacker=Blue]
[wall=1789950533][simulation=0.000][COMBAT][MINION_DEATH][Red][attacker=Blue]
[wall=1789950533][simulation=0.000][COMBAT][MINION_DEATH][Red][attacker=Blue]
[wall=1789950533][simulation=0.000][COMBAT][MINION_DEATH][Red][attacker=Blue]
[wall=1789950533][simulation=0.000][COMBAT][MINION_DEATH][Red][attacker=Blue]
[wall=1789950533][simulation=0.000][COMBAT][MINION_DEATH][Red][attacker=Blue]
[wall=1789950533][simulation=0.000][COMBAT][MINION_DEATH][Red][attacker=Blue]
[wall=1789950533][simulation=0.000][COMBAT][MINION_DEATH][Red][attacker=Blue]
[wall=1789950533][simulation=0.000][MATCH][MINION_WAVE][GameWorld][count_per_team=3]
[wall=1789950533][simulation=0.000][MATCH][START][GameWorld][seed=0xE4511E]
[wall=1789950533][simulation=0.010][COMBAT][PROJECTILE_SPAWN][Blue][kind=Basic]
[wall=1789950533][simulation=0.010][MATCH][PAUSE][GameWorld][]
[wall=1789950533][simulation=0.010][MATCH][RESUME][GameWorld][]
[wall=1789950533][simulation=0.010][MATCH][BASE_DESTROYED][Red][]
[wall=1789950533][simulation=0.020][MATCH][END][GameWorld][Victory]
[wall=1789950533][simulation=0.000][MATCH][MINION_WAVE][GameWorld][count_per_team=3]
[wall=1789950533][simulation=0.000][MATCH][START][GameWorld][seed=0xE4511E]
[wall=1789950533][simulation=0.010][COMBAT][PROJECTILE_SPAWN][Blue][kind=Basic]
[wall=1789950533][simulation=0.000][MATCH][MINION_WAVE][GameWorld][count_per_team=3]
[wall=1789950533][simulation=0.000][MATCH][START][GameWorld][seed=0xE4511E]
[wall=1789950533][simulation=0.010][COMBAT][PROJECTILE_SPAWN][Blue][kind=Basic]
[wall=1789950533][simulation=0.010][COMBAT][PROJECTILE_SPAWN][Blue][kind=Ultimate]
[wall=1789950533][simulation=0.010][COMBAT][PROJECTILE_SPAWN][Red][kind=Ultimate]
[wall=1789950533][simulation=0.020][COMBAT][PROJECTILE_SPAWN][Blue][kind=Basic]
[wall=1789950533][simulation=0.000][MATCH][MINION_WAVE][GameWorld][count_per_team=3]
[wall=1789950533][simulation=0.000][MATCH][START][GameWorld][seed=0xE4511E]
[wall=1789950533][simulation=0.000][COMBAT][HERO_DEATH][PlayerHero][attacker=Red]
[wall=1789950533][simulation=5.000][COMBAT][HERO_RESPAWN][PlayerHero][]
[wall=1789950533][simulation=5.000][COMBAT][HERO_RESPAWN][BotHero][]
[wall=1789950533][simulation=0.000][MATCH][MINION_WAVE][GameWorld][count_per_team=3]
[wall=1789950533][simulation=0.000][MATCH][START][GameWorld][seed=0xE4511E]
[wall=1789950533][simulation=0.000][MATCH][BASE_DESTROYED][Blue][]
[wall=1789950533][simulation=0.010][MATCH][BASE_DESTROYED][Red][]
[wall=1789950533][simulation=0.010][MATCH][END][GameWorld][Draw]
[wall=1789950533][simulation=0.000][MATCH][MINION_WAVE][GameWorld][count_per_team=3]
[wall=1789950533][simulation=0.000][MATCH][START][GameWorld][seed=0xE4511E]
[wall=1789950533][simulation=0.000][MATCH][BASE_DESTROYED][Blue][]
[wall=1789950533][simulation=0.011][MATCH][BASE_DESTROYED][Red][]
[wall=1789950533][simulation=0.011][MATCH][END][GameWorld][Defeat]
[wall=1789950533][simulation=0.000][MATCH][MINION_WAVE][GameWorld][count_per_team=3]
[wall=1789950533][simulation=0.000][MATCH][START][GameWorld][seed=0xE4511E]
[wall=1789950533][simulation=0.000][MATCH][MINION_WAVE][GameWorld][count_per_team=3]
[wall=1789950533][simulation=0.000][MATCH][START][GameWorld][seed=0xE4511E]
[wall=1789950533][simulation=0.010][COMBAT][PROJECTILE_SPAWN][Blue][kind=Basic]
[wall=1789950533][simulation=0.120][MATCH][BASE_DESTROYED][Red][]
[wall=1789950533][simulation=0.130][MATCH][END][GameWorld][Victory]
[wall=1789950533][simulation=0.000][MATCH][MINION_WAVE][GameWorld][count_per_team=3]
[wall=1789950533][simulation=0.000][MATCH][START][GameWorld][seed=0xE4511E]
[wall=1789950533][simulation=0.000][MATCH][MINION_WAVE][GameWorld][count_per_team=3]
[wall=1789950533][simulation=0.000][MATCH][START][GameWorld][seed=0xE4511E]
[wall=1789950533][simulation=0.010][COMBAT][PROJECTILE_SPAWN][Blue][kind=Basic]
[wall=1789950533][simulation=0.120][MATCH][BASE_DESTROYED][Red][]
[wall=1789950533][simulation=0.130][MATCH][END][GameWorld][Victory]
[wall=1789950533][simulation=0.000][MATCH][MINION_WAVE][GameWorld][count_per_team=3]
[wall=1789950533][simulation=0.000][MATCH][START][GameWorld][seed=0xE4511E]
[wall=1789950533][simulation=0.000][MATCH][MINION_WAVE][GameWorld][count_per_team=3]
[wall=1789950533][simulation=0.000][MATCH][START][GameWorld][seed=0xE4511E]
[wall=1789950533][simulation=0.010][COMBAT][PROJECTILE_SPAWN][Blue][kind=Basic]
[wall=1789950533][simulation=0.120][MATCH][BASE_DESTROYED][Red][]
[wall=1789950533][simulation=0.130][MATCH][END][GameWorld][Victory]
[wall=1789950533][simulation=0.000][MATCH][MINION_WAVE][GameWorld][count_per_team=3]
[wall=1789950533][simulation=0.000][MATCH][START][GameWorld][seed=0xE4511E]
[wall=1789950533][simulation=0.000][MATCH][MINION_WAVE][GameWorld][count_per_team=3]
[wall=1789950533][simulation=0.000][MATCH][START][GameWorld][seed=0xE4511E]
[wall=1789950533][simulation=0.010][COMBAT][PROJECTILE_SPAWN][Blue][kind=Basic]
[wall=1789950533][simulation=0.120][MATCH][BASE_DESTROYED][Red][]
[wall=1789950533][simulation=0.130][MATCH][END][GameWorld][Victory]
[wall=1789950533][simulation=0.000][MATCH][MINION_WAVE][GameWorld][count_per_team=3]
[wall=1789950533][simulation=0.000][MATCH][START][GameWorld][seed=0xE4511E]
[wall=1789950533][simulation=0.000][MATCH][MINION_WAVE][GameWorld][count_per_team=3]
[wall=1789950533][simulation=0.000][MATCH][START][GameWorld][seed=0xE4511E]
[wall=1789950533][simulation=0.010][COMBAT][PROJECTILE_SPAWN][Blue][kind=Basic]
[wall=1789950533][simulation=0.120][MATCH][BASE_DESTROYED][Red][]
[wall=1789950533][simulation=0.130][MATCH][END][GameWorld][Victory]
[wall=1789950533][simulation=0.000][MATCH][MINION_WAVE][GameWorld][count_per_team=3]
[wall=1789950533][simulation=0.000][MATCH][START][GameWorld][seed=0xE4511E]
[wall=1789950533][simulation=0.000][MATCH][MINION_WAVE][GameWorld][count_per_team=3]
[wall=1789950533][simulation=0.000][MATCH][START][GameWorld][seed=0xE4511E]
[wall=1789950533][simulation=0.010][COMBAT][PROJECTILE_SPAWN][Blue][kind=Basic]
[wall=1789950533][simulation=0.120][MATCH][BASE_DESTROYED][Red][]
[wall=1789950533][simulation=0.130][MATCH][END][GameWorld][Victory]
[wall=1789950533][simulation=0.000][MATCH][MINION_WAVE][GameWorld][count_per_team=3]
[wall=1789950533][simulation=0.000][MATCH][START][GameWorld][seed=0xE4511E]
[wall=1789950533][simulation=0.000][MATCH][MINION_WAVE][GameWorld][count_per_team=3]
[wall=1789950533][simulation=0.000][MATCH][START][GameWorld][seed=0xE4511E]
[wall=1789950533][simulation=0.010][COMBAT][PROJECTILE_SPAWN][Blue][kind=Basic]
[wall=1789950533][simulation=0.120][MATCH][BASE_DESTROYED][Red][]
[wall=1789950533][simulation=0.130][MATCH][END][GameWorld][Victory]
[wall=1789950533][simulation=0.000][MATCH][MINION_WAVE][GameWorld][count_per_team=3]
[wall=1789950533][simulation=0.000][MATCH][START][GameWorld][seed=0xE4511E]
[wall=1789950533][simulation=0.000][MATCH][MINION_WAVE][GameWorld][count_per_team=3]
[wall=1789950533][simulation=0.000][MATCH][START][GameWorld][seed=0xE4511E]
[wall=1789950533][simulation=0.010][COMBAT][PROJECTILE_SPAWN][Blue][kind=Basic]
[wall=1789950533][simulation=0.120][MATCH][BASE_DESTROYED][Red][]
[wall=1789950533][simulation=0.130][MATCH][END][GameWorld][Victory]
[wall=1789950533][simulation=0.000][MATCH][MINION_WAVE][GameWorld][count_per_team=3]
[wall=1789950533][simulation=0.000][MATCH][START][GameWorld][seed=0xE4511E]
[wall=1789950533][simulation=0.000][MATCH][MINION_WAVE][GameWorld][count_per_team=3]
[wall=1789950533][simulation=0.000][MATCH][START][GameWorld][seed=0xE4511E]
[wall=1789950533][simulation=0.010][COMBAT][PROJECTILE_SPAWN][Blue][kind=Basic]
[wall=1789950533][simulation=0.120][MATCH][BASE_DESTROYED][Red][]
[wall=1789950533][simulation=0.130][MATCH][END][GameWorld][Victory]
[wall=1789950533][simulation=0.000][MATCH][MINION_WAVE][GameWorld][count_per_team=3]
[wall=1789950533][simulation=0.000][MATCH][START][GameWorld][seed=0xE4511E]
[wall=1789950533][simulation=0.000][MATCH][MINION_WAVE][GameWorld][count_per_team=3]
[wall=1789950533][simulation=0.000][MATCH][START][GameWorld][seed=0xE4511E]
[wall=1789950533][simulation=0.010][COMBAT][PROJECTILE_SPAWN][Blue][kind=Basic]
[wall=1789950533][simulation=0.120][MATCH][BASE_DESTROYED][Red][]
[wall=1789950533][simulation=0.130][MATCH][END][GameWorld][Victory]
[wall=1789950533][simulation=0.000][MATCH][MINION_WAVE][GameWorld][count_per_team=3]
[wall=1789950533][simulation=0.000][MATCH][START][GameWorld][seed=0xE4511E]
[wall=1789950533][simulation=0.000][MATCH][MINION_WAVE][GameWorld][count_per_team=3]
[wall=1789950533][simulation=0.000][MATCH][START][GameWorld][seed=0xE4511E]
[wall=1789950533][simulation=0.120][COMBAT][PROJECTILE_SPAWN][Blue][kind=Basic]
[wall=1789950533][simulation=0.120][COMBAT][PROJECTILE_SPAWN][Blue][kind=Ultimate]
[wall=1789950533][simulation=0.120][COMBAT][PROJECTILE_SPAWN][Red][kind=Basic]
[wall=1789950533][simulation=0.120][COMBAT][PROJECTILE_SPAWN][Red][kind=Ultimate]
[wall=1789950533][simulation=0.180][COMBAT][HERO_DEATH][BotHero][attacker=Blue]
[wall=1789950533][simulation=5.180][COMBAT][HERO_RESPAWN][BotHero][]
[wall=1789950533][simulation=5.190][MATCH][TOWER_DESTROYED][Red][]
[wall=1789950533][simulation=5.200][COMBAT][PROJECTILE_SPAWN][Blue][kind=Basic]
[wall=1789950533][simulation=5.310][MATCH][BASE_DESTROYED][Red][]
[wall=1789950533][simulation=5.320][MATCH][END][GameWorld][Victory]
[wall=1789950533][simulation=0.000][MATCH][MINION_WAVE][GameWorld][count_per_team=3]
[wall=1789950533][simulation=0.000][MATCH][START][GameWorld][seed=0xE4511E]
[wall=1789950548][simulation=0.000][APP][WINDOW_CREATED][Application][]
[wall=1789950548][simulation=0.000][APP][DX11_READY][Renderer][]
[wall=1789950548][simulation=0.000][APP][HUD_READY][HUDRenderer][smoke=1]
[wall=1789950548][simulation=0.000][APP][FRAMES_RENDERED][Renderer][count=5]
[wall=1789950548][simulation=0.000][APP][EXIT][Application][]
[wall=1789950697][simulation=0.000][MATCH][MINION_WAVE][GameWorld][count_per_team=3]
[wall=1789950697][simulation=0.000][MATCH][START][GameWorld][seed=0xE4511E]
[wall=1789950697][simulation=0.000][MATCH][MINION_WAVE][GameWorld][count_per_team=3]
[wall=1789950697][simulation=0.000][MATCH][START][GameWorld][seed=0xE4511E]
[wall=1789950697][simulation=0.010][COMBAT][PROJECTILE_SPAWN][Blue][kind=Basic]
[wall=1789950697][simulation=0.010][COMBAT][PROJECTILE_SPAWN][Blue][kind=Ultimate]
[wall=1789950697][simulation=0.000][MATCH][MINION_WAVE][GameWorld][count_per_team=3]
[wall=1789950697][simulation=0.000][MATCH][START][GameWorld][seed=0xE4511E]
[wall=1789950697][simulation=0.100][COMBAT][PROJECTILE_SPAWN][Red][kind=Basic]
[wall=1789950697][simulation=0.100][COMBAT][PROJECTILE_SPAWN][Red][kind=Ultimate]
[wall=1789950697][simulation=0.000][MATCH][MINION_WAVE][GameWorld][count_per_team=3]
[wall=1789950697][simulation=0.000][MATCH][START][GameWorld][seed=0xE4511E]
[wall=1789950697][simulation=0.000][MATCH][TOWER_DESTROYED][Red][]
[wall=1789950697][simulation=0.780][COMBAT][PROJECTILE_SPAWN][Red][kind=Ultimate]
[wall=1789950697][simulation=1.300][COMBAT][MINION_DEATH][Blue][attacker=Red]
[wall=1789950697][simulation=1.690][COMBAT][PROJECTILE_SPAWN][Red][kind=Basic]
[wall=1789950697][simulation=10.780][COMBAT][PROJECTILE_SPAWN][Red][kind=Ultimate]
[wall=1789950697][simulation=11.690][COMBAT][PROJECTILE_SPAWN][Red][kind=Basic]
[wall=1789950697][simulation=12.000][MATCH][MINION_WAVE][GameWorld][count_per_team=3]
[wall=1789950697][simulation=0.000][MATCH][MINION_WAVE][GameWorld][count_per_team=3]
[wall=1789950697][simulation=0.000][MATCH][START][GameWorld][seed=0xE4511E]
[wall=1789950697][simulation=0.000][MATCH][MINION_WAVE][GameWorld][count_per_team=3]
[wall=1789950697][simulation=0.000][MATCH][START][GameWorld][seed=0xE4511E]
[wall=1789950697][simulation=0.000][COMBAT][MINION_DEATH][Red][attacker=Blue]
[wall=1789950697][simulation=0.000][COMBAT][MINION_DEATH][Red][attacker=Blue]
[wall=1789950697][simulation=0.000][COMBAT][MINION_DEATH][Red][attacker=Blue]
[wall=1789950697][simulation=0.000][COMBAT][MINION_DEATH][Red][attacker=Blue]
[wall=1789950697][simulation=0.000][COMBAT][MINION_DEATH][Red][attacker=Blue]
[wall=1789950697][simulation=0.000][COMBAT][MINION_DEATH][Red][attacker=Blue]
[wall=1789950697][simulation=0.000][COMBAT][MINION_DEATH][Red][attacker=Blue]
[wall=1789950697][simulation=0.000][COMBAT][MINION_DEATH][Red][attacker=Blue]
[wall=1789950697][simulation=0.000][COMBAT][MINION_DEATH][Red][attacker=Blue]
[wall=1789950697][simulation=0.000][COMBAT][MINION_DEATH][Red][attacker=Blue]
[wall=1789950697][simulation=0.000][COMBAT][MINION_DEATH][Red][attacker=Blue]
[wall=1789950697][simulation=0.000][COMBAT][MINION_DEATH][Red][attacker=Blue]
[wall=1789950697][simulation=0.000][COMBAT][MINION_DEATH][Red][attacker=Blue]
[wall=1789950697][simulation=0.000][COMBAT][MINION_DEATH][Red][attacker=Blue]
[wall=1789950697][simulation=0.000][COMBAT][MINION_DEATH][Red][attacker=Blue]
[wall=1789950697][simulation=0.000][COMBAT][MINION_DEATH][Red][attacker=Blue]
[wall=1789950697][simulation=0.000][COMBAT][MINION_DEATH][Red][attacker=Blue]
[wall=1789950697][simulation=0.000][COMBAT][MINION_DEATH][Red][attacker=Blue]
[wall=1789950697][simulation=0.000][COMBAT][MINION_DEATH][Red][attacker=Blue]
[wall=1789950697][simulation=0.000][COMBAT][MINION_DEATH][Red][attacker=Blue]
[wall=1789950697][simulation=0.000][COMBAT][MINION_DEATH][Red][attacker=Blue]
[wall=1789950697][simulation=0.000][COMBAT][MINION_DEATH][Red][attacker=Blue]
[wall=1789950697][simulation=0.000][COMBAT][MINION_DEATH][Red][attacker=Blue]
[wall=1789950697][simulation=0.000][COMBAT][MINION_DEATH][Red][attacker=Blue]
[wall=1789950697][simulation=0.000][COMBAT][MINION_DEATH][Red][attacker=Blue]
[wall=1789950697][simulation=0.000][COMBAT][MINION_DEATH][Red][attacker=Blue]
[wall=1789950697][simulation=0.000][COMBAT][MINION_DEATH][Red][attacker=Blue]
[wall=1789950697][simulation=0.000][COMBAT][MINION_DEATH][Red][attacker=Blue]
[wall=1789950697][simulation=0.000][COMBAT][MINION_DEATH][Red][attacker=Blue]
[wall=1789950697][simulation=0.000][COMBAT][MINION_DEATH][Red][attacker=Blue]
[wall=1789950697][simulation=0.000][COMBAT][MINION_DEATH][Red][attacker=Blue]
[wall=1789950697][simulation=0.000][COMBAT][MINION_DEATH][Red][attacker=Blue]
[wall=1789950697][simulation=0.000][COMBAT][MINION_DEATH][Red][attacker=Blue]
[wall=1789950697][simulation=0.000][COMBAT][MINION_DEATH][Red][attacker=Blue]
[wall=1789950697][simulation=0.000][COMBAT][MINION_DEATH][Red][attacker=Blue]
[wall=1789950697][simulation=0.000][COMBAT][MINION_DEATH][Red][attacker=Blue]
[wall=1789950697][simulation=0.000][COMBAT][MINION_DEATH][Red][attacker=Blue]
[wall=1789950697][simulation=0.000][COMBAT][MINION_DEATH][Red][attacker=Blue]
[wall=1789950697][simulation=0.000][COMBAT][MINION_DEATH][Red][attacker=Blue]
[wall=1789950697][simulation=0.000][COMBAT][MINION_DEATH][Red][attacker=Blue]
[wall=1789950697][simulation=0.000][COMBAT][MINION_DEATH][Red][attacker=Blue]
[wall=1789950697][simulation=0.000][COMBAT][MINION_DEATH][Red][attacker=Blue]
[wall=1789950697][simulation=0.000][COMBAT][MINION_DEATH][Red][attacker=Blue]
[wall=1789950697][simulation=0.000][COMBAT][MINION_DEATH][Red][attacker=Blue]
[wall=1789950697][simulation=0.000][COMBAT][MINION_DEATH][Red][attacker=Blue]
[wall=1789950697][simulation=0.000][COMBAT][MINION_DEATH][Red][attacker=Blue]
[wall=1789950697][simulation=0.000][COMBAT][MINION_DEATH][Red][attacker=Blue]
[wall=1789950697][simulation=0.000][COMBAT][MINION_DEATH][Red][attacker=Blue]
[wall=1789950697][simulation=0.000][COMBAT][MINION_DEATH][Red][attacker=Blue]
[wall=1789950697][simulation=0.000][COMBAT][MINION_DEATH][Red][attacker=Blue]
[wall=1789950697][simulation=0.000][MATCH][MINION_WAVE][GameWorld][count_per_team=3]
[wall=1789950697][simulation=0.000][MATCH][START][GameWorld][seed=0xE4511E]
[wall=1789950697][simulation=0.010][COMBAT][PROJECTILE_SPAWN][Blue][kind=Basic]
[wall=1789950697][simulation=0.010][MATCH][PAUSE][GameWorld][]
[wall=1789950697][simulation=0.010][MATCH][RESUME][GameWorld][]
[wall=1789950697][simulation=0.010][MATCH][BASE_DESTROYED][Red][]
[wall=1789950697][simulation=0.020][MATCH][END][GameWorld][Victory]
[wall=1789950697][simulation=0.000][MATCH][MINION_WAVE][GameWorld][count_per_team=3]
[wall=1789950697][simulation=0.000][MATCH][START][GameWorld][seed=0xE4511E]
[wall=1789950697][simulation=0.010][COMBAT][PROJECTILE_SPAWN][Blue][kind=Basic]
[wall=1789950697][simulation=0.000][MATCH][MINION_WAVE][GameWorld][count_per_team=3]
[wall=1789950697][simulation=0.000][MATCH][START][GameWorld][seed=0xE4511E]
[wall=1789950697][simulation=0.010][COMBAT][PROJECTILE_SPAWN][Blue][kind=Basic]
[wall=1789950697][simulation=0.010][COMBAT][PROJECTILE_SPAWN][Blue][kind=Ultimate]
[wall=1789950697][simulation=0.010][COMBAT][PROJECTILE_SPAWN][Red][kind=Ultimate]
[wall=1789950697][simulation=0.020][COMBAT][PROJECTILE_SPAWN][Blue][kind=Basic]
[wall=1789950697][simulation=0.000][MATCH][MINION_WAVE][GameWorld][count_per_team=3]
[wall=1789950697][simulation=0.000][MATCH][START][GameWorld][seed=0xE4511E]
[wall=1789950697][simulation=0.000][COMBAT][HERO_DEATH][PlayerHero][attacker=Red]
[wall=1789950697][simulation=5.000][COMBAT][HERO_RESPAWN][PlayerHero][]
[wall=1789950697][simulation=5.000][COMBAT][HERO_RESPAWN][BotHero][]
[wall=1789950697][simulation=0.000][MATCH][MINION_WAVE][GameWorld][count_per_team=3]
[wall=1789950697][simulation=0.000][MATCH][START][GameWorld][seed=0xE4511E]
[wall=1789950697][simulation=0.000][MATCH][BASE_DESTROYED][Blue][]
[wall=1789950697][simulation=0.010][MATCH][BASE_DESTROYED][Red][]
[wall=1789950697][simulation=0.010][MATCH][END][GameWorld][Draw]
[wall=1789950697][simulation=0.000][MATCH][MINION_WAVE][GameWorld][count_per_team=3]
[wall=1789950697][simulation=0.000][MATCH][START][GameWorld][seed=0xE4511E]
[wall=1789950697][simulation=0.000][MATCH][BASE_DESTROYED][Blue][]
[wall=1789950697][simulation=0.011][MATCH][BASE_DESTROYED][Red][]
[wall=1789950697][simulation=0.011][MATCH][END][GameWorld][Defeat]
[wall=1789950697][simulation=0.000][MATCH][MINION_WAVE][GameWorld][count_per_team=3]
[wall=1789950697][simulation=0.000][MATCH][START][GameWorld][seed=0xE4511E]
[wall=1789950697][simulation=0.000][MATCH][MINION_WAVE][GameWorld][count_per_team=3]
[wall=1789950697][simulation=0.000][MATCH][START][GameWorld][seed=0xE4511E]
[wall=1789950697][simulation=0.010][COMBAT][PROJECTILE_SPAWN][Blue][kind=Basic]
[wall=1789950697][simulation=0.120][MATCH][BASE_DESTROYED][Red][]
[wall=1789950697][simulation=0.130][MATCH][END][GameWorld][Victory]
[wall=1789950697][simulation=0.000][MATCH][MINION_WAVE][GameWorld][count_per_team=3]
[wall=1789950697][simulation=0.000][MATCH][START][GameWorld][seed=0xE4511E]
[wall=1789950697][simulation=0.000][MATCH][MINION_WAVE][GameWorld][count_per_team=3]
[wall=1789950697][simulation=0.000][MATCH][START][GameWorld][seed=0xE4511E]
[wall=1789950697][simulation=0.010][COMBAT][PROJECTILE_SPAWN][Blue][kind=Basic]
[wall=1789950697][simulation=0.120][MATCH][BASE_DESTROYED][Red][]
[wall=1789950697][simulation=0.130][MATCH][END][GameWorld][Victory]
[wall=1789950697][simulation=0.000][MATCH][MINION_WAVE][GameWorld][count_per_team=3]
[wall=1789950697][simulation=0.000][MATCH][START][GameWorld][seed=0xE4511E]
[wall=1789950697][simulation=0.000][MATCH][MINION_WAVE][GameWorld][count_per_team=3]
[wall=1789950697][simulation=0.000][MATCH][START][GameWorld][seed=0xE4511E]
[wall=1789950697][simulation=0.010][COMBAT][PROJECTILE_SPAWN][Blue][kind=Basic]
[wall=1789950697][simulation=0.120][MATCH][BASE_DESTROYED][Red][]
[wall=1789950697][simulation=0.130][MATCH][END][GameWorld][Victory]
[wall=1789950697][simulation=0.000][MATCH][MINION_WAVE][GameWorld][count_per_team=3]
[wall=1789950697][simulation=0.000][MATCH][START][GameWorld][seed=0xE4511E]
[wall=1789950697][simulation=0.000][MATCH][MINION_WAVE][GameWorld][count_per_team=3]
[wall=1789950697][simulation=0.000][MATCH][START][GameWorld][seed=0xE4511E]
[wall=1789950697][simulation=0.010][COMBAT][PROJECTILE_SPAWN][Blue][kind=Basic]
[wall=1789950697][simulation=0.120][MATCH][BASE_DESTROYED][Red][]
[wall=1789950697][simulation=0.130][MATCH][END][GameWorld][Victory]
[wall=1789950697][simulation=0.000][MATCH][MINION_WAVE][GameWorld][count_per_team=3]
[wall=1789950697][simulation=0.000][MATCH][START][GameWorld][seed=0xE4511E]
[wall=1789950697][simulation=0.000][MATCH][MINION_WAVE][GameWorld][count_per_team=3]
[wall=1789950697][simulation=0.000][MATCH][START][GameWorld][seed=0xE4511E]
[wall=1789950697][simulation=0.010][COMBAT][PROJECTILE_SPAWN][Blue][kind=Basic]
[wall=1789950697][simulation=0.120][MATCH][BASE_DESTROYED][Red][]
[wall=1789950697][simulation=0.130][MATCH][END][GameWorld][Victory]
[wall=1789950697][simulation=0.000][MATCH][MINION_WAVE][GameWorld][count_per_team=3]
[wall=1789950697][simulation=0.000][MATCH][START][GameWorld][seed=0xE4511E]
[wall=1789950697][simulation=0.000][MATCH][MINION_WAVE][GameWorld][count_per_team=3]
[wall=1789950697][simulation=0.000][MATCH][START][GameWorld][seed=0xE4511E]
[wall=1789950697][simulation=0.010][COMBAT][PROJECTILE_SPAWN][Blue][kind=Basic]
[wall=1789950697][simulation=0.120][MATCH][BASE_DESTROYED][Red][]
[wall=1789950697][simulation=0.130][MATCH][END][GameWorld][Victory]
[wall=1789950697][simulation=0.000][MATCH][MINION_WAVE][GameWorld][count_per_team=3]
[wall=1789950697][simulation=0.000][MATCH][START][GameWorld][seed=0xE4511E]
[wall=1789950697][simulation=0.000][MATCH][MINION_WAVE][GameWorld][count_per_team=3]
[wall=1789950697][simulation=0.000][MATCH][START][GameWorld][seed=0xE4511E]
[wall=1789950697][simulation=0.010][COMBAT][PROJECTILE_SPAWN][Blue][kind=Basic]
[wall=1789950697][simulation=0.120][MATCH][BASE_DESTROYED][Red][]
[wall=1789950697][simulation=0.130][MATCH][END][GameWorld][Victory]
[wall=1789950697][simulation=0.000][MATCH][MINION_WAVE][GameWorld][count_per_team=3]
[wall=1789950697][simulation=0.000][MATCH][START][GameWorld][seed=0xE4511E]
[wall=1789950697][simulation=0.000][MATCH][MINION_WAVE][GameWorld][count_per_team=3]
[wall=1789950697][simulation=0.000][MATCH][START][GameWorld][seed=0xE4511E]
[wall=1789950697][simulation=0.010][COMBAT][PROJECTILE_SPAWN][Blue][kind=Basic]
[wall=1789950697][simulation=0.120][MATCH][BASE_DESTROYED][Red][]
[wall=1789950697][simulation=0.130][MATCH][END][GameWorld][Victory]
[wall=1789950697][simulation=0.000][MATCH][MINION_WAVE][GameWorld][count_per_team=3]
[wall=1789950697][simulation=0.000][MATCH][START][GameWorld][seed=0xE4511E]
[wall=1789950697][simulation=0.000][MATCH][MINION_WAVE][GameWorld][count_per_team=3]
[wall=1789950697][simulation=0.000][MATCH][START][GameWorld][seed=0xE4511E]
[wall=1789950697][simulation=0.010][COMBAT][PROJECTILE_SPAWN][Blue][kind=Basic]
[wall=1789950697][simulation=0.120][MATCH][BASE_DESTROYED][Red][]
[wall=1789950697][simulation=0.130][MATCH][END][GameWorld][Victory]
[wall=1789950697][simulation=0.000][MATCH][MINION_WAVE][GameWorld][count_per_team=3]
[wall=1789950697][simulation=0.000][MATCH][START][GameWorld][seed=0xE4511E]
[wall=1789950697][simulation=0.000][MATCH][MINION_WAVE][GameWorld][count_per_team=3]
[wall=1789950697][simulation=0.000][MATCH][START][GameWorld][seed=0xE4511E]
[wall=1789950697][simulation=0.010][COMBAT][PROJECTILE_SPAWN][Blue][kind=Basic]
[wall=1789950697][simulation=0.120][MATCH][BASE_DESTROYED][Red][]
[wall=1789950697][simulation=0.130][MATCH][END][GameWorld][Victory]
[wall=1789950697][simulation=0.000][MATCH][MINION_WAVE][GameWorld][count_per_team=3]
[wall=1789950697][simulation=0.000][MATCH][START][GameWorld][seed=0xE4511E]
[wall=1789950697][simulation=0.000][MATCH][MINION_WAVE][GameWorld][count_per_team=3]
[wall=1789950697][simulation=0.000][MATCH][START][GameWorld][seed=0xE4511E]
[wall=1789950697][simulation=0.120][COMBAT][PROJECTILE_SPAWN][Blue][kind=Basic]
[wall=1789950697][simulation=0.120][COMBAT][PROJECTILE_SPAWN][Blue][kind=Ultimate]
[wall=1789950697][simulation=0.120][COMBAT][PROJECTILE_SPAWN][Red][kind=Basic]
[wall=1789950697][simulation=0.120][COMBAT][PROJECTILE_SPAWN][Red][kind=Ultimate]
[wall=1789950697][simulation=0.180][COMBAT][HERO_DEATH][BotHero][attacker=Blue]
[wall=1789950697][simulation=5.180][COMBAT][HERO_RESPAWN][BotHero][]
[wall=1789950697][simulation=5.190][MATCH][TOWER_DESTROYED][Red][]
[wall=1789950697][simulation=5.200][COMBAT][PROJECTILE_SPAWN][Blue][kind=Basic]
[wall=1789950697][simulation=5.310][MATCH][BASE_DESTROYED][Red][]
[wall=1789950697][simulation=5.320][MATCH][END][GameWorld][Victory]
[wall=1789950697][simulation=0.000][MATCH][MINION_WAVE][GameWorld][count_per_team=3]
[wall=1789950697][simulation=0.000][MATCH][START][GameWorld][seed=0xE4511E]
[wall=1789950739][simulation=0.000][MATCH][MINION_WAVE][GameWorld][count_per_team=3]
[wall=1789950739][simulation=0.000][MATCH][START][GameWorld][seed=0xE4511E]
[wall=1789950739][simulation=0.000][MATCH][MINION_WAVE][GameWorld][count_per_team=3]
[wall=1789950739][simulation=0.000][MATCH][START][GameWorld][seed=0xE4511E]
[wall=1789950739][simulation=0.010][COMBAT][PROJECTILE_SPAWN][Blue][kind=Basic]
[wall=1789950739][simulation=0.010][COMBAT][PROJECTILE_SPAWN][Blue][kind=Ultimate]
[wall=1789950739][simulation=0.000][MATCH][MINION_WAVE][GameWorld][count_per_team=3]
[wall=1789950739][simulation=0.000][MATCH][START][GameWorld][seed=0xE4511E]
[wall=1789950739][simulation=0.100][COMBAT][PROJECTILE_SPAWN][Red][kind=Basic]
[wall=1789950739][simulation=0.100][COMBAT][PROJECTILE_SPAWN][Red][kind=Ultimate]
[wall=1789950739][simulation=0.000][MATCH][MINION_WAVE][GameWorld][count_per_team=3]
[wall=1789950739][simulation=0.000][MATCH][START][GameWorld][seed=0xE4511E]
[wall=1789950739][simulation=0.000][MATCH][TOWER_DESTROYED][Red][]
[wall=1789950739][simulation=0.780][COMBAT][PROJECTILE_SPAWN][Red][kind=Ultimate]
[wall=1789950739][simulation=1.300][COMBAT][MINION_DEATH][Blue][attacker=Red]
[wall=1789950739][simulation=1.690][COMBAT][PROJECTILE_SPAWN][Red][kind=Basic]
[wall=1789950739][simulation=10.780][COMBAT][PROJECTILE_SPAWN][Red][kind=Ultimate]
[wall=1789950739][simulation=11.690][COMBAT][PROJECTILE_SPAWN][Red][kind=Basic]
[wall=1789950739][simulation=12.000][MATCH][MINION_WAVE][GameWorld][count_per_team=3]
[wall=1789950739][simulation=0.000][MATCH][MINION_WAVE][GameWorld][count_per_team=3]
[wall=1789950739][simulation=0.000][MATCH][START][GameWorld][seed=0xE4511E]
[wall=1789950739][simulation=0.000][MATCH][MINION_WAVE][GameWorld][count_per_team=3]
[wall=1789950739][simulation=0.000][MATCH][START][GameWorld][seed=0xE4511E]
[wall=1789950739][simulation=0.000][COMBAT][MINION_DEATH][Red][attacker=Blue]
[wall=1789950739][simulation=0.000][COMBAT][MINION_DEATH][Red][attacker=Blue]
[wall=1789950739][simulation=0.000][COMBAT][MINION_DEATH][Red][attacker=Blue]
[wall=1789950739][simulation=0.000][COMBAT][MINION_DEATH][Red][attacker=Blue]
[wall=1789950739][simulation=0.000][COMBAT][MINION_DEATH][Red][attacker=Blue]
[wall=1789950739][simulation=0.000][COMBAT][MINION_DEATH][Red][attacker=Blue]
[wall=1789950739][simulation=0.000][COMBAT][MINION_DEATH][Red][attacker=Blue]
[wall=1789950739][simulation=0.000][COMBAT][MINION_DEATH][Red][attacker=Blue]
[wall=1789950739][simulation=0.000][COMBAT][MINION_DEATH][Red][attacker=Blue]
[wall=1789950739][simulation=0.000][COMBAT][MINION_DEATH][Red][attacker=Blue]
[wall=1789950739][simulation=0.000][COMBAT][MINION_DEATH][Red][attacker=Blue]
[wall=1789950739][simulation=0.000][COMBAT][MINION_DEATH][Red][attacker=Blue]
[wall=1789950739][simulation=0.000][COMBAT][MINION_DEATH][Red][attacker=Blue]
[wall=1789950739][simulation=0.000][COMBAT][MINION_DEATH][Red][attacker=Blue]
[wall=1789950739][simulation=0.000][COMBAT][MINION_DEATH][Red][attacker=Blue]
[wall=1789950739][simulation=0.000][COMBAT][MINION_DEATH][Red][attacker=Blue]
[wall=1789950739][simulation=0.000][COMBAT][MINION_DEATH][Red][attacker=Blue]
[wall=1789950739][simulation=0.000][COMBAT][MINION_DEATH][Red][attacker=Blue]
[wall=1789950739][simulation=0.000][COMBAT][MINION_DEATH][Red][attacker=Blue]
[wall=1789950739][simulation=0.000][COMBAT][MINION_DEATH][Red][attacker=Blue]
[wall=1789950739][simulation=0.000][COMBAT][MINION_DEATH][Red][attacker=Blue]
[wall=1789950739][simulation=0.000][COMBAT][MINION_DEATH][Red][attacker=Blue]
[wall=1789950739][simulation=0.000][COMBAT][MINION_DEATH][Red][attacker=Blue]
[wall=1789950739][simulation=0.000][COMBAT][MINION_DEATH][Red][attacker=Blue]
[wall=1789950739][simulation=0.000][COMBAT][MINION_DEATH][Red][attacker=Blue]
[wall=1789950739][simulation=0.000][COMBAT][MINION_DEATH][Red][attacker=Blue]
[wall=1789950739][simulation=0.000][COMBAT][MINION_DEATH][Red][attacker=Blue]
[wall=1789950739][simulation=0.000][COMBAT][MINION_DEATH][Red][attacker=Blue]
[wall=1789950739][simulation=0.000][COMBAT][MINION_DEATH][Red][attacker=Blue]
[wall=1789950739][simulation=0.000][COMBAT][MINION_DEATH][Red][attacker=Blue]
[wall=1789950739][simulation=0.000][COMBAT][MINION_DEATH][Red][attacker=Blue]
[wall=1789950739][simulation=0.000][COMBAT][MINION_DEATH][Red][attacker=Blue]
[wall=1789950739][simulation=0.000][COMBAT][MINION_DEATH][Red][attacker=Blue]
[wall=1789950739][simulation=0.000][COMBAT][MINION_DEATH][Red][attacker=Blue]
[wall=1789950739][simulation=0.000][COMBAT][MINION_DEATH][Red][attacker=Blue]
[wall=1789950739][simulation=0.000][COMBAT][MINION_DEATH][Red][attacker=Blue]
[wall=1789950739][simulation=0.000][COMBAT][MINION_DEATH][Red][attacker=Blue]
[wall=1789950739][simulation=0.000][COMBAT][MINION_DEATH][Red][attacker=Blue]
[wall=1789950739][simulation=0.000][COMBAT][MINION_DEATH][Red][attacker=Blue]
[wall=1789950739][simulation=0.000][COMBAT][MINION_DEATH][Red][attacker=Blue]
[wall=1789950739][simulation=0.000][COMBAT][MINION_DEATH][Red][attacker=Blue]
[wall=1789950739][simulation=0.000][COMBAT][MINION_DEATH][Red][attacker=Blue]
[wall=1789950739][simulation=0.000][COMBAT][MINION_DEATH][Red][attacker=Blue]
[wall=1789950739][simulation=0.000][COMBAT][MINION_DEATH][Red][attacker=Blue]
[wall=1789950739][simulation=0.000][COMBAT][MINION_DEATH][Red][attacker=Blue]
[wall=1789950739][simulation=0.000][COMBAT][MINION_DEATH][Red][attacker=Blue]
[wall=1789950739][simulation=0.000][COMBAT][MINION_DEATH][Red][attacker=Blue]
[wall=1789950739][simulation=0.000][COMBAT][MINION_DEATH][Red][attacker=Blue]
[wall=1789950739][simulation=0.000][COMBAT][MINION_DEATH][Red][attacker=Blue]
[wall=1789950739][simulation=0.000][COMBAT][MINION_DEATH][Red][attacker=Blue]
[wall=1789950739][simulation=0.000][MATCH][MINION_WAVE][GameWorld][count_per_team=3]
[wall=1789950739][simulation=0.000][MATCH][START][GameWorld][seed=0xE4511E]
[wall=1789950739][simulation=0.010][COMBAT][PROJECTILE_SPAWN][Blue][kind=Basic]
[wall=1789950739][simulation=0.010][MATCH][PAUSE][GameWorld][]
[wall=1789950739][simulation=0.010][MATCH][RESUME][GameWorld][]
[wall=1789950739][simulation=0.010][MATCH][BASE_DESTROYED][Red][]
[wall=1789950739][simulation=0.020][MATCH][END][GameWorld][Victory]
[wall=1789950739][simulation=0.000][MATCH][MINION_WAVE][GameWorld][count_per_team=3]
[wall=1789950739][simulation=0.000][MATCH][START][GameWorld][seed=0xE4511E]
[wall=1789950739][simulation=0.010][COMBAT][PROJECTILE_SPAWN][Blue][kind=Basic]
[wall=1789950739][simulation=0.000][MATCH][MINION_WAVE][GameWorld][count_per_team=3]
[wall=1789950739][simulation=0.000][MATCH][START][GameWorld][seed=0xE4511E]
[wall=1789950739][simulation=0.010][COMBAT][PROJECTILE_SPAWN][Blue][kind=Basic]
[wall=1789950739][simulation=0.010][COMBAT][PROJECTILE_SPAWN][Blue][kind=Ultimate]
[wall=1789950739][simulation=0.010][COMBAT][PROJECTILE_SPAWN][Red][kind=Ultimate]
[wall=1789950739][simulation=0.020][COMBAT][PROJECTILE_SPAWN][Blue][kind=Basic]
[wall=1789950739][simulation=0.000][MATCH][MINION_WAVE][GameWorld][count_per_team=3]
[wall=1789950739][simulation=0.000][MATCH][START][GameWorld][seed=0xE4511E]
[wall=1789950739][simulation=0.000][COMBAT][HERO_DEATH][PlayerHero][attacker=Red]
[wall=1789950739][simulation=5.000][COMBAT][HERO_RESPAWN][PlayerHero][]
[wall=1789950739][simulation=5.000][COMBAT][HERO_RESPAWN][BotHero][]
[wall=1789950739][simulation=0.000][MATCH][MINION_WAVE][GameWorld][count_per_team=3]
[wall=1789950739][simulation=0.000][MATCH][START][GameWorld][seed=0xE4511E]
[wall=1789950739][simulation=0.000][MATCH][BASE_DESTROYED][Blue][]
[wall=1789950739][simulation=0.010][MATCH][BASE_DESTROYED][Red][]
[wall=1789950739][simulation=0.010][MATCH][END][GameWorld][Draw]
[wall=1789950739][simulation=0.000][MATCH][MINION_WAVE][GameWorld][count_per_team=3]
[wall=1789950739][simulation=0.000][MATCH][START][GameWorld][seed=0xE4511E]
[wall=1789950739][simulation=0.000][MATCH][BASE_DESTROYED][Blue][]
[wall=1789950739][simulation=0.011][MATCH][BASE_DESTROYED][Red][]
[wall=1789950739][simulation=0.011][MATCH][END][GameWorld][Defeat]
[wall=1789950739][simulation=0.000][MATCH][MINION_WAVE][GameWorld][count_per_team=3]
[wall=1789950739][simulation=0.000][MATCH][START][GameWorld][seed=0xE4511E]
[wall=1789950739][simulation=0.000][MATCH][MINION_WAVE][GameWorld][count_per_team=3]
[wall=1789950739][simulation=0.000][MATCH][START][GameWorld][seed=0xE4511E]
[wall=1789950739][simulation=0.010][COMBAT][PROJECTILE_SPAWN][Blue][kind=Basic]
[wall=1789950739][simulation=0.120][MATCH][BASE_DESTROYED][Red][]
[wall=1789950739][simulation=0.130][MATCH][END][GameWorld][Victory]
[wall=1789950739][simulation=0.000][MATCH][MINION_WAVE][GameWorld][count_per_team=3]
[wall=1789950739][simulation=0.000][MATCH][START][GameWorld][seed=0xE4511E]
[wall=1789950739][simulation=0.000][MATCH][MINION_WAVE][GameWorld][count_per_team=3]
[wall=1789950739][simulation=0.000][MATCH][START][GameWorld][seed=0xE4511E]
[wall=1789950739][simulation=0.010][COMBAT][PROJECTILE_SPAWN][Blue][kind=Basic]
[wall=1789950739][simulation=0.120][MATCH][BASE_DESTROYED][Red][]
[wall=1789950739][simulation=0.130][MATCH][END][GameWorld][Victory]
[wall=1789950739][simulation=0.000][MATCH][MINION_WAVE][GameWorld][count_per_team=3]
[wall=1789950739][simulation=0.000][MATCH][START][GameWorld][seed=0xE4511E]
[wall=1789950739][simulation=0.000][MATCH][MINION_WAVE][GameWorld][count_per_team=3]
[wall=1789950739][simulation=0.000][MATCH][START][GameWorld][seed=0xE4511E]
[wall=1789950739][simulation=0.010][COMBAT][PROJECTILE_SPAWN][Blue][kind=Basic]
[wall=1789950739][simulation=0.120][MATCH][BASE_DESTROYED][Red][]
[wall=1789950739][simulation=0.130][MATCH][END][GameWorld][Victory]
[wall=1789950739][simulation=0.000][MATCH][MINION_WAVE][GameWorld][count_per_team=3]
[wall=1789950739][simulation=0.000][MATCH][START][GameWorld][seed=0xE4511E]
[wall=1789950739][simulation=0.000][MATCH][MINION_WAVE][GameWorld][count_per_team=3]
[wall=1789950739][simulation=0.000][MATCH][START][GameWorld][seed=0xE4511E]
[wall=1789950739][simulation=0.010][COMBAT][PROJECTILE_SPAWN][Blue][kind=Basic]
[wall=1789950739][simulation=0.120][MATCH][BASE_DESTROYED][Red][]
[wall=1789950739][simulation=0.130][MATCH][END][GameWorld][Victory]
[wall=1789950739][simulation=0.000][MATCH][MINION_WAVE][GameWorld][count_per_team=3]
[wall=1789950739][simulation=0.000][MATCH][START][GameWorld][seed=0xE4511E]
[wall=1789950739][simulation=0.000][MATCH][MINION_WAVE][GameWorld][count_per_team=3]
[wall=1789950739][simulation=0.000][MATCH][START][GameWorld][seed=0xE4511E]
[wall=1789950739][simulation=0.010][COMBAT][PROJECTILE_SPAWN][Blue][kind=Basic]
[wall=1789950739][simulation=0.120][MATCH][BASE_DESTROYED][Red][]
[wall=1789950739][simulation=0.130][MATCH][END][GameWorld][Victory]
[wall=1789950739][simulation=0.000][MATCH][MINION_WAVE][GameWorld][count_per_team=3]
[wall=1789950739][simulation=0.000][MATCH][START][GameWorld][seed=0xE4511E]
[wall=1789950739][simulation=0.000][MATCH][MINION_WAVE][GameWorld][count_per_team=3]
[wall=1789950739][simulation=0.000][MATCH][START][GameWorld][seed=0xE4511E]
[wall=1789950739][simulation=0.010][COMBAT][PROJECTILE_SPAWN][Blue][kind=Basic]
[wall=1789950739][simulation=0.120][MATCH][BASE_DESTROYED][Red][]
[wall=1789950739][simulation=0.130][MATCH][END][GameWorld][Victory]
[wall=1789950739][simulation=0.000][MATCH][MINION_WAVE][GameWorld][count_per_team=3]
[wall=1789950739][simulation=0.000][MATCH][START][GameWorld][seed=0xE4511E]
[wall=1789950739][simulation=0.000][MATCH][MINION_WAVE][GameWorld][count_per_team=3]
[wall=1789950739][simulation=0.000][MATCH][START][GameWorld][seed=0xE4511E]
[wall=1789950739][simulation=0.010][COMBAT][PROJECTILE_SPAWN][Blue][kind=Basic]
[wall=1789950739][simulation=0.120][MATCH][BASE_DESTROYED][Red][]
[wall=1789950739][simulation=0.130][MATCH][END][GameWorld][Victory]
[wall=1789950739][simulation=0.000][MATCH][MINION_WAVE][GameWorld][count_per_team=3]
[wall=1789950739][simulation=0.000][MATCH][START][GameWorld][seed=0xE4511E]
[wall=1789950739][simulation=0.000][MATCH][MINION_WAVE][GameWorld][count_per_team=3]
[wall=1789950739][simulation=0.000][MATCH][START][GameWorld][seed=0xE4511E]
[wall=1789950739][simulation=0.010][COMBAT][PROJECTILE_SPAWN][Blue][kind=Basic]
[wall=1789950739][simulation=0.120][MATCH][BASE_DESTROYED][Red][]
[wall=1789950739][simulation=0.130][MATCH][END][GameWorld][Victory]
[wall=1789950739][simulation=0.000][MATCH][MINION_WAVE][GameWorld][count_per_team=3]
[wall=1789950739][simulation=0.000][MATCH][START][GameWorld][seed=0xE4511E]
[wall=1789950739][simulation=0.000][MATCH][MINION_WAVE][GameWorld][count_per_team=3]
[wall=1789950739][simulation=0.000][MATCH][START][GameWorld][seed=0xE4511E]
[wall=1789950739][simulation=0.010][COMBAT][PROJECTILE_SPAWN][Blue][kind=Basic]
[wall=1789950739][simulation=0.120][MATCH][BASE_DESTROYED][Red][]
[wall=1789950739][simulation=0.130][MATCH][END][GameWorld][Victory]
[wall=1789950739][simulation=0.000][MATCH][MINION_WAVE][GameWorld][count_per_team=3]
[wall=1789950739][simulation=0.000][MATCH][START][GameWorld][seed=0xE4511E]
[wall=1789950739][simulation=0.000][MATCH][MINION_WAVE][GameWorld][count_per_team=3]
[wall=1789950739][simulation=0.000][MATCH][START][GameWorld][seed=0xE4511E]
[wall=1789950739][simulation=0.010][COMBAT][PROJECTILE_SPAWN][Blue][kind=Basic]
[wall=1789950739][simulation=0.120][MATCH][BASE_DESTROYED][Red][]
[wall=1789950739][simulation=0.130][MATCH][END][GameWorld][Victory]
[wall=1789950739][simulation=0.000][MATCH][MINION_WAVE][GameWorld][count_per_team=3]
[wall=1789950739][simulation=0.000][MATCH][START][GameWorld][seed=0xE4511E]
[wall=1789950739][simulation=0.000][MATCH][MINION_WAVE][GameWorld][count_per_team=3]
[wall=1789950739][simulation=0.000][MATCH][START][GameWorld][seed=0xE4511E]
[wall=1789950739][simulation=0.120][COMBAT][PROJECTILE_SPAWN][Blue][kind=Basic]
[wall=1789950739][simulation=0.120][COMBAT][PROJECTILE_SPAWN][Blue][kind=Ultimate]
[wall=1789950739][simulation=0.120][COMBAT][PROJECTILE_SPAWN][Red][kind=Basic]
[wall=1789950739][simulation=0.120][COMBAT][PROJECTILE_SPAWN][Red][kind=Ultimate]
[wall=1789950739][simulation=0.180][COMBAT][HERO_DEATH][BotHero][attacker=Blue]
[wall=1789950739][simulation=5.180][COMBAT][HERO_RESPAWN][BotHero][]
[wall=1789950739][simulation=5.190][MATCH][TOWER_DESTROYED][Red][]
[wall=1789950739][simulation=5.200][COMBAT][PROJECTILE_SPAWN][Blue][kind=Basic]
[wall=1789950739][simulation=5.310][MATCH][BASE_DESTROYED][Red][]
[wall=1789950739][simulation=5.320][MATCH][END][GameWorld][Victory]
[wall=1789950739][simulation=0.000][MATCH][MINION_WAVE][GameWorld][count_per_team=3]
[wall=1789950739][simulation=0.000][MATCH][START][GameWorld][seed=0xE4511E]
[wall=1789950792][simulation=0.000][APP][WINDOW_CREATED][Application][]
[wall=1789950793][simulation=0.000][APP][DX11_READY][Renderer][]
[wall=1789950793][simulation=0.000][APP][HUD_READY][HUDRenderer][smoke=1]
[wall=1789950793][simulation=0.000][APP][FRAMES_RENDERED][Renderer][count=5]
[wall=1789950793][simulation=0.000][APP][EXIT][Application][]
[wall=1789951991][simulation=0.000][MATCH][MINION_WAVE][GameWorld][count_per_team=3]
[wall=1789951991][simulation=0.000][MATCH][START][GameWorld][seed=0xE4511E]
[wall=1789951991][simulation=0.000][MATCH][MINION_WAVE][GameWorld][count_per_team=3]
[wall=1789951991][simulation=0.000][MATCH][START][GameWorld][seed=0xE4511E]
[wall=1789951991][simulation=0.010][COMBAT][PROJECTILE_SPAWN][Blue][kind=Basic]
[wall=1789951991][simulation=0.010][COMBAT][PROJECTILE_SPAWN][Blue][kind=Ultimate]
[wall=1789951991][simulation=0.000][MATCH][MINION_WAVE][GameWorld][count_per_team=3]
[wall=1789951991][simulation=0.000][MATCH][START][GameWorld][seed=0xE4511E]
[wall=1789951991][simulation=0.100][COMBAT][PROJECTILE_SPAWN][Red][kind=Basic]
[wall=1789951991][simulation=0.100][COMBAT][PROJECTILE_SPAWN][Red][kind=Ultimate]
[wall=1789951991][simulation=0.000][MATCH][MINION_WAVE][GameWorld][count_per_team=3]
[wall=1789951991][simulation=0.000][MATCH][START][GameWorld][seed=0xE4511E]
[wall=1789951991][simulation=0.000][MATCH][TOWER_DESTROYED][Red][]
[wall=1789951991][simulation=0.780][COMBAT][PROJECTILE_SPAWN][Red][kind=Ultimate]
[wall=1789951991][simulation=1.300][COMBAT][MINION_DEATH][Blue][attacker=Red]
[wall=1789951991][simulation=1.690][COMBAT][PROJECTILE_SPAWN][Red][kind=Basic]
[wall=1789951991][simulation=2.690][COMBAT][PROJECTILE_SPAWN][Red][kind=Basic]
[wall=1789951991][simulation=3.690][COMBAT][PROJECTILE_SPAWN][Red][kind=Basic]
[wall=1789951991][simulation=4.690][COMBAT][PROJECTILE_SPAWN][Red][kind=Basic]
[wall=1789951991][simulation=5.690][COMBAT][PROJECTILE_SPAWN][Red][kind=Basic]
[wall=1789951991][simulation=6.690][COMBAT][PROJECTILE_SPAWN][Red][kind=Basic]
[wall=1789951991][simulation=7.690][COMBAT][PROJECTILE_SPAWN][Red][kind=Basic]
[wall=1789951991][simulation=8.690][COMBAT][PROJECTILE_SPAWN][Red][kind=Basic]
[wall=1789951991][simulation=9.690][COMBAT][PROJECTILE_SPAWN][Red][kind=Basic]
[wall=1789951991][simulation=10.690][COMBAT][PROJECTILE_SPAWN][Red][kind=Basic]
[wall=1789951991][simulation=10.780][COMBAT][PROJECTILE_SPAWN][Red][kind=Ultimate]
[wall=1789951991][simulation=11.690][COMBAT][PROJECTILE_SPAWN][Red][kind=Basic]
[wall=1789951991][simulation=12.000][MATCH][MINION_WAVE][GameWorld][count_per_team=3]
[wall=1789951991][simulation=0.000][MATCH][MINION_WAVE][GameWorld][count_per_team=3]
[wall=1789951991][simulation=0.000][MATCH][START][GameWorld][seed=0xE4511E]
[wall=1789951991][simulation=0.000][MATCH][MINION_WAVE][GameWorld][count_per_team=3]
[wall=1789951991][simulation=0.000][MATCH][START][GameWorld][seed=0xE4511E]
[wall=1789951991][simulation=0.000][COMBAT][MINION_DEATH][Red][attacker=Blue]
[wall=1789951991][simulation=0.000][COMBAT][MINION_DEATH][Red][attacker=Blue]
[wall=1789951991][simulation=0.000][COMBAT][MINION_DEATH][Red][attacker=Blue]
[wall=1789951991][simulation=0.000][COMBAT][MINION_DEATH][Red][attacker=Blue]
[wall=1789951991][simulation=0.000][COMBAT][MINION_DEATH][Red][attacker=Blue]
[wall=1789951991][simulation=0.000][COMBAT][MINION_DEATH][Red][attacker=Blue]
[wall=1789951991][simulation=0.000][COMBAT][MINION_DEATH][Red][attacker=Blue]
[wall=1789951991][simulation=0.000][COMBAT][MINION_DEATH][Red][attacker=Blue]
[wall=1789951991][simulation=0.000][COMBAT][MINION_DEATH][Red][attacker=Blue]
[wall=1789951991][simulation=0.000][COMBAT][MINION_DEATH][Red][attacker=Blue]
[wall=1789951991][simulation=0.000][COMBAT][MINION_DEATH][Red][attacker=Blue]
[wall=1789951991][simulation=0.000][COMBAT][MINION_DEATH][Red][attacker=Blue]
[wall=1789951991][simulation=0.000][COMBAT][MINION_DEATH][Red][attacker=Blue]
[wall=1789951991][simulation=0.000][COMBAT][MINION_DEATH][Red][attacker=Blue]
[wall=1789951991][simulation=0.000][COMBAT][MINION_DEATH][Red][attacker=Blue]
[wall=1789951991][simulation=0.000][COMBAT][MINION_DEATH][Red][attacker=Blue]
[wall=1789951991][simulation=0.000][COMBAT][MINION_DEATH][Red][attacker=Blue]
[wall=1789951991][simulation=0.000][COMBAT][MINION_DEATH][Red][attacker=Blue]
[wall=1789951991][simulation=0.000][COMBAT][MINION_DEATH][Red][attacker=Blue]
[wall=1789951991][simulation=0.000][COMBAT][MINION_DEATH][Red][attacker=Blue]
[wall=1789951991][simulation=0.000][COMBAT][MINION_DEATH][Red][attacker=Blue]
[wall=1789951991][simulation=0.000][COMBAT][MINION_DEATH][Red][attacker=Blue]
[wall=1789951991][simulation=0.000][COMBAT][MINION_DEATH][Red][attacker=Blue]
[wall=1789951991][simulation=0.000][COMBAT][MINION_DEATH][Red][attacker=Blue]
[wall=1789951991][simulation=0.000][COMBAT][MINION_DEATH][Red][attacker=Blue]
[wall=1789951991][simulation=0.000][COMBAT][MINION_DEATH][Red][attacker=Blue]
[wall=1789951991][simulation=0.000][COMBAT][MINION_DEATH][Red][attacker=Blue]
[wall=1789951991][simulation=0.000][COMBAT][MINION_DEATH][Red][attacker=Blue]
[wall=1789951991][simulation=0.000][COMBAT][MINION_DEATH][Red][attacker=Blue]
[wall=1789951991][simulation=0.000][COMBAT][MINION_DEATH][Red][attacker=Blue]
[wall=1789951991][simulation=0.000][COMBAT][MINION_DEATH][Red][attacker=Blue]
[wall=1789951991][simulation=0.000][COMBAT][MINION_DEATH][Red][attacker=Blue]
[wall=1789951991][simulation=0.000][COMBAT][MINION_DEATH][Red][attacker=Blue]
[wall=1789951991][simulation=0.000][COMBAT][MINION_DEATH][Red][attacker=Blue]
[wall=1789951991][simulation=0.000][COMBAT][MINION_DEATH][Red][attacker=Blue]
[wall=1789951991][simulation=0.000][COMBAT][MINION_DEATH][Red][attacker=Blue]
[wall=1789951991][simulation=0.000][COMBAT][MINION_DEATH][Red][attacker=Blue]
[wall=1789951991][simulation=0.000][COMBAT][MINION_DEATH][Red][attacker=Blue]
[wall=1789951991][simulation=0.000][COMBAT][MINION_DEATH][Red][attacker=Blue]
[wall=1789951991][simulation=0.000][COMBAT][MINION_DEATH][Red][attacker=Blue]
[wall=1789951991][simulation=0.000][COMBAT][MINION_DEATH][Red][attacker=Blue]
[wall=1789951991][simulation=0.000][COMBAT][MINION_DEATH][Red][attacker=Blue]
[wall=1789951991][simulation=0.000][COMBAT][MINION_DEATH][Red][attacker=Blue]
[wall=1789951991][simulation=0.000][COMBAT][MINION_DEATH][Red][attacker=Blue]
[wall=1789951991][simulation=0.000][COMBAT][MINION_DEATH][Red][attacker=Blue]
[wall=1789951991][simulation=0.000][COMBAT][MINION_DEATH][Red][attacker=Blue]
[wall=1789951991][simulation=0.000][COMBAT][MINION_DEATH][Red][attacker=Blue]
[wall=1789951991][simulation=0.000][COMBAT][MINION_DEATH][Red][attacker=Blue]
[wall=1789951991][simulation=0.000][COMBAT][MINION_DEATH][Red][attacker=Blue]
[wall=1789951991][simulation=0.000][COMBAT][MINION_DEATH][Red][attacker=Blue]
[wall=1789951991][simulation=0.000][MATCH][MINION_WAVE][GameWorld][count_per_team=3]
[wall=1789951991][simulation=0.000][MATCH][START][GameWorld][seed=0xE4511E]
[wall=1789951991][simulation=0.010][COMBAT][PROJECTILE_SPAWN][Blue][kind=Basic]
[wall=1789951991][simulation=0.010][MATCH][PAUSE][GameWorld][]
[wall=1789951991][simulation=0.010][MATCH][RESUME][GameWorld][]
[wall=1789951991][simulation=0.010][MATCH][BASE_DESTROYED][Red][]
[wall=1789951991][simulation=0.020][MATCH][END][GameWorld][Victory]
[wall=1789951991][simulation=0.000][MATCH][MINION_WAVE][GameWorld][count_per_team=3]
[wall=1789951991][simulation=0.000][MATCH][START][GameWorld][seed=0xE4511E]
[wall=1789951991][simulation=0.010][COMBAT][PROJECTILE_SPAWN][Blue][kind=Basic]
[wall=1789951991][simulation=0.000][MATCH][MINION_WAVE][GameWorld][count_per_team=3]
[wall=1789951991][simulation=0.000][MATCH][START][GameWorld][seed=0xE4511E]
[wall=1789951991][simulation=0.010][COMBAT][PROJECTILE_SPAWN][Blue][kind=Basic]
[wall=1789951991][simulation=0.010][COMBAT][PROJECTILE_SPAWN][Blue][kind=Ultimate]
[wall=1789951991][simulation=0.010][COMBAT][PROJECTILE_SPAWN][Red][kind=Ultimate]
[wall=1789951991][simulation=0.020][COMBAT][PROJECTILE_SPAWN][Blue][kind=Basic]
[wall=1789951991][simulation=0.000][MATCH][MINION_WAVE][GameWorld][count_per_team=3]
[wall=1789951991][simulation=0.000][MATCH][START][GameWorld][seed=0xE4511E]
[wall=1789951991][simulation=0.000][COMBAT][HERO_DEATH][PlayerHero][attacker=Red]
[wall=1789951991][simulation=5.000][COMBAT][HERO_RESPAWN][PlayerHero][]
[wall=1789951991][simulation=5.000][COMBAT][HERO_RESPAWN][BotHero][]
[wall=1789951991][simulation=0.000][MATCH][MINION_WAVE][GameWorld][count_per_team=3]
[wall=1789951991][simulation=0.000][MATCH][START][GameWorld][seed=0xE4511E]
[wall=1789951991][simulation=0.000][MATCH][BASE_DESTROYED][Blue][]
[wall=1789951991][simulation=0.010][MATCH][BASE_DESTROYED][Red][]
[wall=1789951991][simulation=0.010][MATCH][END][GameWorld][Draw]
[wall=1789951991][simulation=0.000][MATCH][MINION_WAVE][GameWorld][count_per_team=3]
[wall=1789951991][simulation=0.000][MATCH][START][GameWorld][seed=0xE4511E]
[wall=1789951991][simulation=0.000][MATCH][BASE_DESTROYED][Blue][]
[wall=1789951991][simulation=0.011][MATCH][BASE_DESTROYED][Red][]
[wall=1789951991][simulation=0.011][MATCH][END][GameWorld][Defeat]
[wall=1789951991][simulation=0.000][MATCH][MINION_WAVE][GameWorld][count_per_team=3]
[wall=1789951991][simulation=0.000][MATCH][START][GameWorld][seed=0xE4511E]
[wall=1789951991][simulation=0.000][MATCH][MINION_WAVE][GameWorld][count_per_team=3]
[wall=1789951991][simulation=0.000][MATCH][START][GameWorld][seed=0xE4511E]
[wall=1789951991][simulation=0.010][COMBAT][PROJECTILE_SPAWN][Blue][kind=Basic]
[wall=1789951991][simulation=0.120][MATCH][BASE_DESTROYED][Red][]
[wall=1789951991][simulation=0.130][MATCH][END][GameWorld][Victory]
[wall=1789951991][simulation=0.000][MATCH][MINION_WAVE][GameWorld][count_per_team=3]
[wall=1789951991][simulation=0.000][MATCH][START][GameWorld][seed=0xE4511E]
[wall=1789951991][simulation=0.000][MATCH][MINION_WAVE][GameWorld][count_per_team=3]
[wall=1789951991][simulation=0.000][MATCH][START][GameWorld][seed=0xE4511E]
[wall=1789951991][simulation=0.010][COMBAT][PROJECTILE_SPAWN][Blue][kind=Basic]
[wall=1789951991][simulation=0.120][MATCH][BASE_DESTROYED][Red][]
[wall=1789951991][simulation=0.130][MATCH][END][GameWorld][Victory]
[wall=1789951991][simulation=0.000][MATCH][MINION_WAVE][GameWorld][count_per_team=3]
[wall=1789951991][simulation=0.000][MATCH][START][GameWorld][seed=0xE4511E]
[wall=1789951991][simulation=0.000][MATCH][MINION_WAVE][GameWorld][count_per_team=3]
[wall=1789951991][simulation=0.000][MATCH][START][GameWorld][seed=0xE4511E]
[wall=1789951991][simulation=0.010][COMBAT][PROJECTILE_SPAWN][Blue][kind=Basic]
[wall=1789951991][simulation=0.120][MATCH][BASE_DESTROYED][Red][]
[wall=1789951991][simulation=0.130][MATCH][END][GameWorld][Victory]
[wall=1789951991][simulation=0.000][MATCH][MINION_WAVE][GameWorld][count_per_team=3]
[wall=1789951991][simulation=0.000][MATCH][START][GameWorld][seed=0xE4511E]
[wall=1789951991][simulation=0.000][MATCH][MINION_WAVE][GameWorld][count_per_team=3]
[wall=1789951991][simulation=0.000][MATCH][START][GameWorld][seed=0xE4511E]
[wall=1789951991][simulation=0.010][COMBAT][PROJECTILE_SPAWN][Blue][kind=Basic]
[wall=1789951991][simulation=0.120][MATCH][BASE_DESTROYED][Red][]
[wall=1789951991][simulation=0.130][MATCH][END][GameWorld][Victory]
[wall=1789951991][simulation=0.000][MATCH][MINION_WAVE][GameWorld][count_per_team=3]
[wall=1789951991][simulation=0.000][MATCH][START][GameWorld][seed=0xE4511E]
[wall=1789951991][simulation=0.000][MATCH][MINION_WAVE][GameWorld][count_per_team=3]
[wall=1789951991][simulation=0.000][MATCH][START][GameWorld][seed=0xE4511E]
[wall=1789951991][simulation=0.010][COMBAT][PROJECTILE_SPAWN][Blue][kind=Basic]
[wall=1789951991][simulation=0.120][MATCH][BASE_DESTROYED][Red][]
[wall=1789951991][simulation=0.130][MATCH][END][GameWorld][Victory]
[wall=1789951991][simulation=0.000][MATCH][MINION_WAVE][GameWorld][count_per_team=3]
[wall=1789951991][simulation=0.000][MATCH][START][GameWorld][seed=0xE4511E]
[wall=1789951991][simulation=0.000][MATCH][MINION_WAVE][GameWorld][count_per_team=3]
[wall=1789951991][simulation=0.000][MATCH][START][GameWorld][seed=0xE4511E]
[wall=1789951991][simulation=0.010][COMBAT][PROJECTILE_SPAWN][Blue][kind=Basic]
[wall=1789951991][simulation=0.120][MATCH][BASE_DESTROYED][Red][]
[wall=1789951991][simulation=0.130][MATCH][END][GameWorld][Victory]
[wall=1789951991][simulation=0.000][MATCH][MINION_WAVE][GameWorld][count_per_team=3]
[wall=1789951991][simulation=0.000][MATCH][START][GameWorld][seed=0xE4511E]
[wall=1789951991][simulation=0.000][MATCH][MINION_WAVE][GameWorld][count_per_team=3]
[wall=1789951991][simulation=0.000][MATCH][START][GameWorld][seed=0xE4511E]
[wall=1789951991][simulation=0.010][COMBAT][PROJECTILE_SPAWN][Blue][kind=Basic]
[wall=1789951991][simulation=0.120][MATCH][BASE_DESTROYED][Red][]
[wall=1789951991][simulation=0.130][MATCH][END][GameWorld][Victory]
[wall=1789951991][simulation=0.000][MATCH][MINION_WAVE][GameWorld][count_per_team=3]
[wall=1789951991][simulation=0.000][MATCH][START][GameWorld][seed=0xE4511E]
[wall=1789951991][simulation=0.000][MATCH][MINION_WAVE][GameWorld][count_per_team=3]
[wall=1789951991][simulation=0.000][MATCH][START][GameWorld][seed=0xE4511E]
[wall=1789951991][simulation=0.010][COMBAT][PROJECTILE_SPAWN][Blue][kind=Basic]
[wall=1789951991][simulation=0.120][MATCH][BASE_DESTROYED][Red][]
[wall=1789951991][simulation=0.130][MATCH][END][GameWorld][Victory]
[wall=1789951991][simulation=0.000][MATCH][MINION_WAVE][GameWorld][count_per_team=3]
[wall=1789951991][simulation=0.000][MATCH][START][GameWorld][seed=0xE4511E]
[wall=1789951991][simulation=0.000][MATCH][MINION_WAVE][GameWorld][count_per_team=3]
[wall=1789951991][simulation=0.000][MATCH][START][GameWorld][seed=0xE4511E]
[wall=1789951991][simulation=0.010][COMBAT][PROJECTILE_SPAWN][Blue][kind=Basic]
[wall=1789951991][simulation=0.120][MATCH][BASE_DESTROYED][Red][]
[wall=1789951991][simulation=0.130][MATCH][END][GameWorld][Victory]
[wall=1789951991][simulation=0.000][MATCH][MINION_WAVE][GameWorld][count_per_team=3]
[wall=1789951991][simulation=0.000][MATCH][START][GameWorld][seed=0xE4511E]
[wall=1789951991][simulation=0.000][MATCH][MINION_WAVE][GameWorld][count_per_team=3]
[wall=1789951991][simulation=0.000][MATCH][START][GameWorld][seed=0xE4511E]
[wall=1789951991][simulation=0.010][COMBAT][PROJECTILE_SPAWN][Blue][kind=Basic]
[wall=1789951991][simulation=0.120][MATCH][BASE_DESTROYED][Red][]
[wall=1789951991][simulation=0.130][MATCH][END][GameWorld][Victory]
[wall=1789951991][simulation=0.000][MATCH][MINION_WAVE][GameWorld][count_per_team=3]
[wall=1789951991][simulation=0.000][MATCH][START][GameWorld][seed=0xE4511E]
[wall=1789951991][simulation=0.000][MATCH][MINION_WAVE][GameWorld][count_per_team=3]
[wall=1789951991][simulation=0.000][MATCH][START][GameWorld][seed=0xE4511E]
[wall=1789951991][simulation=0.120][COMBAT][PROJECTILE_SPAWN][Blue][kind=Basic]
[wall=1789951991][simulation=0.120][COMBAT][PROJECTILE_SPAWN][Blue][kind=Ultimate]
[wall=1789951991][simulation=0.120][COMBAT][PROJECTILE_SPAWN][Red][kind=Basic]
[wall=1789951991][simulation=0.120][COMBAT][PROJECTILE_SPAWN][Red][kind=Ultimate]
[wall=1789951991][simulation=0.180][COMBAT][HERO_DEATH][BotHero][attacker=Blue]
[wall=1789951991][simulation=5.180][COMBAT][HERO_RESPAWN][BotHero][]
[wall=1789951991][simulation=5.190][MATCH][TOWER_DESTROYED][Red][]
[wall=1789951991][simulation=5.200][COMBAT][PROJECTILE_SPAWN][Blue][kind=Basic]
[wall=1789951991][simulation=5.310][MATCH][BASE_DESTROYED][Red][]
[wall=1789951991][simulation=5.320][MATCH][END][GameWorld][Victory]
[wall=1789951991][simulation=0.000][MATCH][MINION_WAVE][GameWorld][count_per_team=3]
[wall=1789951991][simulation=0.000][MATCH][START][GameWorld][seed=0xE4511E]
[wall=1789952050][simulation=0.000][MATCH][MINION_WAVE][GameWorld][count_per_team=3]
[wall=1789952050][simulation=0.000][MATCH][START][GameWorld][seed=0xE4511E]
[wall=1789952050][simulation=0.000][MATCH][MINION_WAVE][GameWorld][count_per_team=3]
[wall=1789952050][simulation=0.000][MATCH][START][GameWorld][seed=0xE4511E]
[wall=1789952050][simulation=0.010][COMBAT][PROJECTILE_SPAWN][Blue][kind=Basic]
[wall=1789952050][simulation=0.010][COMBAT][PROJECTILE_SPAWN][Blue][kind=Ultimate]
[wall=1789952050][simulation=0.000][MATCH][MINION_WAVE][GameWorld][count_per_team=3]
[wall=1789952050][simulation=0.000][MATCH][START][GameWorld][seed=0xE4511E]
[wall=1789952050][simulation=0.100][COMBAT][PROJECTILE_SPAWN][Red][kind=Basic]
[wall=1789952050][simulation=0.100][COMBAT][PROJECTILE_SPAWN][Red][kind=Ultimate]
[wall=1789952050][simulation=0.000][MATCH][MINION_WAVE][GameWorld][count_per_team=3]
[wall=1789952050][simulation=0.000][MATCH][START][GameWorld][seed=0xE4511E]
[wall=1789952050][simulation=0.000][MATCH][TOWER_DESTROYED][Red][]
[wall=1789952050][simulation=0.780][COMBAT][PROJECTILE_SPAWN][Red][kind=Ultimate]
[wall=1789952050][simulation=1.300][COMBAT][MINION_DEATH][Blue][attacker=Red]
[wall=1789952050][simulation=1.690][COMBAT][PROJECTILE_SPAWN][Red][kind=Basic]
[wall=1789952050][simulation=2.690][COMBAT][PROJECTILE_SPAWN][Red][kind=Basic]
[wall=1789952050][simulation=3.690][COMBAT][PROJECTILE_SPAWN][Red][kind=Basic]
[wall=1789952050][simulation=4.690][COMBAT][PROJECTILE_SPAWN][Red][kind=Basic]
[wall=1789952050][simulation=5.690][COMBAT][PROJECTILE_SPAWN][Red][kind=Basic]
[wall=1789952050][simulation=6.690][COMBAT][PROJECTILE_SPAWN][Red][kind=Basic]
[wall=1789952050][simulation=7.690][COMBAT][PROJECTILE_SPAWN][Red][kind=Basic]
[wall=1789952050][simulation=8.690][COMBAT][PROJECTILE_SPAWN][Red][kind=Basic]
[wall=1789952050][simulation=9.690][COMBAT][PROJECTILE_SPAWN][Red][kind=Basic]
[wall=1789952050][simulation=10.690][COMBAT][PROJECTILE_SPAWN][Red][kind=Basic]
[wall=1789952050][simulation=10.780][COMBAT][PROJECTILE_SPAWN][Red][kind=Ultimate]
[wall=1789952050][simulation=11.690][COMBAT][PROJECTILE_SPAWN][Red][kind=Basic]
[wall=1789952050][simulation=12.000][MATCH][MINION_WAVE][GameWorld][count_per_team=3]
[wall=1789952050][simulation=0.000][MATCH][MINION_WAVE][GameWorld][count_per_team=3]
[wall=1789952050][simulation=0.000][MATCH][START][GameWorld][seed=0xE4511E]
[wall=1789952050][simulation=0.000][MATCH][MINION_WAVE][GameWorld][count_per_team=3]
[wall=1789952050][simulation=0.000][MATCH][START][GameWorld][seed=0xE4511E]
[wall=1789952050][simulation=0.000][COMBAT][MINION_DEATH][Red][attacker=Blue]
[wall=1789952050][simulation=0.000][COMBAT][MINION_DEATH][Red][attacker=Blue]
[wall=1789952050][simulation=0.000][COMBAT][MINION_DEATH][Red][attacker=Blue]
[wall=1789952050][simulation=0.000][COMBAT][MINION_DEATH][Red][attacker=Blue]
[wall=1789952050][simulation=0.000][COMBAT][MINION_DEATH][Red][attacker=Blue]
[wall=1789952050][simulation=0.000][COMBAT][MINION_DEATH][Red][attacker=Blue]
[wall=1789952050][simulation=0.000][COMBAT][MINION_DEATH][Red][attacker=Blue]
[wall=1789952050][simulation=0.000][COMBAT][MINION_DEATH][Red][attacker=Blue]
[wall=1789952050][simulation=0.000][COMBAT][MINION_DEATH][Red][attacker=Blue]
[wall=1789952050][simulation=0.000][COMBAT][MINION_DEATH][Red][attacker=Blue]
[wall=1789952050][simulation=0.000][COMBAT][MINION_DEATH][Red][attacker=Blue]
[wall=1789952050][simulation=0.000][COMBAT][MINION_DEATH][Red][attacker=Blue]
[wall=1789952050][simulation=0.000][COMBAT][MINION_DEATH][Red][attacker=Blue]
[wall=1789952050][simulation=0.000][COMBAT][MINION_DEATH][Red][attacker=Blue]
[wall=1789952050][simulation=0.000][COMBAT][MINION_DEATH][Red][attacker=Blue]
[wall=1789952050][simulation=0.000][COMBAT][MINION_DEATH][Red][attacker=Blue]
[wall=1789952050][simulation=0.000][COMBAT][MINION_DEATH][Red][attacker=Blue]
[wall=1789952050][simulation=0.000][COMBAT][MINION_DEATH][Red][attacker=Blue]
[wall=1789952050][simulation=0.000][COMBAT][MINION_DEATH][Red][attacker=Blue]
[wall=1789952050][simulation=0.000][COMBAT][MINION_DEATH][Red][attacker=Blue]
[wall=1789952050][simulation=0.000][COMBAT][MINION_DEATH][Red][attacker=Blue]
[wall=1789952050][simulation=0.000][COMBAT][MINION_DEATH][Red][attacker=Blue]
[wall=1789952050][simulation=0.000][COMBAT][MINION_DEATH][Red][attacker=Blue]
[wall=1789952050][simulation=0.000][COMBAT][MINION_DEATH][Red][attacker=Blue]
[wall=1789952050][simulation=0.000][COMBAT][MINION_DEATH][Red][attacker=Blue]
[wall=1789952050][simulation=0.000][COMBAT][MINION_DEATH][Red][attacker=Blue]
[wall=1789952050][simulation=0.000][COMBAT][MINION_DEATH][Red][attacker=Blue]
[wall=1789952050][simulation=0.000][COMBAT][MINION_DEATH][Red][attacker=Blue]
[wall=1789952050][simulation=0.000][COMBAT][MINION_DEATH][Red][attacker=Blue]
[wall=1789952050][simulation=0.000][COMBAT][MINION_DEATH][Red][attacker=Blue]
[wall=1789952050][simulation=0.000][COMBAT][MINION_DEATH][Red][attacker=Blue]
[wall=1789952050][simulation=0.000][COMBAT][MINION_DEATH][Red][attacker=Blue]
[wall=1789952050][simulation=0.000][COMBAT][MINION_DEATH][Red][attacker=Blue]
[wall=1789952050][simulation=0.000][COMBAT][MINION_DEATH][Red][attacker=Blue]
[wall=1789952050][simulation=0.000][COMBAT][MINION_DEATH][Red][attacker=Blue]
[wall=1789952050][simulation=0.000][COMBAT][MINION_DEATH][Red][attacker=Blue]
[wall=1789952050][simulation=0.000][COMBAT][MINION_DEATH][Red][attacker=Blue]
[wall=1789952050][simulation=0.000][COMBAT][MINION_DEATH][Red][attacker=Blue]
[wall=1789952050][simulation=0.000][COMBAT][MINION_DEATH][Red][attacker=Blue]
[wall=1789952050][simulation=0.000][COMBAT][MINION_DEATH][Red][attacker=Blue]
[wall=1789952050][simulation=0.000][COMBAT][MINION_DEATH][Red][attacker=Blue]
[wall=1789952050][simulation=0.000][COMBAT][MINION_DEATH][Red][attacker=Blue]
[wall=1789952050][simulation=0.000][COMBAT][MINION_DEATH][Red][attacker=Blue]
[wall=1789952050][simulation=0.000][COMBAT][MINION_DEATH][Red][attacker=Blue]
[wall=1789952050][simulation=0.000][COMBAT][MINION_DEATH][Red][attacker=Blue]
[wall=1789952050][simulation=0.000][COMBAT][MINION_DEATH][Red][attacker=Blue]
[wall=1789952050][simulation=0.000][COMBAT][MINION_DEATH][Red][attacker=Blue]
[wall=1789952050][simulation=0.000][COMBAT][MINION_DEATH][Red][attacker=Blue]
[wall=1789952050][simulation=0.000][COMBAT][MINION_DEATH][Red][attacker=Blue]
[wall=1789952050][simulation=0.000][COMBAT][MINION_DEATH][Red][attacker=Blue]
[wall=1789952050][simulation=0.000][MATCH][MINION_WAVE][GameWorld][count_per_team=3]
[wall=1789952050][simulation=0.000][MATCH][START][GameWorld][seed=0xE4511E]
[wall=1789952050][simulation=0.010][COMBAT][PROJECTILE_SPAWN][Blue][kind=Basic]
[wall=1789952050][simulation=0.010][MATCH][PAUSE][GameWorld][]
[wall=1789952050][simulation=0.010][MATCH][RESUME][GameWorld][]
[wall=1789952050][simulation=0.010][MATCH][BASE_DESTROYED][Red][]
[wall=1789952050][simulation=0.020][MATCH][END][GameWorld][Victory]
[wall=1789952050][simulation=0.000][MATCH][MINION_WAVE][GameWorld][count_per_team=3]
[wall=1789952050][simulation=0.000][MATCH][START][GameWorld][seed=0xE4511E]
[wall=1789952050][simulation=0.010][COMBAT][PROJECTILE_SPAWN][Blue][kind=Basic]
[wall=1789952050][simulation=0.000][MATCH][MINION_WAVE][GameWorld][count_per_team=3]
[wall=1789952050][simulation=0.000][MATCH][START][GameWorld][seed=0xE4511E]
[wall=1789952050][simulation=0.010][COMBAT][PROJECTILE_SPAWN][Blue][kind=Basic]
[wall=1789952050][simulation=0.010][COMBAT][PROJECTILE_SPAWN][Blue][kind=Ultimate]
[wall=1789952050][simulation=0.010][COMBAT][PROJECTILE_SPAWN][Red][kind=Ultimate]
[wall=1789952050][simulation=0.020][COMBAT][PROJECTILE_SPAWN][Blue][kind=Basic]
[wall=1789952050][simulation=0.000][MATCH][MINION_WAVE][GameWorld][count_per_team=3]
[wall=1789952050][simulation=0.000][MATCH][START][GameWorld][seed=0xE4511E]
[wall=1789952050][simulation=0.000][COMBAT][HERO_DEATH][PlayerHero][attacker=Red]
[wall=1789952050][simulation=5.000][COMBAT][HERO_RESPAWN][PlayerHero][]
[wall=1789952050][simulation=5.000][COMBAT][HERO_RESPAWN][BotHero][]
[wall=1789952050][simulation=0.000][MATCH][MINION_WAVE][GameWorld][count_per_team=3]
[wall=1789952050][simulation=0.000][MATCH][START][GameWorld][seed=0xE4511E]
[wall=1789952050][simulation=0.000][MATCH][BASE_DESTROYED][Blue][]
[wall=1789952050][simulation=0.010][MATCH][BASE_DESTROYED][Red][]
[wall=1789952050][simulation=0.010][MATCH][END][GameWorld][Draw]
[wall=1789952050][simulation=0.000][MATCH][MINION_WAVE][GameWorld][count_per_team=3]
[wall=1789952050][simulation=0.000][MATCH][START][GameWorld][seed=0xE4511E]
[wall=1789952050][simulation=0.000][MATCH][BASE_DESTROYED][Blue][]
[wall=1789952050][simulation=0.011][MATCH][BASE_DESTROYED][Red][]
[wall=1789952050][simulation=0.011][MATCH][END][GameWorld][Defeat]
[wall=1789952050][simulation=0.000][MATCH][MINION_WAVE][GameWorld][count_per_team=3]
[wall=1789952050][simulation=0.000][MATCH][START][GameWorld][seed=0xE4511E]
[wall=1789952050][simulation=0.000][MATCH][MINION_WAVE][GameWorld][count_per_team=3]
[wall=1789952050][simulation=0.000][MATCH][START][GameWorld][seed=0xE4511E]
[wall=1789952050][simulation=0.010][COMBAT][PROJECTILE_SPAWN][Blue][kind=Basic]
[wall=1789952050][simulation=0.120][MATCH][BASE_DESTROYED][Red][]
[wall=1789952050][simulation=0.130][MATCH][END][GameWorld][Victory]
[wall=1789952050][simulation=0.000][MATCH][MINION_WAVE][GameWorld][count_per_team=3]
[wall=1789952050][simulation=0.000][MATCH][START][GameWorld][seed=0xE4511E]
[wall=1789952050][simulation=0.000][MATCH][MINION_WAVE][GameWorld][count_per_team=3]
[wall=1789952050][simulation=0.000][MATCH][START][GameWorld][seed=0xE4511E]
[wall=1789952050][simulation=0.010][COMBAT][PROJECTILE_SPAWN][Blue][kind=Basic]
[wall=1789952050][simulation=0.120][MATCH][BASE_DESTROYED][Red][]
[wall=1789952050][simulation=0.130][MATCH][END][GameWorld][Victory]
[wall=1789952050][simulation=0.000][MATCH][MINION_WAVE][GameWorld][count_per_team=3]
[wall=1789952050][simulation=0.000][MATCH][START][GameWorld][seed=0xE4511E]
[wall=1789952050][simulation=0.000][MATCH][MINION_WAVE][GameWorld][count_per_team=3]
[wall=1789952050][simulation=0.000][MATCH][START][GameWorld][seed=0xE4511E]
[wall=1789952050][simulation=0.010][COMBAT][PROJECTILE_SPAWN][Blue][kind=Basic]
[wall=1789952050][simulation=0.120][MATCH][BASE_DESTROYED][Red][]
[wall=1789952050][simulation=0.130][MATCH][END][GameWorld][Victory]
[wall=1789952050][simulation=0.000][MATCH][MINION_WAVE][GameWorld][count_per_team=3]
[wall=1789952050][simulation=0.000][MATCH][START][GameWorld][seed=0xE4511E]
[wall=1789952050][simulation=0.000][MATCH][MINION_WAVE][GameWorld][count_per_team=3]
[wall=1789952050][simulation=0.000][MATCH][START][GameWorld][seed=0xE4511E]
[wall=1789952050][simulation=0.010][COMBAT][PROJECTILE_SPAWN][Blue][kind=Basic]
[wall=1789952050][simulation=0.120][MATCH][BASE_DESTROYED][Red][]
[wall=1789952050][simulation=0.130][MATCH][END][GameWorld][Victory]
[wall=1789952050][simulation=0.000][MATCH][MINION_WAVE][GameWorld][count_per_team=3]
[wall=1789952050][simulation=0.000][MATCH][START][GameWorld][seed=0xE4511E]
[wall=1789952050][simulation=0.000][MATCH][MINION_WAVE][GameWorld][count_per_team=3]
[wall=1789952050][simulation=0.000][MATCH][START][GameWorld][seed=0xE4511E]
[wall=1789952050][simulation=0.010][COMBAT][PROJECTILE_SPAWN][Blue][kind=Basic]
[wall=1789952050][simulation=0.120][MATCH][BASE_DESTROYED][Red][]
[wall=1789952050][simulation=0.130][MATCH][END][GameWorld][Victory]
[wall=1789952050][simulation=0.000][MATCH][MINION_WAVE][GameWorld][count_per_team=3]
[wall=1789952050][simulation=0.000][MATCH][START][GameWorld][seed=0xE4511E]
[wall=1789952050][simulation=0.000][MATCH][MINION_WAVE][GameWorld][count_per_team=3]
[wall=1789952050][simulation=0.000][MATCH][START][GameWorld][seed=0xE4511E]
[wall=1789952050][simulation=0.010][COMBAT][PROJECTILE_SPAWN][Blue][kind=Basic]
[wall=1789952050][simulation=0.120][MATCH][BASE_DESTROYED][Red][]
[wall=1789952050][simulation=0.130][MATCH][END][GameWorld][Victory]
[wall=1789952050][simulation=0.000][MATCH][MINION_WAVE][GameWorld][count_per_team=3]
[wall=1789952050][simulation=0.000][MATCH][START][GameWorld][seed=0xE4511E]
[wall=1789952050][simulation=0.000][MATCH][MINION_WAVE][GameWorld][count_per_team=3]
[wall=1789952050][simulation=0.000][MATCH][START][GameWorld][seed=0xE4511E]
[wall=1789952050][simulation=0.010][COMBAT][PROJECTILE_SPAWN][Blue][kind=Basic]
[wall=1789952050][simulation=0.120][MATCH][BASE_DESTROYED][Red][]
[wall=1789952050][simulation=0.130][MATCH][END][GameWorld][Victory]
[wall=1789952050][simulation=0.000][MATCH][MINION_WAVE][GameWorld][count_per_team=3]
[wall=1789952050][simulation=0.000][MATCH][START][GameWorld][seed=0xE4511E]
[wall=1789952050][simulation=0.000][MATCH][MINION_WAVE][GameWorld][count_per_team=3]
[wall=1789952050][simulation=0.000][MATCH][START][GameWorld][seed=0xE4511E]
[wall=1789952050][simulation=0.010][COMBAT][PROJECTILE_SPAWN][Blue][kind=Basic]
[wall=1789952050][simulation=0.120][MATCH][BASE_DESTROYED][Red][]
[wall=1789952050][simulation=0.130][MATCH][END][GameWorld][Victory]
[wall=1789952050][simulation=0.000][MATCH][MINION_WAVE][GameWorld][count_per_team=3]
[wall=1789952050][simulation=0.000][MATCH][START][GameWorld][seed=0xE4511E]
[wall=1789952050][simulation=0.000][MATCH][MINION_WAVE][GameWorld][count_per_team=3]
[wall=1789952050][simulation=0.000][MATCH][START][GameWorld][seed=0xE4511E]
[wall=1789952050][simulation=0.010][COMBAT][PROJECTILE_SPAWN][Blue][kind=Basic]
[wall=1789952050][simulation=0.120][MATCH][BASE_DESTROYED][Red][]
[wall=1789952050][simulation=0.130][MATCH][END][GameWorld][Victory]
[wall=1789952050][simulation=0.000][MATCH][MINION_WAVE][GameWorld][count_per_team=3]
[wall=1789952050][simulation=0.000][MATCH][START][GameWorld][seed=0xE4511E]
[wall=1789952050][simulation=0.000][MATCH][MINION_WAVE][GameWorld][count_per_team=3]
[wall=1789952050][simulation=0.000][MATCH][START][GameWorld][seed=0xE4511E]
[wall=1789952050][simulation=0.010][COMBAT][PROJECTILE_SPAWN][Blue][kind=Basic]
[wall=1789952050][simulation=0.120][MATCH][BASE_DESTROYED][Red][]
[wall=1789952050][simulation=0.130][MATCH][END][GameWorld][Victory]
[wall=1789952050][simulation=0.000][MATCH][MINION_WAVE][GameWorld][count_per_team=3]
[wall=1789952050][simulation=0.000][MATCH][START][GameWorld][seed=0xE4511E]
[wall=1789952050][simulation=0.000][MATCH][MINION_WAVE][GameWorld][count_per_team=3]
[wall=1789952050][simulation=0.000][MATCH][START][GameWorld][seed=0xE4511E]
[wall=1789952050][simulation=0.120][COMBAT][PROJECTILE_SPAWN][Blue][kind=Basic]
[wall=1789952050][simulation=0.120][COMBAT][PROJECTILE_SPAWN][Blue][kind=Ultimate]
[wall=1789952050][simulation=0.120][COMBAT][PROJECTILE_SPAWN][Red][kind=Basic]
[wall=1789952050][simulation=0.120][COMBAT][PROJECTILE_SPAWN][Red][kind=Ultimate]
[wall=1789952050][simulation=0.180][COMBAT][HERO_DEATH][BotHero][attacker=Blue]
[wall=1789952050][simulation=5.180][COMBAT][HERO_RESPAWN][BotHero][]
[wall=1789952050][simulation=5.190][MATCH][TOWER_DESTROYED][Red][]
[wall=1789952050][simulation=5.200][COMBAT][PROJECTILE_SPAWN][Blue][kind=Basic]
[wall=1789952050][simulation=5.310][MATCH][BASE_DESTROYED][Red][]
[wall=1789952050][simulation=5.320][MATCH][END][GameWorld][Victory]
[wall=1789952050][simulation=0.000][MATCH][MINION_WAVE][GameWorld][count_per_team=3]
[wall=1789952050][simulation=0.000][MATCH][START][GameWorld][seed=0xE4511E]
[wall=1789952059][simulation=0.000][MATCH][MINION_WAVE][GameWorld][count_per_team=3]
[wall=1789952059][simulation=0.000][MATCH][START][GameWorld][seed=0xE4511E]
[wall=1789952059][simulation=0.000][MATCH][MINION_WAVE][GameWorld][count_per_team=3]
[wall=1789952059][simulation=0.000][MATCH][START][GameWorld][seed=0xE4511E]
[wall=1789952059][simulation=0.010][COMBAT][PROJECTILE_SPAWN][Blue][kind=Basic]
[wall=1789952059][simulation=0.010][COMBAT][PROJECTILE_SPAWN][Blue][kind=Ultimate]
[wall=1789952059][simulation=0.000][MATCH][MINION_WAVE][GameWorld][count_per_team=3]
[wall=1789952059][simulation=0.000][MATCH][START][GameWorld][seed=0xE4511E]
[wall=1789952059][simulation=0.100][COMBAT][PROJECTILE_SPAWN][Red][kind=Basic]
[wall=1789952059][simulation=0.100][COMBAT][PROJECTILE_SPAWN][Red][kind=Ultimate]
[wall=1789952059][simulation=0.000][MATCH][MINION_WAVE][GameWorld][count_per_team=3]
[wall=1789952059][simulation=0.000][MATCH][START][GameWorld][seed=0xE4511E]
[wall=1789952059][simulation=0.000][MATCH][TOWER_DESTROYED][Red][]
[wall=1789952059][simulation=0.780][COMBAT][PROJECTILE_SPAWN][Red][kind=Ultimate]
[wall=1789952059][simulation=1.300][COMBAT][MINION_DEATH][Blue][attacker=Red]
[wall=1789952059][simulation=1.690][COMBAT][PROJECTILE_SPAWN][Red][kind=Basic]
[wall=1789952059][simulation=2.690][COMBAT][PROJECTILE_SPAWN][Red][kind=Basic]
[wall=1789952059][simulation=3.690][COMBAT][PROJECTILE_SPAWN][Red][kind=Basic]
[wall=1789952059][simulation=4.690][COMBAT][PROJECTILE_SPAWN][Red][kind=Basic]
[wall=1789952059][simulation=5.690][COMBAT][PROJECTILE_SPAWN][Red][kind=Basic]
[wall=1789952059][simulation=6.690][COMBAT][PROJECTILE_SPAWN][Red][kind=Basic]
[wall=1789952059][simulation=7.690][COMBAT][PROJECTILE_SPAWN][Red][kind=Basic]
[wall=1789952059][simulation=8.690][COMBAT][PROJECTILE_SPAWN][Red][kind=Basic]
[wall=1789952059][simulation=9.690][COMBAT][PROJECTILE_SPAWN][Red][kind=Basic]
[wall=1789952059][simulation=10.690][COMBAT][PROJECTILE_SPAWN][Red][kind=Basic]
[wall=1789952059][simulation=10.780][COMBAT][PROJECTILE_SPAWN][Red][kind=Ultimate]
[wall=1789952059][simulation=11.690][COMBAT][PROJECTILE_SPAWN][Red][kind=Basic]
[wall=1789952059][simulation=12.000][MATCH][MINION_WAVE][GameWorld][count_per_team=3]
[wall=1789952059][simulation=0.000][MATCH][MINION_WAVE][GameWorld][count_per_team=3]
[wall=1789952059][simulation=0.000][MATCH][START][GameWorld][seed=0xE4511E]
[wall=1789952059][simulation=0.000][MATCH][MINION_WAVE][GameWorld][count_per_team=3]
[wall=1789952059][simulation=0.000][MATCH][START][GameWorld][seed=0xE4511E]
[wall=1789952059][simulation=0.000][COMBAT][MINION_DEATH][Red][attacker=Blue]
[wall=1789952059][simulation=0.000][COMBAT][MINION_DEATH][Red][attacker=Blue]
[wall=1789952059][simulation=0.000][COMBAT][MINION_DEATH][Red][attacker=Blue]
[wall=1789952059][simulation=0.000][COMBAT][MINION_DEATH][Red][attacker=Blue]
[wall=1789952059][simulation=0.000][COMBAT][MINION_DEATH][Red][attacker=Blue]
[wall=1789952059][simulation=0.000][COMBAT][MINION_DEATH][Red][attacker=Blue]
[wall=1789952059][simulation=0.000][COMBAT][MINION_DEATH][Red][attacker=Blue]
[wall=1789952059][simulation=0.000][COMBAT][MINION_DEATH][Red][attacker=Blue]
[wall=1789952059][simulation=0.000][COMBAT][MINION_DEATH][Red][attacker=Blue]
[wall=1789952059][simulation=0.000][COMBAT][MINION_DEATH][Red][attacker=Blue]
[wall=1789952059][simulation=0.000][COMBAT][MINION_DEATH][Red][attacker=Blue]
[wall=1789952059][simulation=0.000][COMBAT][MINION_DEATH][Red][attacker=Blue]
[wall=1789952059][simulation=0.000][COMBAT][MINION_DEATH][Red][attacker=Blue]
[wall=1789952059][simulation=0.000][COMBAT][MINION_DEATH][Red][attacker=Blue]
[wall=1789952059][simulation=0.000][COMBAT][MINION_DEATH][Red][attacker=Blue]
[wall=1789952059][simulation=0.000][COMBAT][MINION_DEATH][Red][attacker=Blue]
[wall=1789952059][simulation=0.000][COMBAT][MINION_DEATH][Red][attacker=Blue]
[wall=1789952059][simulation=0.000][COMBAT][MINION_DEATH][Red][attacker=Blue]
[wall=1789952059][simulation=0.000][COMBAT][MINION_DEATH][Red][attacker=Blue]
[wall=1789952059][simulation=0.000][COMBAT][MINION_DEATH][Red][attacker=Blue]
[wall=1789952059][simulation=0.000][COMBAT][MINION_DEATH][Red][attacker=Blue]
[wall=1789952059][simulation=0.000][COMBAT][MINION_DEATH][Red][attacker=Blue]
[wall=1789952059][simulation=0.000][COMBAT][MINION_DEATH][Red][attacker=Blue]
[wall=1789952059][simulation=0.000][COMBAT][MINION_DEATH][Red][attacker=Blue]
[wall=1789952059][simulation=0.000][COMBAT][MINION_DEATH][Red][attacker=Blue]
[wall=1789952059][simulation=0.000][COMBAT][MINION_DEATH][Red][attacker=Blue]
[wall=1789952059][simulation=0.000][COMBAT][MINION_DEATH][Red][attacker=Blue]
[wall=1789952059][simulation=0.000][COMBAT][MINION_DEATH][Red][attacker=Blue]
[wall=1789952059][simulation=0.000][COMBAT][MINION_DEATH][Red][attacker=Blue]
[wall=1789952059][simulation=0.000][COMBAT][MINION_DEATH][Red][attacker=Blue]
[wall=1789952059][simulation=0.000][COMBAT][MINION_DEATH][Red][attacker=Blue]
[wall=1789952059][simulation=0.000][COMBAT][MINION_DEATH][Red][attacker=Blue]
[wall=1789952059][simulation=0.000][COMBAT][MINION_DEATH][Red][attacker=Blue]
[wall=1789952059][simulation=0.000][COMBAT][MINION_DEATH][Red][attacker=Blue]
[wall=1789952059][simulation=0.000][COMBAT][MINION_DEATH][Red][attacker=Blue]
[wall=1789952059][simulation=0.000][COMBAT][MINION_DEATH][Red][attacker=Blue]
[wall=1789952059][simulation=0.000][COMBAT][MINION_DEATH][Red][attacker=Blue]
[wall=1789952059][simulation=0.000][COMBAT][MINION_DEATH][Red][attacker=Blue]
[wall=1789952059][simulation=0.000][COMBAT][MINION_DEATH][Red][attacker=Blue]
[wall=1789952059][simulation=0.000][COMBAT][MINION_DEATH][Red][attacker=Blue]
[wall=1789952059][simulation=0.000][COMBAT][MINION_DEATH][Red][attacker=Blue]
[wall=1789952059][simulation=0.000][COMBAT][MINION_DEATH][Red][attacker=Blue]
[wall=1789952059][simulation=0.000][COMBAT][MINION_DEATH][Red][attacker=Blue]
[wall=1789952059][simulation=0.000][COMBAT][MINION_DEATH][Red][attacker=Blue]
[wall=1789952059][simulation=0.000][COMBAT][MINION_DEATH][Red][attacker=Blue]
[wall=1789952059][simulation=0.000][COMBAT][MINION_DEATH][Red][attacker=Blue]
[wall=1789952059][simulation=0.000][COMBAT][MINION_DEATH][Red][attacker=Blue]
[wall=1789952059][simulation=0.000][COMBAT][MINION_DEATH][Red][attacker=Blue]
[wall=1789952059][simulation=0.000][COMBAT][MINION_DEATH][Red][attacker=Blue]
[wall=1789952059][simulation=0.000][COMBAT][MINION_DEATH][Red][attacker=Blue]
[wall=1789952059][simulation=0.000][MATCH][MINION_WAVE][GameWorld][count_per_team=3]
[wall=1789952059][simulation=0.000][MATCH][START][GameWorld][seed=0xE4511E]
[wall=1789952059][simulation=0.010][COMBAT][PROJECTILE_SPAWN][Blue][kind=Basic]
[wall=1789952059][simulation=0.010][MATCH][PAUSE][GameWorld][]
[wall=1789952059][simulation=0.010][MATCH][RESUME][GameWorld][]
[wall=1789952059][simulation=0.010][MATCH][BASE_DESTROYED][Red][]
[wall=1789952059][simulation=0.020][MATCH][END][GameWorld][Victory]
[wall=1789952059][simulation=0.000][MATCH][MINION_WAVE][GameWorld][count_per_team=3]
[wall=1789952059][simulation=0.000][MATCH][START][GameWorld][seed=0xE4511E]
[wall=1789952059][simulation=0.010][COMBAT][PROJECTILE_SPAWN][Blue][kind=Basic]
[wall=1789952059][simulation=0.000][MATCH][MINION_WAVE][GameWorld][count_per_team=3]
[wall=1789952059][simulation=0.000][MATCH][START][GameWorld][seed=0xE4511E]
[wall=1789952059][simulation=0.010][COMBAT][PROJECTILE_SPAWN][Blue][kind=Basic]
[wall=1789952059][simulation=0.010][COMBAT][PROJECTILE_SPAWN][Blue][kind=Ultimate]
[wall=1789952059][simulation=0.010][COMBAT][PROJECTILE_SPAWN][Red][kind=Ultimate]
[wall=1789952059][simulation=0.020][COMBAT][PROJECTILE_SPAWN][Blue][kind=Basic]
[wall=1789952059][simulation=0.000][MATCH][MINION_WAVE][GameWorld][count_per_team=3]
[wall=1789952059][simulation=0.000][MATCH][START][GameWorld][seed=0xE4511E]
[wall=1789952059][simulation=0.000][COMBAT][HERO_DEATH][PlayerHero][attacker=Red]
[wall=1789952059][simulation=5.000][COMBAT][HERO_RESPAWN][PlayerHero][]
[wall=1789952059][simulation=5.000][COMBAT][HERO_RESPAWN][BotHero][]
[wall=1789952059][simulation=0.000][MATCH][MINION_WAVE][GameWorld][count_per_team=3]
[wall=1789952059][simulation=0.000][MATCH][START][GameWorld][seed=0xE4511E]
[wall=1789952059][simulation=0.000][MATCH][BASE_DESTROYED][Blue][]
[wall=1789952059][simulation=0.010][MATCH][BASE_DESTROYED][Red][]
[wall=1789952059][simulation=0.010][MATCH][END][GameWorld][Draw]
[wall=1789952059][simulation=0.000][MATCH][MINION_WAVE][GameWorld][count_per_team=3]
[wall=1789952059][simulation=0.000][MATCH][START][GameWorld][seed=0xE4511E]
[wall=1789952059][simulation=0.000][MATCH][BASE_DESTROYED][Blue][]
[wall=1789952059][simulation=0.011][MATCH][BASE_DESTROYED][Red][]
[wall=1789952059][simulation=0.011][MATCH][END][GameWorld][Defeat]
[wall=1789952059][simulation=0.000][MATCH][MINION_WAVE][GameWorld][count_per_team=3]
[wall=1789952059][simulation=0.000][MATCH][START][GameWorld][seed=0xE4511E]
[wall=1789952059][simulation=0.000][MATCH][MINION_WAVE][GameWorld][count_per_team=3]
[wall=1789952059][simulation=0.000][MATCH][START][GameWorld][seed=0xE4511E]
[wall=1789952059][simulation=0.010][COMBAT][PROJECTILE_SPAWN][Blue][kind=Basic]
[wall=1789952059][simulation=0.120][MATCH][BASE_DESTROYED][Red][]
[wall=1789952059][simulation=0.130][MATCH][END][GameWorld][Victory]
[wall=1789952059][simulation=0.000][MATCH][MINION_WAVE][GameWorld][count_per_team=3]
[wall=1789952059][simulation=0.000][MATCH][START][GameWorld][seed=0xE4511E]
[wall=1789952059][simulation=0.000][MATCH][MINION_WAVE][GameWorld][count_per_team=3]
[wall=1789952059][simulation=0.000][MATCH][START][GameWorld][seed=0xE4511E]
[wall=1789952059][simulation=0.010][COMBAT][PROJECTILE_SPAWN][Blue][kind=Basic]
[wall=1789952059][simulation=0.120][MATCH][BASE_DESTROYED][Red][]
[wall=1789952059][simulation=0.130][MATCH][END][GameWorld][Victory]
[wall=1789952059][simulation=0.000][MATCH][MINION_WAVE][GameWorld][count_per_team=3]
[wall=1789952059][simulation=0.000][MATCH][START][GameWorld][seed=0xE4511E]
[wall=1789952059][simulation=0.000][MATCH][MINION_WAVE][GameWorld][count_per_team=3]
[wall=1789952059][simulation=0.000][MATCH][START][GameWorld][seed=0xE4511E]
[wall=1789952059][simulation=0.010][COMBAT][PROJECTILE_SPAWN][Blue][kind=Basic]
[wall=1789952059][simulation=0.120][MATCH][BASE_DESTROYED][Red][]
[wall=1789952059][simulation=0.130][MATCH][END][GameWorld][Victory]
[wall=1789952059][simulation=0.000][MATCH][MINION_WAVE][GameWorld][count_per_team=3]
[wall=1789952059][simulation=0.000][MATCH][START][GameWorld][seed=0xE4511E]
[wall=1789952059][simulation=0.000][MATCH][MINION_WAVE][GameWorld][count_per_team=3]
[wall=1789952059][simulation=0.000][MATCH][START][GameWorld][seed=0xE4511E]
[wall=1789952059][simulation=0.010][COMBAT][PROJECTILE_SPAWN][Blue][kind=Basic]
[wall=1789952059][simulation=0.120][MATCH][BASE_DESTROYED][Red][]
[wall=1789952059][simulation=0.130][MATCH][END][GameWorld][Victory]
[wall=1789952059][simulation=0.000][MATCH][MINION_WAVE][GameWorld][count_per_team=3]
[wall=1789952059][simulation=0.000][MATCH][START][GameWorld][seed=0xE4511E]
[wall=1789952059][simulation=0.000][MATCH][MINION_WAVE][GameWorld][count_per_team=3]
[wall=1789952059][simulation=0.000][MATCH][START][GameWorld][seed=0xE4511E]
[wall=1789952059][simulation=0.010][COMBAT][PROJECTILE_SPAWN][Blue][kind=Basic]
[wall=1789952059][simulation=0.120][MATCH][BASE_DESTROYED][Red][]
[wall=1789952059][simulation=0.130][MATCH][END][GameWorld][Victory]
[wall=1789952059][simulation=0.000][MATCH][MINION_WAVE][GameWorld][count_per_team=3]
[wall=1789952059][simulation=0.000][MATCH][START][GameWorld][seed=0xE4511E]
[wall=1789952059][simulation=0.000][MATCH][MINION_WAVE][GameWorld][count_per_team=3]
[wall=1789952059][simulation=0.000][MATCH][START][GameWorld][seed=0xE4511E]
[wall=1789952059][simulation=0.010][COMBAT][PROJECTILE_SPAWN][Blue][kind=Basic]
[wall=1789952059][simulation=0.120][MATCH][BASE_DESTROYED][Red][]
[wall=1789952059][simulation=0.130][MATCH][END][GameWorld][Victory]
[wall=1789952059][simulation=0.000][MATCH][MINION_WAVE][GameWorld][count_per_team=3]
[wall=1789952059][simulation=0.000][MATCH][START][GameWorld][seed=0xE4511E]
[wall=1789952059][simulation=0.000][MATCH][MINION_WAVE][GameWorld][count_per_team=3]
[wall=1789952059][simulation=0.000][MATCH][START][GameWorld][seed=0xE4511E]
[wall=1789952059][simulation=0.010][COMBAT][PROJECTILE_SPAWN][Blue][kind=Basic]
[wall=1789952059][simulation=0.120][MATCH][BASE_DESTROYED][Red][]
[wall=1789952059][simulation=0.130][MATCH][END][GameWorld][Victory]
[wall=1789952059][simulation=0.000][MATCH][MINION_WAVE][GameWorld][count_per_team=3]
[wall=1789952059][simulation=0.000][MATCH][START][GameWorld][seed=0xE4511E]
[wall=1789952059][simulation=0.000][MATCH][MINION_WAVE][GameWorld][count_per_team=3]
[wall=1789952059][simulation=0.000][MATCH][START][GameWorld][seed=0xE4511E]
[wall=1789952059][simulation=0.010][COMBAT][PROJECTILE_SPAWN][Blue][kind=Basic]
[wall=1789952059][simulation=0.120][MATCH][BASE_DESTROYED][Red][]
[wall=1789952059][simulation=0.130][MATCH][END][GameWorld][Victory]
[wall=1789952059][simulation=0.000][MATCH][MINION_WAVE][GameWorld][count_per_team=3]
[wall=1789952059][simulation=0.000][MATCH][START][GameWorld][seed=0xE4511E]
[wall=1789952059][simulation=0.000][MATCH][MINION_WAVE][GameWorld][count_per_team=3]
[wall=1789952059][simulation=0.000][MATCH][START][GameWorld][seed=0xE4511E]
[wall=1789952059][simulation=0.010][COMBAT][PROJECTILE_SPAWN][Blue][kind=Basic]
[wall=1789952059][simulation=0.120][MATCH][BASE_DESTROYED][Red][]
[wall=1789952059][simulation=0.130][MATCH][END][GameWorld][Victory]
[wall=1789952059][simulation=0.000][MATCH][MINION_WAVE][GameWorld][count_per_team=3]
[wall=1789952059][simulation=0.000][MATCH][START][GameWorld][seed=0xE4511E]
[wall=1789952059][simulation=0.000][MATCH][MINION_WAVE][GameWorld][count_per_team=3]
[wall=1789952059][simulation=0.000][MATCH][START][GameWorld][seed=0xE4511E]
[wall=1789952059][simulation=0.010][COMBAT][PROJECTILE_SPAWN][Blue][kind=Basic]
[wall=1789952059][simulation=0.120][MATCH][BASE_DESTROYED][Red][]
[wall=1789952059][simulation=0.130][MATCH][END][GameWorld][Victory]
[wall=1789952059][simulation=0.000][MATCH][MINION_WAVE][GameWorld][count_per_team=3]
[wall=1789952059][simulation=0.000][MATCH][START][GameWorld][seed=0xE4511E]
[wall=1789952059][simulation=0.000][MATCH][MINION_WAVE][GameWorld][count_per_team=3]
[wall=1789952059][simulation=0.000][MATCH][START][GameWorld][seed=0xE4511E]
[wall=1789952059][simulation=0.120][COMBAT][PROJECTILE_SPAWN][Blue][kind=Basic]
[wall=1789952059][simulation=0.120][COMBAT][PROJECTILE_SPAWN][Blue][kind=Ultimate]
[wall=1789952059][simulation=0.120][COMBAT][PROJECTILE_SPAWN][Red][kind=Basic]
[wall=1789952059][simulation=0.120][COMBAT][PROJECTILE_SPAWN][Red][kind=Ultimate]
[wall=1789952059][simulation=0.180][COMBAT][HERO_DEATH][BotHero][attacker=Blue]
[wall=1789952059][simulation=5.180][COMBAT][HERO_RESPAWN][BotHero][]
[wall=1789952059][simulation=5.190][MATCH][TOWER_DESTROYED][Red][]
[wall=1789952059][simulation=5.200][COMBAT][PROJECTILE_SPAWN][Blue][kind=Basic]
[wall=1789952059][simulation=5.310][MATCH][BASE_DESTROYED][Red][]
[wall=1789952059][simulation=5.320][MATCH][END][GameWorld][Victory]
[wall=1789952059][simulation=0.000][MATCH][MINION_WAVE][GameWorld][count_per_team=3]
[wall=1789952059][simulation=0.000][MATCH][START][GameWorld][seed=0xE4511E]
[wall=1789952170][simulation=0.000][MATCH][MINION_WAVE][GameWorld][count_per_team=3]
[wall=1789952170][simulation=0.000][MATCH][START][GameWorld][seed=0xE4511E]
[wall=1789952170][simulation=0.000][MATCH][MINION_WAVE][GameWorld][count_per_team=3]
[wall=1789952170][simulation=0.000][MATCH][START][GameWorld][seed=0xE4511E]
[wall=1789952170][simulation=0.010][COMBAT][PROJECTILE_SPAWN][Blue][kind=Basic]
[wall=1789952170][simulation=0.010][COMBAT][PROJECTILE_SPAWN][Blue][kind=Ultimate]
[wall=1789952170][simulation=0.000][MATCH][MINION_WAVE][GameWorld][count_per_team=3]
[wall=1789952170][simulation=0.000][MATCH][START][GameWorld][seed=0xE4511E]
[wall=1789952170][simulation=0.100][COMBAT][PROJECTILE_SPAWN][Red][kind=Basic]
[wall=1789952170][simulation=0.100][COMBAT][PROJECTILE_SPAWN][Red][kind=Ultimate]
[wall=1789952170][simulation=0.000][MATCH][MINION_WAVE][GameWorld][count_per_team=3]
[wall=1789952170][simulation=0.000][MATCH][START][GameWorld][seed=0xE4511E]
[wall=1789952170][simulation=0.000][MATCH][TOWER_DESTROYED][Red][]
[wall=1789952170][simulation=0.780][COMBAT][PROJECTILE_SPAWN][Red][kind=Ultimate]
[wall=1789952170][simulation=1.300][COMBAT][MINION_DEATH][Blue][attacker=Red]
[wall=1789952170][simulation=1.690][COMBAT][PROJECTILE_SPAWN][Red][kind=Basic]
[wall=1789952170][simulation=2.690][COMBAT][PROJECTILE_SPAWN][Red][kind=Basic]
[wall=1789952170][simulation=3.690][COMBAT][PROJECTILE_SPAWN][Red][kind=Basic]
[wall=1789952170][simulation=4.690][COMBAT][PROJECTILE_SPAWN][Red][kind=Basic]
[wall=1789952170][simulation=5.690][COMBAT][PROJECTILE_SPAWN][Red][kind=Basic]
[wall=1789952170][simulation=6.690][COMBAT][PROJECTILE_SPAWN][Red][kind=Basic]
[wall=1789952170][simulation=7.690][COMBAT][PROJECTILE_SPAWN][Red][kind=Basic]
[wall=1789952170][simulation=8.690][COMBAT][PROJECTILE_SPAWN][Red][kind=Basic]
[wall=1789952170][simulation=9.690][COMBAT][PROJECTILE_SPAWN][Red][kind=Basic]
[wall=1789952170][simulation=10.690][COMBAT][PROJECTILE_SPAWN][Red][kind=Basic]
[wall=1789952170][simulation=10.780][COMBAT][PROJECTILE_SPAWN][Red][kind=Ultimate]
[wall=1789952170][simulation=11.690][COMBAT][PROJECTILE_SPAWN][Red][kind=Basic]
[wall=1789952170][simulation=12.000][MATCH][MINION_WAVE][GameWorld][count_per_team=3]
[wall=1789952170][simulation=0.000][MATCH][MINION_WAVE][GameWorld][count_per_team=3]
[wall=1789952170][simulation=0.000][MATCH][START][GameWorld][seed=0xE4511E]
[wall=1789952170][simulation=0.000][MATCH][MINION_WAVE][GameWorld][count_per_team=3]
[wall=1789952170][simulation=0.000][MATCH][START][GameWorld][seed=0xE4511E]
[wall=1789952170][simulation=0.000][COMBAT][MINION_DEATH][Red][attacker=Blue]
[wall=1789952170][simulation=0.000][COMBAT][MINION_DEATH][Red][attacker=Blue]
[wall=1789952170][simulation=0.000][COMBAT][MINION_DEATH][Red][attacker=Blue]
[wall=1789952170][simulation=0.000][COMBAT][MINION_DEATH][Red][attacker=Blue]
[wall=1789952170][simulation=0.000][COMBAT][MINION_DEATH][Red][attacker=Blue]
[wall=1789952170][simulation=0.000][COMBAT][MINION_DEATH][Red][attacker=Blue]
[wall=1789952170][simulation=0.000][COMBAT][MINION_DEATH][Red][attacker=Blue]
[wall=1789952170][simulation=0.000][COMBAT][MINION_DEATH][Red][attacker=Blue]
[wall=1789952170][simulation=0.000][COMBAT][MINION_DEATH][Red][attacker=Blue]
[wall=1789952170][simulation=0.000][COMBAT][MINION_DEATH][Red][attacker=Blue]
[wall=1789952170][simulation=0.000][COMBAT][MINION_DEATH][Red][attacker=Blue]
[wall=1789952170][simulation=0.000][COMBAT][MINION_DEATH][Red][attacker=Blue]
[wall=1789952170][simulation=0.000][COMBAT][MINION_DEATH][Red][attacker=Blue]
[wall=1789952170][simulation=0.000][COMBAT][MINION_DEATH][Red][attacker=Blue]
[wall=1789952170][simulation=0.000][COMBAT][MINION_DEATH][Red][attacker=Blue]
[wall=1789952170][simulation=0.000][COMBAT][MINION_DEATH][Red][attacker=Blue]
[wall=1789952170][simulation=0.000][COMBAT][MINION_DEATH][Red][attacker=Blue]
[wall=1789952170][simulation=0.000][COMBAT][MINION_DEATH][Red][attacker=Blue]
[wall=1789952170][simulation=0.000][COMBAT][MINION_DEATH][Red][attacker=Blue]
[wall=1789952170][simulation=0.000][COMBAT][MINION_DEATH][Red][attacker=Blue]
[wall=1789952170][simulation=0.000][COMBAT][MINION_DEATH][Red][attacker=Blue]
[wall=1789952170][simulation=0.000][COMBAT][MINION_DEATH][Red][attacker=Blue]
[wall=1789952170][simulation=0.000][COMBAT][MINION_DEATH][Red][attacker=Blue]
[wall=1789952170][simulation=0.000][COMBAT][MINION_DEATH][Red][attacker=Blue]
[wall=1789952170][simulation=0.000][COMBAT][MINION_DEATH][Red][attacker=Blue]
[wall=1789952170][simulation=0.000][COMBAT][MINION_DEATH][Red][attacker=Blue]
[wall=1789952170][simulation=0.000][COMBAT][MINION_DEATH][Red][attacker=Blue]
[wall=1789952170][simulation=0.000][COMBAT][MINION_DEATH][Red][attacker=Blue]
[wall=1789952170][simulation=0.000][COMBAT][MINION_DEATH][Red][attacker=Blue]
[wall=1789952170][simulation=0.000][COMBAT][MINION_DEATH][Red][attacker=Blue]
[wall=1789952170][simulation=0.000][COMBAT][MINION_DEATH][Red][attacker=Blue]
[wall=1789952170][simulation=0.000][COMBAT][MINION_DEATH][Red][attacker=Blue]
[wall=1789952170][simulation=0.000][COMBAT][MINION_DEATH][Red][attacker=Blue]
[wall=1789952170][simulation=0.000][COMBAT][MINION_DEATH][Red][attacker=Blue]
[wall=1789952170][simulation=0.000][COMBAT][MINION_DEATH][Red][attacker=Blue]
[wall=1789952170][simulation=0.000][COMBAT][MINION_DEATH][Red][attacker=Blue]
[wall=1789952170][simulation=0.000][COMBAT][MINION_DEATH][Red][attacker=Blue]
[wall=1789952170][simulation=0.000][COMBAT][MINION_DEATH][Red][attacker=Blue]
[wall=1789952170][simulation=0.000][COMBAT][MINION_DEATH][Red][attacker=Blue]
[wall=1789952170][simulation=0.000][COMBAT][MINION_DEATH][Red][attacker=Blue]
[wall=1789952170][simulation=0.000][COMBAT][MINION_DEATH][Red][attacker=Blue]
[wall=1789952170][simulation=0.000][COMBAT][MINION_DEATH][Red][attacker=Blue]
[wall=1789952170][simulation=0.000][COMBAT][MINION_DEATH][Red][attacker=Blue]
[wall=1789952170][simulation=0.000][COMBAT][MINION_DEATH][Red][attacker=Blue]
[wall=1789952170][simulation=0.000][COMBAT][MINION_DEATH][Red][attacker=Blue]
[wall=1789952170][simulation=0.000][COMBAT][MINION_DEATH][Red][attacker=Blue]
[wall=1789952170][simulation=0.000][COMBAT][MINION_DEATH][Red][attacker=Blue]
[wall=1789952170][simulation=0.000][COMBAT][MINION_DEATH][Red][attacker=Blue]
[wall=1789952170][simulation=0.000][COMBAT][MINION_DEATH][Red][attacker=Blue]
[wall=1789952170][simulation=0.000][COMBAT][MINION_DEATH][Red][attacker=Blue]
[wall=1789952170][simulation=0.000][MATCH][MINION_WAVE][GameWorld][count_per_team=3]
[wall=1789952170][simulation=0.000][MATCH][START][GameWorld][seed=0xE4511E]
[wall=1789952170][simulation=0.010][COMBAT][PROJECTILE_SPAWN][Blue][kind=Basic]
[wall=1789952170][simulation=0.010][MATCH][PAUSE][GameWorld][]
[wall=1789952170][simulation=0.010][MATCH][RESUME][GameWorld][]
[wall=1789952170][simulation=0.010][MATCH][BASE_DESTROYED][Red][]
[wall=1789952170][simulation=0.020][MATCH][END][GameWorld][Victory]
[wall=1789952170][simulation=0.000][MATCH][MINION_WAVE][GameWorld][count_per_team=3]
[wall=1789952170][simulation=0.000][MATCH][START][GameWorld][seed=0xE4511E]
[wall=1789952170][simulation=0.010][COMBAT][PROJECTILE_SPAWN][Blue][kind=Basic]
[wall=1789952170][simulation=0.000][MATCH][MINION_WAVE][GameWorld][count_per_team=3]
[wall=1789952170][simulation=0.000][MATCH][START][GameWorld][seed=0xE4511E]
[wall=1789952170][simulation=0.010][COMBAT][PROJECTILE_SPAWN][Blue][kind=Basic]
[wall=1789952170][simulation=0.010][COMBAT][PROJECTILE_SPAWN][Blue][kind=Ultimate]
[wall=1789952170][simulation=0.010][COMBAT][PROJECTILE_SPAWN][Red][kind=Ultimate]
[wall=1789952170][simulation=0.020][COMBAT][PROJECTILE_SPAWN][Blue][kind=Basic]
[wall=1789952170][simulation=0.000][MATCH][MINION_WAVE][GameWorld][count_per_team=3]
[wall=1789952170][simulation=0.000][MATCH][START][GameWorld][seed=0xE4511E]
[wall=1789952170][simulation=0.000][COMBAT][HERO_DEATH][PlayerHero][attacker=Red]
[wall=1789952170][simulation=5.000][COMBAT][HERO_RESPAWN][PlayerHero][]
[wall=1789952170][simulation=5.000][COMBAT][HERO_RESPAWN][BotHero][]
[wall=1789952170][simulation=0.000][MATCH][MINION_WAVE][GameWorld][count_per_team=3]
[wall=1789952170][simulation=0.000][MATCH][START][GameWorld][seed=0xE4511E]
[wall=1789952170][simulation=0.000][MATCH][BASE_DESTROYED][Blue][]
[wall=1789952170][simulation=0.010][MATCH][BASE_DESTROYED][Red][]
[wall=1789952170][simulation=0.010][MATCH][END][GameWorld][Draw]
[wall=1789952170][simulation=0.000][MATCH][MINION_WAVE][GameWorld][count_per_team=3]
[wall=1789952170][simulation=0.000][MATCH][START][GameWorld][seed=0xE4511E]
[wall=1789952170][simulation=0.000][MATCH][BASE_DESTROYED][Blue][]
[wall=1789952170][simulation=0.011][MATCH][BASE_DESTROYED][Red][]
[wall=1789952170][simulation=0.011][MATCH][END][GameWorld][Defeat]
[wall=1789952170][simulation=0.000][MATCH][MINION_WAVE][GameWorld][count_per_team=3]
[wall=1789952170][simulation=0.000][MATCH][START][GameWorld][seed=0xE4511E]
[wall=1789952170][simulation=0.000][MATCH][MINION_WAVE][GameWorld][count_per_team=3]
[wall=1789952170][simulation=0.000][MATCH][START][GameWorld][seed=0xE4511E]
[wall=1789952170][simulation=0.010][COMBAT][PROJECTILE_SPAWN][Blue][kind=Basic]
[wall=1789952170][simulation=0.120][MATCH][BASE_DESTROYED][Red][]
[wall=1789952170][simulation=0.130][MATCH][END][GameWorld][Victory]
[wall=1789952170][simulation=0.000][MATCH][MINION_WAVE][GameWorld][count_per_team=3]
[wall=1789952170][simulation=0.000][MATCH][START][GameWorld][seed=0xE4511E]
[wall=1789952170][simulation=0.000][MATCH][MINION_WAVE][GameWorld][count_per_team=3]
[wall=1789952170][simulation=0.000][MATCH][START][GameWorld][seed=0xE4511E]
[wall=1789952170][simulation=0.010][COMBAT][PROJECTILE_SPAWN][Blue][kind=Basic]
[wall=1789952170][simulation=0.120][MATCH][BASE_DESTROYED][Red][]
[wall=1789952170][simulation=0.130][MATCH][END][GameWorld][Victory]
[wall=1789952170][simulation=0.000][MATCH][MINION_WAVE][GameWorld][count_per_team=3]
[wall=1789952170][simulation=0.000][MATCH][START][GameWorld][seed=0xE4511E]
[wall=1789952170][simulation=0.000][MATCH][MINION_WAVE][GameWorld][count_per_team=3]
[wall=1789952170][simulation=0.000][MATCH][START][GameWorld][seed=0xE4511E]
[wall=1789952170][simulation=0.010][COMBAT][PROJECTILE_SPAWN][Blue][kind=Basic]
[wall=1789952170][simulation=0.120][MATCH][BASE_DESTROYED][Red][]
[wall=1789952170][simulation=0.130][MATCH][END][GameWorld][Victory]
[wall=1789952170][simulation=0.000][MATCH][MINION_WAVE][GameWorld][count_per_team=3]
[wall=1789952170][simulation=0.000][MATCH][START][GameWorld][seed=0xE4511E]
[wall=1789952170][simulation=0.000][MATCH][MINION_WAVE][GameWorld][count_per_team=3]
[wall=1789952170][simulation=0.000][MATCH][START][GameWorld][seed=0xE4511E]
[wall=1789952170][simulation=0.010][COMBAT][PROJECTILE_SPAWN][Blue][kind=Basic]
[wall=1789952170][simulation=0.120][MATCH][BASE_DESTROYED][Red][]
[wall=1789952170][simulation=0.130][MATCH][END][GameWorld][Victory]
[wall=1789952170][simulation=0.000][MATCH][MINION_WAVE][GameWorld][count_per_team=3]
[wall=1789952170][simulation=0.000][MATCH][START][GameWorld][seed=0xE4511E]
[wall=1789952170][simulation=0.000][MATCH][MINION_WAVE][GameWorld][count_per_team=3]
[wall=1789952170][simulation=0.000][MATCH][START][GameWorld][seed=0xE4511E]
[wall=1789952170][simulation=0.010][COMBAT][PROJECTILE_SPAWN][Blue][kind=Basic]
[wall=1789952170][simulation=0.120][MATCH][BASE_DESTROYED][Red][]
[wall=1789952170][simulation=0.130][MATCH][END][GameWorld][Victory]
[wall=1789952170][simulation=0.000][MATCH][MINION_WAVE][GameWorld][count_per_team=3]
[wall=1789952170][simulation=0.000][MATCH][START][GameWorld][seed=0xE4511E]
[wall=1789952170][simulation=0.000][MATCH][MINION_WAVE][GameWorld][count_per_team=3]
[wall=1789952170][simulation=0.000][MATCH][START][GameWorld][seed=0xE4511E]
[wall=1789952170][simulation=0.010][COMBAT][PROJECTILE_SPAWN][Blue][kind=Basic]
[wall=1789952170][simulation=0.120][MATCH][BASE_DESTROYED][Red][]
[wall=1789952170][simulation=0.130][MATCH][END][GameWorld][Victory]
[wall=1789952170][simulation=0.000][MATCH][MINION_WAVE][GameWorld][count_per_team=3]
[wall=1789952170][simulation=0.000][MATCH][START][GameWorld][seed=0xE4511E]
[wall=1789952170][simulation=0.000][MATCH][MINION_WAVE][GameWorld][count_per_team=3]
[wall=1789952170][simulation=0.000][MATCH][START][GameWorld][seed=0xE4511E]
[wall=1789952170][simulation=0.010][COMBAT][PROJECTILE_SPAWN][Blue][kind=Basic]
[wall=1789952170][simulation=0.120][MATCH][BASE_DESTROYED][Red][]
[wall=1789952170][simulation=0.130][MATCH][END][GameWorld][Victory]
[wall=1789952170][simulation=0.000][MATCH][MINION_WAVE][GameWorld][count_per_team=3]
[wall=1789952170][simulation=0.000][MATCH][START][GameWorld][seed=0xE4511E]
[wall=1789952170][simulation=0.000][MATCH][MINION_WAVE][GameWorld][count_per_team=3]
[wall=1789952170][simulation=0.000][MATCH][START][GameWorld][seed=0xE4511E]
[wall=1789952170][simulation=0.010][COMBAT][PROJECTILE_SPAWN][Blue][kind=Basic]
[wall=1789952170][simulation=0.120][MATCH][BASE_DESTROYED][Red][]
[wall=1789952170][simulation=0.130][MATCH][END][GameWorld][Victory]
[wall=1789952170][simulation=0.000][MATCH][MINION_WAVE][GameWorld][count_per_team=3]
[wall=1789952170][simulation=0.000][MATCH][START][GameWorld][seed=0xE4511E]
[wall=1789952170][simulation=0.000][MATCH][MINION_WAVE][GameWorld][count_per_team=3]
[wall=1789952170][simulation=0.000][MATCH][START][GameWorld][seed=0xE4511E]
[wall=1789952170][simulation=0.010][COMBAT][PROJECTILE_SPAWN][Blue][kind=Basic]
[wall=1789952170][simulation=0.120][MATCH][BASE_DESTROYED][Red][]
[wall=1789952170][simulation=0.130][MATCH][END][GameWorld][Victory]
[wall=1789952170][simulation=0.000][MATCH][MINION_WAVE][GameWorld][count_per_team=3]
[wall=1789952170][simulation=0.000][MATCH][START][GameWorld][seed=0xE4511E]
[wall=1789952170][simulation=0.000][MATCH][MINION_WAVE][GameWorld][count_per_team=3]
[wall=1789952170][simulation=0.000][MATCH][START][GameWorld][seed=0xE4511E]
[wall=1789952170][simulation=0.010][COMBAT][PROJECTILE_SPAWN][Blue][kind=Basic]
[wall=1789952170][simulation=0.120][MATCH][BASE_DESTROYED][Red][]
[wall=1789952170][simulation=0.130][MATCH][END][GameWorld][Victory]
[wall=1789952170][simulation=0.000][MATCH][MINION_WAVE][GameWorld][count_per_team=3]
[wall=1789952170][simulation=0.000][MATCH][START][GameWorld][seed=0xE4511E]
[wall=1789952170][simulation=0.000][MATCH][MINION_WAVE][GameWorld][count_per_team=3]
[wall=1789952170][simulation=0.000][MATCH][START][GameWorld][seed=0xE4511E]
[wall=1789952170][simulation=0.120][COMBAT][PROJECTILE_SPAWN][Blue][kind=Basic]
[wall=1789952170][simulation=0.120][COMBAT][PROJECTILE_SPAWN][Blue][kind=Ultimate]
[wall=1789952170][simulation=0.120][COMBAT][PROJECTILE_SPAWN][Red][kind=Basic]
[wall=1789952170][simulation=0.120][COMBAT][PROJECTILE_SPAWN][Red][kind=Ultimate]
[wall=1789952170][simulation=0.180][COMBAT][HERO_DEATH][BotHero][attacker=Blue]
[wall=1789952170][simulation=5.180][COMBAT][HERO_RESPAWN][BotHero][]
[wall=1789952170][simulation=5.190][MATCH][TOWER_DESTROYED][Red][]
[wall=1789952170][simulation=5.200][COMBAT][PROJECTILE_SPAWN][Blue][kind=Basic]
[wall=1789952170][simulation=5.310][MATCH][BASE_DESTROYED][Red][]
[wall=1789952170][simulation=5.320][MATCH][END][GameWorld][Victory]
[wall=1789952170][simulation=0.000][MATCH][MINION_WAVE][GameWorld][count_per_team=3]
[wall=1789952170][simulation=0.000][MATCH][START][GameWorld][seed=0xE4511E]
[wall=1789952233][simulation=0.000][APP][WINDOW_CREATED][Application][]
[wall=1789952233][simulation=0.000][APP][DX11_READY][Renderer][]
[wall=1789952233][simulation=0.000][APP][HUD_READY][HUDRenderer][smoke=0]
[wall=1789952335][simulation=0.000][MATCH][MINION_WAVE][GameWorld][count_per_team=3]
[wall=1789952335][simulation=0.000][MATCH][START][GameWorld][seed=0xE4511E]
[wall=1789952335][simulation=0.000][MATCH][MINION_WAVE][GameWorld][count_per_team=3]
[wall=1789952335][simulation=0.000][MATCH][START][GameWorld][seed=0xE4511E]
[wall=1789952335][simulation=0.010][COMBAT][PROJECTILE_SPAWN][Blue][kind=Basic]
[wall=1789952335][simulation=0.010][COMBAT][PROJECTILE_SPAWN][Blue][kind=Ultimate]
[wall=1789952335][simulation=0.000][MATCH][MINION_WAVE][GameWorld][count_per_team=3]
[wall=1789952335][simulation=0.000][MATCH][START][GameWorld][seed=0xE4511E]
[wall=1789952335][simulation=0.100][COMBAT][PROJECTILE_SPAWN][Red][kind=Basic]
[wall=1789952335][simulation=0.100][COMBAT][PROJECTILE_SPAWN][Red][kind=Ultimate]
[wall=1789952335][simulation=0.000][MATCH][MINION_WAVE][GameWorld][count_per_team=3]
[wall=1789952335][simulation=0.000][MATCH][START][GameWorld][seed=0xE4511E]
[wall=1789952335][simulation=0.000][MATCH][TOWER_DESTROYED][Red][]
[wall=1789952335][simulation=0.780][COMBAT][PROJECTILE_SPAWN][Red][kind=Ultimate]
[wall=1789952335][simulation=1.300][COMBAT][MINION_DEATH][Blue][attacker=Red]
[wall=1789952335][simulation=1.690][COMBAT][PROJECTILE_SPAWN][Red][kind=Basic]
[wall=1789952335][simulation=2.690][COMBAT][PROJECTILE_SPAWN][Red][kind=Basic]
[wall=1789952335][simulation=3.690][COMBAT][PROJECTILE_SPAWN][Red][kind=Basic]
[wall=1789952335][simulation=4.690][COMBAT][PROJECTILE_SPAWN][Red][kind=Basic]
[wall=1789952335][simulation=5.690][COMBAT][PROJECTILE_SPAWN][Red][kind=Basic]
[wall=1789952335][simulation=6.690][COMBAT][PROJECTILE_SPAWN][Red][kind=Basic]
[wall=1789952335][simulation=7.690][COMBAT][PROJECTILE_SPAWN][Red][kind=Basic]
[wall=1789952335][simulation=8.690][COMBAT][PROJECTILE_SPAWN][Red][kind=Basic]
[wall=1789952335][simulation=9.690][COMBAT][PROJECTILE_SPAWN][Red][kind=Basic]
[wall=1789952335][simulation=10.690][COMBAT][PROJECTILE_SPAWN][Red][kind=Basic]
[wall=1789952335][simulation=10.780][COMBAT][PROJECTILE_SPAWN][Red][kind=Ultimate]
[wall=1789952335][simulation=11.690][COMBAT][PROJECTILE_SPAWN][Red][kind=Basic]
[wall=1789952335][simulation=12.000][MATCH][MINION_WAVE][GameWorld][count_per_team=3]
[wall=1789952335][simulation=0.000][MATCH][MINION_WAVE][GameWorld][count_per_team=3]
[wall=1789952335][simulation=0.000][MATCH][START][GameWorld][seed=0xE4511E]
[wall=1789952335][simulation=0.000][MATCH][MINION_WAVE][GameWorld][count_per_team=3]
[wall=1789952335][simulation=0.000][MATCH][START][GameWorld][seed=0xE4511E]
[wall=1789952335][simulation=0.000][COMBAT][MINION_DEATH][Red][attacker=Blue]
[wall=1789952335][simulation=0.000][COMBAT][MINION_DEATH][Red][attacker=Blue]
[wall=1789952335][simulation=0.000][COMBAT][MINION_DEATH][Red][attacker=Blue]
[wall=1789952335][simulation=0.000][COMBAT][MINION_DEATH][Red][attacker=Blue]
[wall=1789952335][simulation=0.000][COMBAT][MINION_DEATH][Red][attacker=Blue]
[wall=1789952335][simulation=0.000][COMBAT][MINION_DEATH][Red][attacker=Blue]
[wall=1789952335][simulation=0.000][COMBAT][MINION_DEATH][Red][attacker=Blue]
[wall=1789952335][simulation=0.000][COMBAT][MINION_DEATH][Red][attacker=Blue]
[wall=1789952335][simulation=0.000][COMBAT][MINION_DEATH][Red][attacker=Blue]
[wall=1789952335][simulation=0.000][COMBAT][MINION_DEATH][Red][attacker=Blue]
[wall=1789952335][simulation=0.000][COMBAT][MINION_DEATH][Red][attacker=Blue]
[wall=1789952335][simulation=0.000][COMBAT][MINION_DEATH][Red][attacker=Blue]
[wall=1789952335][simulation=0.000][COMBAT][MINION_DEATH][Red][attacker=Blue]
[wall=1789952335][simulation=0.000][COMBAT][MINION_DEATH][Red][attacker=Blue]
[wall=1789952335][simulation=0.000][COMBAT][MINION_DEATH][Red][attacker=Blue]
[wall=1789952335][simulation=0.000][COMBAT][MINION_DEATH][Red][attacker=Blue]
[wall=1789952335][simulation=0.000][COMBAT][MINION_DEATH][Red][attacker=Blue]
[wall=1789952335][simulation=0.000][COMBAT][MINION_DEATH][Red][attacker=Blue]
[wall=1789952335][simulation=0.000][COMBAT][MINION_DEATH][Red][attacker=Blue]
[wall=1789952335][simulation=0.000][COMBAT][MINION_DEATH][Red][attacker=Blue]
[wall=1789952335][simulation=0.000][COMBAT][MINION_DEATH][Red][attacker=Blue]
[wall=1789952335][simulation=0.000][COMBAT][MINION_DEATH][Red][attacker=Blue]
[wall=1789952335][simulation=0.000][COMBAT][MINION_DEATH][Red][attacker=Blue]
[wall=1789952335][simulation=0.000][COMBAT][MINION_DEATH][Red][attacker=Blue]
[wall=1789952335][simulation=0.000][COMBAT][MINION_DEATH][Red][attacker=Blue]
[wall=1789952335][simulation=0.000][COMBAT][MINION_DEATH][Red][attacker=Blue]
[wall=1789952335][simulation=0.000][COMBAT][MINION_DEATH][Red][attacker=Blue]
[wall=1789952335][simulation=0.000][COMBAT][MINION_DEATH][Red][attacker=Blue]
[wall=1789952335][simulation=0.000][COMBAT][MINION_DEATH][Red][attacker=Blue]
[wall=1789952335][simulation=0.000][COMBAT][MINION_DEATH][Red][attacker=Blue]
[wall=1789952335][simulation=0.000][COMBAT][MINION_DEATH][Red][attacker=Blue]
[wall=1789952335][simulation=0.000][COMBAT][MINION_DEATH][Red][attacker=Blue]
[wall=1789952335][simulation=0.000][COMBAT][MINION_DEATH][Red][attacker=Blue]
[wall=1789952335][simulation=0.000][COMBAT][MINION_DEATH][Red][attacker=Blue]
[wall=1789952335][simulation=0.000][COMBAT][MINION_DEATH][Red][attacker=Blue]
[wall=1789952335][simulation=0.000][COMBAT][MINION_DEATH][Red][attacker=Blue]
[wall=1789952335][simulation=0.000][COMBAT][MINION_DEATH][Red][attacker=Blue]
[wall=1789952335][simulation=0.000][COMBAT][MINION_DEATH][Red][attacker=Blue]
[wall=1789952335][simulation=0.000][COMBAT][MINION_DEATH][Red][attacker=Blue]
[wall=1789952335][simulation=0.000][COMBAT][MINION_DEATH][Red][attacker=Blue]
[wall=1789952335][simulation=0.000][COMBAT][MINION_DEATH][Red][attacker=Blue]
[wall=1789952335][simulation=0.000][COMBAT][MINION_DEATH][Red][attacker=Blue]
[wall=1789952335][simulation=0.000][COMBAT][MINION_DEATH][Red][attacker=Blue]
[wall=1789952335][simulation=0.000][COMBAT][MINION_DEATH][Red][attacker=Blue]
[wall=1789952335][simulation=0.000][COMBAT][MINION_DEATH][Red][attacker=Blue]
[wall=1789952335][simulation=0.000][COMBAT][MINION_DEATH][Red][attacker=Blue]
[wall=1789952335][simulation=0.000][COMBAT][MINION_DEATH][Red][attacker=Blue]
[wall=1789952335][simulation=0.000][COMBAT][MINION_DEATH][Red][attacker=Blue]
[wall=1789952335][simulation=0.000][COMBAT][MINION_DEATH][Red][attacker=Blue]
[wall=1789952335][simulation=0.000][COMBAT][MINION_DEATH][Red][attacker=Blue]
[wall=1789952335][simulation=0.000][MATCH][MINION_WAVE][GameWorld][count_per_team=3]
[wall=1789952335][simulation=0.000][MATCH][START][GameWorld][seed=0xE4511E]
[wall=1789952335][simulation=0.010][COMBAT][PROJECTILE_SPAWN][Blue][kind=Basic]
[wall=1789952335][simulation=0.010][MATCH][PAUSE][GameWorld][]
[wall=1789952335][simulation=0.010][MATCH][RESUME][GameWorld][]
[wall=1789952335][simulation=0.010][MATCH][BASE_DESTROYED][Red][]
[wall=1789952335][simulation=0.020][MATCH][END][GameWorld][Victory]
[wall=1789952335][simulation=0.000][MATCH][MINION_WAVE][GameWorld][count_per_team=3]
[wall=1789952335][simulation=0.000][MATCH][START][GameWorld][seed=0xE4511E]
[wall=1789952335][simulation=0.010][COMBAT][PROJECTILE_SPAWN][Blue][kind=Basic]
[wall=1789952335][simulation=0.000][MATCH][MINION_WAVE][GameWorld][count_per_team=3]
[wall=1789952335][simulation=0.000][MATCH][START][GameWorld][seed=0xE4511E]
[wall=1789952335][simulation=0.010][COMBAT][PROJECTILE_SPAWN][Blue][kind=Basic]
[wall=1789952335][simulation=0.010][COMBAT][PROJECTILE_SPAWN][Blue][kind=Ultimate]
[wall=1789952335][simulation=0.010][COMBAT][PROJECTILE_SPAWN][Red][kind=Ultimate]
[wall=1789952335][simulation=0.020][COMBAT][PROJECTILE_SPAWN][Blue][kind=Basic]
[wall=1789952335][simulation=0.000][MATCH][MINION_WAVE][GameWorld][count_per_team=3]
[wall=1789952335][simulation=0.000][MATCH][START][GameWorld][seed=0xE4511E]
[wall=1789952335][simulation=0.000][COMBAT][HERO_DEATH][PlayerHero][attacker=Red]
[wall=1789952335][simulation=5.000][COMBAT][HERO_RESPAWN][PlayerHero][]
[wall=1789952335][simulation=5.000][COMBAT][HERO_RESPAWN][BotHero][]
[wall=1789952335][simulation=0.000][MATCH][MINION_WAVE][GameWorld][count_per_team=3]
[wall=1789952335][simulation=0.000][MATCH][START][GameWorld][seed=0xE4511E]
[wall=1789952335][simulation=0.000][MATCH][BASE_DESTROYED][Blue][]
[wall=1789952335][simulation=0.010][MATCH][BASE_DESTROYED][Red][]
[wall=1789952335][simulation=0.010][MATCH][END][GameWorld][Draw]
[wall=1789952335][simulation=0.000][MATCH][MINION_WAVE][GameWorld][count_per_team=3]
[wall=1789952335][simulation=0.000][MATCH][START][GameWorld][seed=0xE4511E]
[wall=1789952335][simulation=0.000][MATCH][BASE_DESTROYED][Blue][]
[wall=1789952335][simulation=0.011][MATCH][BASE_DESTROYED][Red][]
[wall=1789952335][simulation=0.011][MATCH][END][GameWorld][Defeat]
[wall=1789952335][simulation=0.000][MATCH][MINION_WAVE][GameWorld][count_per_team=3]
[wall=1789952335][simulation=0.000][MATCH][START][GameWorld][seed=0xE4511E]
[wall=1789952335][simulation=0.000][MATCH][MINION_WAVE][GameWorld][count_per_team=3]
[wall=1789952335][simulation=0.000][MATCH][START][GameWorld][seed=0xE4511E]
[wall=1789952335][simulation=0.010][COMBAT][PROJECTILE_SPAWN][Blue][kind=Basic]
[wall=1789952335][simulation=0.120][MATCH][BASE_DESTROYED][Red][]
[wall=1789952335][simulation=0.130][MATCH][END][GameWorld][Victory]
[wall=1789952335][simulation=0.000][MATCH][MINION_WAVE][GameWorld][count_per_team=3]
[wall=1789952335][simulation=0.000][MATCH][START][GameWorld][seed=0xE4511E]
[wall=1789952335][simulation=0.000][MATCH][MINION_WAVE][GameWorld][count_per_team=3]
[wall=1789952335][simulation=0.000][MATCH][START][GameWorld][seed=0xE4511E]
[wall=1789952335][simulation=0.010][COMBAT][PROJECTILE_SPAWN][Blue][kind=Basic]
[wall=1789952335][simulation=0.120][MATCH][BASE_DESTROYED][Red][]
[wall=1789952335][simulation=0.130][MATCH][END][GameWorld][Victory]
[wall=1789952335][simulation=0.000][MATCH][MINION_WAVE][GameWorld][count_per_team=3]
[wall=1789952335][simulation=0.000][MATCH][START][GameWorld][seed=0xE4511E]
[wall=1789952335][simulation=0.000][MATCH][MINION_WAVE][GameWorld][count_per_team=3]
[wall=1789952335][simulation=0.000][MATCH][START][GameWorld][seed=0xE4511E]
[wall=1789952335][simulation=0.010][COMBAT][PROJECTILE_SPAWN][Blue][kind=Basic]
[wall=1789952335][simulation=0.120][MATCH][BASE_DESTROYED][Red][]
[wall=1789952335][simulation=0.130][MATCH][END][GameWorld][Victory]
[wall=1789952335][simulation=0.000][MATCH][MINION_WAVE][GameWorld][count_per_team=3]
[wall=1789952335][simulation=0.000][MATCH][START][GameWorld][seed=0xE4511E]
[wall=1789952335][simulation=0.000][MATCH][MINION_WAVE][GameWorld][count_per_team=3]
[wall=1789952335][simulation=0.000][MATCH][START][GameWorld][seed=0xE4511E]
[wall=1789952335][simulation=0.010][COMBAT][PROJECTILE_SPAWN][Blue][kind=Basic]
[wall=1789952335][simulation=0.120][MATCH][BASE_DESTROYED][Red][]
[wall=1789952335][simulation=0.130][MATCH][END][GameWorld][Victory]
[wall=1789952335][simulation=0.000][MATCH][MINION_WAVE][GameWorld][count_per_team=3]
[wall=1789952335][simulation=0.000][MATCH][START][GameWorld][seed=0xE4511E]
[wall=1789952335][simulation=0.000][MATCH][MINION_WAVE][GameWorld][count_per_team=3]
[wall=1789952335][simulation=0.000][MATCH][START][GameWorld][seed=0xE4511E]
[wall=1789952335][simulation=0.010][COMBAT][PROJECTILE_SPAWN][Blue][kind=Basic]
[wall=1789952335][simulation=0.120][MATCH][BASE_DESTROYED][Red][]
[wall=1789952335][simulation=0.130][MATCH][END][GameWorld][Victory]
[wall=1789952335][simulation=0.000][MATCH][MINION_WAVE][GameWorld][count_per_team=3]
[wall=1789952335][simulation=0.000][MATCH][START][GameWorld][seed=0xE4511E]
[wall=1789952335][simulation=0.000][MATCH][MINION_WAVE][GameWorld][count_per_team=3]
[wall=1789952335][simulation=0.000][MATCH][START][GameWorld][seed=0xE4511E]
[wall=1789952335][simulation=0.010][COMBAT][PROJECTILE_SPAWN][Blue][kind=Basic]
[wall=1789952335][simulation=0.120][MATCH][BASE_DESTROYED][Red][]
[wall=1789952335][simulation=0.130][MATCH][END][GameWorld][Victory]
[wall=1789952335][simulation=0.000][MATCH][MINION_WAVE][GameWorld][count_per_team=3]
[wall=1789952335][simulation=0.000][MATCH][START][GameWorld][seed=0xE4511E]
[wall=1789952335][simulation=0.000][MATCH][MINION_WAVE][GameWorld][count_per_team=3]
[wall=1789952335][simulation=0.000][MATCH][START][GameWorld][seed=0xE4511E]
[wall=1789952335][simulation=0.010][COMBAT][PROJECTILE_SPAWN][Blue][kind=Basic]
[wall=1789952335][simulation=0.120][MATCH][BASE_DESTROYED][Red][]
[wall=1789952335][simulation=0.130][MATCH][END][GameWorld][Victory]
[wall=1789952335][simulation=0.000][MATCH][MINION_WAVE][GameWorld][count_per_team=3]
[wall=1789952335][simulation=0.000][MATCH][START][GameWorld][seed=0xE4511E]
[wall=1789952335][simulation=0.000][MATCH][MINION_WAVE][GameWorld][count_per_team=3]
[wall=1789952335][simulation=0.000][MATCH][START][GameWorld][seed=0xE4511E]
[wall=1789952335][simulation=0.010][COMBAT][PROJECTILE_SPAWN][Blue][kind=Basic]
[wall=1789952335][simulation=0.120][MATCH][BASE_DESTROYED][Red][]
[wall=1789952335][simulation=0.130][MATCH][END][GameWorld][Victory]
[wall=1789952335][simulation=0.000][MATCH][MINION_WAVE][GameWorld][count_per_team=3]
[wall=1789952335][simulation=0.000][MATCH][START][GameWorld][seed=0xE4511E]
[wall=1789952335][simulation=0.000][MATCH][MINION_WAVE][GameWorld][count_per_team=3]
[wall=1789952335][simulation=0.000][MATCH][START][GameWorld][seed=0xE4511E]
[wall=1789952335][simulation=0.010][COMBAT][PROJECTILE_SPAWN][Blue][kind=Basic]
[wall=1789952335][simulation=0.120][MATCH][BASE_DESTROYED][Red][]
[wall=1789952335][simulation=0.130][MATCH][END][GameWorld][Victory]
[wall=1789952335][simulation=0.000][MATCH][MINION_WAVE][GameWorld][count_per_team=3]
[wall=1789952335][simulation=0.000][MATCH][START][GameWorld][seed=0xE4511E]
[wall=1789952335][simulation=0.000][MATCH][MINION_WAVE][GameWorld][count_per_team=3]
[wall=1789952335][simulation=0.000][MATCH][START][GameWorld][seed=0xE4511E]
[wall=1789952335][simulation=0.010][COMBAT][PROJECTILE_SPAWN][Blue][kind=Basic]
[wall=1789952335][simulation=0.120][MATCH][BASE_DESTROYED][Red][]
[wall=1789952335][simulation=0.130][MATCH][END][GameWorld][Victory]
[wall=1789952335][simulation=0.000][MATCH][MINION_WAVE][GameWorld][count_per_team=3]
[wall=1789952335][simulation=0.000][MATCH][START][GameWorld][seed=0xE4511E]
[wall=1789952335][simulation=0.000][MATCH][MINION_WAVE][GameWorld][count_per_team=3]
[wall=1789952335][simulation=0.000][MATCH][START][GameWorld][seed=0xE4511E]
[wall=1789952335][simulation=0.120][COMBAT][PROJECTILE_SPAWN][Blue][kind=Basic]
[wall=1789952335][simulation=0.120][COMBAT][PROJECTILE_SPAWN][Blue][kind=Ultimate]
[wall=1789952335][simulation=0.120][COMBAT][PROJECTILE_SPAWN][Red][kind=Basic]
[wall=1789952335][simulation=0.120][COMBAT][PROJECTILE_SPAWN][Red][kind=Ultimate]
[wall=1789952335][simulation=0.180][COMBAT][HERO_DEATH][BotHero][attacker=Blue]
[wall=1789952335][simulation=5.180][COMBAT][HERO_RESPAWN][BotHero][]
[wall=1789952335][simulation=5.190][MATCH][TOWER_DESTROYED][Red][]
[wall=1789952335][simulation=5.200][COMBAT][PROJECTILE_SPAWN][Blue][kind=Basic]
[wall=1789952335][simulation=5.310][MATCH][BASE_DESTROYED][Red][]
[wall=1789952335][simulation=5.320][MATCH][END][GameWorld][Victory]
[wall=1789952335][simulation=0.000][MATCH][MINION_WAVE][GameWorld][count_per_team=3]
[wall=1789952335][simulation=0.000][MATCH][START][GameWorld][seed=0xE4511E]
[wall=1789952372][simulation=0.000][APP][WINDOW_CREATED][Application][]
[wall=1789952372][simulation=0.000][APP][DX11_READY][Renderer][]
[wall=1789952372][simulation=0.000][APP][HUD_READY][HUDRenderer][smoke=1]
[wall=1789952372][simulation=0.000][APP][FRAMES_RENDERED][Renderer][count=5]
[wall=1789952372][simulation=0.000][APP][EXIT][Application][]
[wall=1789952455][simulation=0.000][APP][WINDOW_CREATED][Application][]
[wall=1789952455][simulation=0.000][APP][DX11_READY][Renderer][]
[wall=1789952455][simulation=0.000][APP][HUD_READY][HUDRenderer][smoke=1]
[wall=1789952455][simulation=0.000][MATCH][MINION_WAVE][GameWorld][count_per_team=3]
[wall=1789952455][simulation=0.000][MATCH][START][GameWorld][seed=0xE4511E]
[wall=1789952455][simulation=0.780][COMBAT][PROJECTILE_SPAWN][Red][kind=Ultimate]
[wall=1789952455][simulation=1.300][COMBAT][MINION_DEATH][Blue][attacker=Red]
[wall=1789952455][simulation=1.690][COMBAT][PROJECTILE_SPAWN][Red][kind=Basic]
[wall=1789952455][simulation=2.690][COMBAT][PROJECTILE_SPAWN][Red][kind=Basic]
[wall=1789952455][simulation=3.690][COMBAT][PROJECTILE_SPAWN][Red][kind=Basic]
[wall=1789952455][simulation=3.810][COMBAT][PROJECTILE_SPAWN][Blue][kind=Basic]
[wall=1789952455][simulation=3.810][COMBAT][PROJECTILE_SPAWN][Blue][kind=Ultimate]
[wall=1789952455][simulation=3.940][COMBAT][HERO_DEATH][BotHero][attacker=Blue]
[wall=1789952455][simulation=0.000][APP][FRAMES_RENDERED][Renderer][count=5]
[wall=1789952455][simulation=0.000][APP][EXIT][Application][]
[wall=1789952571][simulation=0.000][MATCH][MINION_WAVE][GameWorld][count_per_team=3]
[wall=1789952571][simulation=0.000][MATCH][START][GameWorld][seed=0xE4511E]
[wall=1789952571][simulation=0.000][MATCH][MINION_WAVE][GameWorld][count_per_team=3]
[wall=1789952571][simulation=0.000][MATCH][START][GameWorld][seed=0xE4511E]
[wall=1789952571][simulation=0.010][COMBAT][PROJECTILE_SPAWN][Blue][kind=Basic]
[wall=1789952571][simulation=0.010][COMBAT][PROJECTILE_SPAWN][Blue][kind=Ultimate]
[wall=1789952571][simulation=0.000][MATCH][MINION_WAVE][GameWorld][count_per_team=3]
[wall=1789952571][simulation=0.000][MATCH][START][GameWorld][seed=0xE4511E]
[wall=1789952571][simulation=0.100][COMBAT][PROJECTILE_SPAWN][Red][kind=Basic]
[wall=1789952571][simulation=0.100][COMBAT][PROJECTILE_SPAWN][Red][kind=Ultimate]
[wall=1789952571][simulation=0.000][MATCH][MINION_WAVE][GameWorld][count_per_team=3]
[wall=1789952571][simulation=0.000][MATCH][START][GameWorld][seed=0xE4511E]
[wall=1789952571][simulation=0.000][MATCH][TOWER_DESTROYED][Red][]
[wall=1789952571][simulation=0.780][COMBAT][PROJECTILE_SPAWN][Red][kind=Ultimate]
[wall=1789952571][simulation=1.300][COMBAT][MINION_DEATH][Blue][attacker=Red]
[wall=1789952571][simulation=1.690][COMBAT][PROJECTILE_SPAWN][Red][kind=Basic]
[wall=1789952571][simulation=2.690][COMBAT][PROJECTILE_SPAWN][Red][kind=Basic]
[wall=1789952571][simulation=3.690][COMBAT][PROJECTILE_SPAWN][Red][kind=Basic]
[wall=1789952571][simulation=4.690][COMBAT][PROJECTILE_SPAWN][Red][kind=Basic]
[wall=1789952571][simulation=5.690][COMBAT][PROJECTILE_SPAWN][Red][kind=Basic]
[wall=1789952571][simulation=6.690][COMBAT][PROJECTILE_SPAWN][Red][kind=Basic]
[wall=1789952571][simulation=7.690][COMBAT][PROJECTILE_SPAWN][Red][kind=Basic]
[wall=1789952571][simulation=8.690][COMBAT][PROJECTILE_SPAWN][Red][kind=Basic]
[wall=1789952571][simulation=9.690][COMBAT][PROJECTILE_SPAWN][Red][kind=Basic]
[wall=1789952571][simulation=10.690][COMBAT][PROJECTILE_SPAWN][Red][kind=Basic]
[wall=1789952571][simulation=10.780][COMBAT][PROJECTILE_SPAWN][Red][kind=Ultimate]
[wall=1789952571][simulation=11.690][COMBAT][PROJECTILE_SPAWN][Red][kind=Basic]
[wall=1789952571][simulation=12.000][MATCH][MINION_WAVE][GameWorld][count_per_team=3]
[wall=1789952571][simulation=0.000][MATCH][MINION_WAVE][GameWorld][count_per_team=3]
[wall=1789952571][simulation=0.000][MATCH][START][GameWorld][seed=0xE4511E]
[wall=1789952571][simulation=0.000][MATCH][MINION_WAVE][GameWorld][count_per_team=3]
[wall=1789952571][simulation=0.000][MATCH][START][GameWorld][seed=0xE4511E]
[wall=1789952571][simulation=0.000][COMBAT][MINION_DEATH][Red][attacker=Blue]
[wall=1789952571][simulation=0.000][COMBAT][MINION_DEATH][Red][attacker=Blue]
[wall=1789952571][simulation=0.000][COMBAT][MINION_DEATH][Red][attacker=Blue]
[wall=1789952571][simulation=0.000][COMBAT][MINION_DEATH][Red][attacker=Blue]
[wall=1789952571][simulation=0.000][COMBAT][MINION_DEATH][Red][attacker=Blue]
[wall=1789952571][simulation=0.000][COMBAT][MINION_DEATH][Red][attacker=Blue]
[wall=1789952571][simulation=0.000][COMBAT][MINION_DEATH][Red][attacker=Blue]
[wall=1789952571][simulation=0.000][COMBAT][MINION_DEATH][Red][attacker=Blue]
[wall=1789952571][simulation=0.000][COMBAT][MINION_DEATH][Red][attacker=Blue]
[wall=1789952571][simulation=0.000][COMBAT][MINION_DEATH][Red][attacker=Blue]
[wall=1789952571][simulation=0.000][COMBAT][MINION_DEATH][Red][attacker=Blue]
[wall=1789952571][simulation=0.000][COMBAT][MINION_DEATH][Red][attacker=Blue]
[wall=1789952571][simulation=0.000][COMBAT][MINION_DEATH][Red][attacker=Blue]
[wall=1789952571][simulation=0.000][COMBAT][MINION_DEATH][Red][attacker=Blue]
[wall=1789952571][simulation=0.000][COMBAT][MINION_DEATH][Red][attacker=Blue]
[wall=1789952571][simulation=0.000][COMBAT][MINION_DEATH][Red][attacker=Blue]
[wall=1789952571][simulation=0.000][COMBAT][MINION_DEATH][Red][attacker=Blue]
[wall=1789952571][simulation=0.000][COMBAT][MINION_DEATH][Red][attacker=Blue]
[wall=1789952571][simulation=0.000][COMBAT][MINION_DEATH][Red][attacker=Blue]
[wall=1789952571][simulation=0.000][COMBAT][MINION_DEATH][Red][attacker=Blue]
[wall=1789952571][simulation=0.000][COMBAT][MINION_DEATH][Red][attacker=Blue]
[wall=1789952571][simulation=0.000][COMBAT][MINION_DEATH][Red][attacker=Blue]
[wall=1789952571][simulation=0.000][COMBAT][MINION_DEATH][Red][attacker=Blue]
[wall=1789952571][simulation=0.000][COMBAT][MINION_DEATH][Red][attacker=Blue]
[wall=1789952571][simulation=0.000][COMBAT][MINION_DEATH][Red][attacker=Blue]
[wall=1789952571][simulation=0.000][COMBAT][MINION_DEATH][Red][attacker=Blue]
[wall=1789952571][simulation=0.000][COMBAT][MINION_DEATH][Red][attacker=Blue]
[wall=1789952571][simulation=0.000][COMBAT][MINION_DEATH][Red][attacker=Blue]
[wall=1789952571][simulation=0.000][COMBAT][MINION_DEATH][Red][attacker=Blue]
[wall=1789952571][simulation=0.000][COMBAT][MINION_DEATH][Red][attacker=Blue]
[wall=1789952571][simulation=0.000][COMBAT][MINION_DEATH][Red][attacker=Blue]
[wall=1789952571][simulation=0.000][COMBAT][MINION_DEATH][Red][attacker=Blue]
[wall=1789952571][simulation=0.000][COMBAT][MINION_DEATH][Red][attacker=Blue]
[wall=1789952571][simulation=0.000][COMBAT][MINION_DEATH][Red][attacker=Blue]
[wall=1789952571][simulation=0.000][COMBAT][MINION_DEATH][Red][attacker=Blue]
[wall=1789952571][simulation=0.000][COMBAT][MINION_DEATH][Red][attacker=Blue]
[wall=1789952571][simulation=0.000][COMBAT][MINION_DEATH][Red][attacker=Blue]
[wall=1789952571][simulation=0.000][COMBAT][MINION_DEATH][Red][attacker=Blue]
[wall=1789952571][simulation=0.000][COMBAT][MINION_DEATH][Red][attacker=Blue]
[wall=1789952571][simulation=0.000][COMBAT][MINION_DEATH][Red][attacker=Blue]
[wall=1789952571][simulation=0.000][COMBAT][MINION_DEATH][Red][attacker=Blue]
[wall=1789952571][simulation=0.000][COMBAT][MINION_DEATH][Red][attacker=Blue]
[wall=1789952571][simulation=0.000][COMBAT][MINION_DEATH][Red][attacker=Blue]
[wall=1789952571][simulation=0.000][COMBAT][MINION_DEATH][Red][attacker=Blue]
[wall=1789952571][simulation=0.000][COMBAT][MINION_DEATH][Red][attacker=Blue]
[wall=1789952571][simulation=0.000][COMBAT][MINION_DEATH][Red][attacker=Blue]
[wall=1789952571][simulation=0.000][COMBAT][MINION_DEATH][Red][attacker=Blue]
[wall=1789952571][simulation=0.000][COMBAT][MINION_DEATH][Red][attacker=Blue]
[wall=1789952571][simulation=0.000][COMBAT][MINION_DEATH][Red][attacker=Blue]
[wall=1789952571][simulation=0.000][COMBAT][MINION_DEATH][Red][attacker=Blue]
[wall=1789952571][simulation=0.000][MATCH][MINION_WAVE][GameWorld][count_per_team=3]
[wall=1789952571][simulation=0.000][MATCH][START][GameWorld][seed=0xE4511E]
[wall=1789952571][simulation=0.010][COMBAT][PROJECTILE_SPAWN][Blue][kind=Basic]
[wall=1789952571][simulation=0.010][MATCH][PAUSE][GameWorld][]
[wall=1789952571][simulation=0.010][MATCH][RESUME][GameWorld][]
[wall=1789952571][simulation=0.010][MATCH][BASE_DESTROYED][Red][]
[wall=1789952571][simulation=0.020][MATCH][END][GameWorld][Victory]
[wall=1789952571][simulation=0.000][MATCH][MINION_WAVE][GameWorld][count_per_team=3]
[wall=1789952571][simulation=0.000][MATCH][START][GameWorld][seed=0xE4511E]
[wall=1789952571][simulation=0.010][COMBAT][PROJECTILE_SPAWN][Blue][kind=Basic]
[wall=1789952571][simulation=0.000][MATCH][MINION_WAVE][GameWorld][count_per_team=3]
[wall=1789952571][simulation=0.000][MATCH][START][GameWorld][seed=0xE4511E]
[wall=1789952571][simulation=0.010][COMBAT][PROJECTILE_SPAWN][Blue][kind=Basic]
[wall=1789952571][simulation=0.010][COMBAT][PROJECTILE_SPAWN][Blue][kind=Ultimate]
[wall=1789952571][simulation=0.010][COMBAT][PROJECTILE_SPAWN][Red][kind=Ultimate]
[wall=1789952571][simulation=0.020][COMBAT][PROJECTILE_SPAWN][Blue][kind=Basic]
[wall=1789952571][simulation=0.000][MATCH][MINION_WAVE][GameWorld][count_per_team=3]
[wall=1789952571][simulation=0.000][MATCH][START][GameWorld][seed=0xE4511E]
[wall=1789952571][simulation=0.000][COMBAT][HERO_DEATH][PlayerHero][attacker=Red]
[wall=1789952571][simulation=5.000][COMBAT][HERO_RESPAWN][PlayerHero][]
[wall=1789952571][simulation=5.000][COMBAT][HERO_RESPAWN][BotHero][]
[wall=1789952571][simulation=0.000][MATCH][MINION_WAVE][GameWorld][count_per_team=3]
[wall=1789952571][simulation=0.000][MATCH][START][GameWorld][seed=0xE4511E]
[wall=1789952571][simulation=0.000][MATCH][BASE_DESTROYED][Blue][]
[wall=1789952571][simulation=0.010][MATCH][BASE_DESTROYED][Red][]
[wall=1789952571][simulation=0.010][MATCH][END][GameWorld][Draw]
[wall=1789952571][simulation=0.000][MATCH][MINION_WAVE][GameWorld][count_per_team=3]
[wall=1789952571][simulation=0.000][MATCH][START][GameWorld][seed=0xE4511E]
[wall=1789952571][simulation=0.000][MATCH][BASE_DESTROYED][Blue][]
[wall=1789952571][simulation=0.011][MATCH][BASE_DESTROYED][Red][]
[wall=1789952571][simulation=0.011][MATCH][END][GameWorld][Defeat]
[wall=1789952571][simulation=0.000][MATCH][MINION_WAVE][GameWorld][count_per_team=3]
[wall=1789952571][simulation=0.000][MATCH][START][GameWorld][seed=0xE4511E]
[wall=1789952571][simulation=0.000][MATCH][MINION_WAVE][GameWorld][count_per_team=3]
[wall=1789952571][simulation=0.000][MATCH][START][GameWorld][seed=0xE4511E]
[wall=1789952571][simulation=0.010][COMBAT][PROJECTILE_SPAWN][Blue][kind=Basic]
[wall=1789952571][simulation=0.120][MATCH][BASE_DESTROYED][Red][]
[wall=1789952571][simulation=0.130][MATCH][END][GameWorld][Victory]
[wall=1789952571][simulation=0.000][MATCH][MINION_WAVE][GameWorld][count_per_team=3]
[wall=1789952571][simulation=0.000][MATCH][START][GameWorld][seed=0xE4511E]
[wall=1789952571][simulation=0.000][MATCH][MINION_WAVE][GameWorld][count_per_team=3]
[wall=1789952571][simulation=0.000][MATCH][START][GameWorld][seed=0xE4511E]
[wall=1789952571][simulation=0.010][COMBAT][PROJECTILE_SPAWN][Blue][kind=Basic]
[wall=1789952571][simulation=0.120][MATCH][BASE_DESTROYED][Red][]
[wall=1789952571][simulation=0.130][MATCH][END][GameWorld][Victory]
[wall=1789952571][simulation=0.000][MATCH][MINION_WAVE][GameWorld][count_per_team=3]
[wall=1789952571][simulation=0.000][MATCH][START][GameWorld][seed=0xE4511E]
[wall=1789952571][simulation=0.000][MATCH][MINION_WAVE][GameWorld][count_per_team=3]
[wall=1789952571][simulation=0.000][MATCH][START][GameWorld][seed=0xE4511E]
[wall=1789952571][simulation=0.010][COMBAT][PROJECTILE_SPAWN][Blue][kind=Basic]
[wall=1789952571][simulation=0.120][MATCH][BASE_DESTROYED][Red][]
[wall=1789952571][simulation=0.130][MATCH][END][GameWorld][Victory]
[wall=1789952571][simulation=0.000][MATCH][MINION_WAVE][GameWorld][count_per_team=3]
[wall=1789952571][simulation=0.000][MATCH][START][GameWorld][seed=0xE4511E]
[wall=1789952571][simulation=0.000][MATCH][MINION_WAVE][GameWorld][count_per_team=3]
[wall=1789952571][simulation=0.000][MATCH][START][GameWorld][seed=0xE4511E]
[wall=1789952571][simulation=0.010][COMBAT][PROJECTILE_SPAWN][Blue][kind=Basic]
[wall=1789952571][simulation=0.120][MATCH][BASE_DESTROYED][Red][]
[wall=1789952571][simulation=0.130][MATCH][END][GameWorld][Victory]
[wall=1789952571][simulation=0.000][MATCH][MINION_WAVE][GameWorld][count_per_team=3]
[wall=1789952571][simulation=0.000][MATCH][START][GameWorld][seed=0xE4511E]
[wall=1789952571][simulation=0.000][MATCH][MINION_WAVE][GameWorld][count_per_team=3]
[wall=1789952571][simulation=0.000][MATCH][START][GameWorld][seed=0xE4511E]
[wall=1789952571][simulation=0.010][COMBAT][PROJECTILE_SPAWN][Blue][kind=Basic]
[wall=1789952571][simulation=0.120][MATCH][BASE_DESTROYED][Red][]
[wall=1789952571][simulation=0.130][MATCH][END][GameWorld][Victory]
[wall=1789952571][simulation=0.000][MATCH][MINION_WAVE][GameWorld][count_per_team=3]
[wall=1789952571][simulation=0.000][MATCH][START][GameWorld][seed=0xE4511E]
[wall=1789952571][simulation=0.000][MATCH][MINION_WAVE][GameWorld][count_per_team=3]
[wall=1789952571][simulation=0.000][MATCH][START][GameWorld][seed=0xE4511E]
[wall=1789952571][simulation=0.010][COMBAT][PROJECTILE_SPAWN][Blue][kind=Basic]
[wall=1789952571][simulation=0.120][MATCH][BASE_DESTROYED][Red][]
[wall=1789952571][simulation=0.130][MATCH][END][GameWorld][Victory]
[wall=1789952571][simulation=0.000][MATCH][MINION_WAVE][GameWorld][count_per_team=3]
[wall=1789952571][simulation=0.000][MATCH][START][GameWorld][seed=0xE4511E]
[wall=1789952571][simulation=0.000][MATCH][MINION_WAVE][GameWorld][count_per_team=3]
[wall=1789952571][simulation=0.000][MATCH][START][GameWorld][seed=0xE4511E]
[wall=1789952571][simulation=0.010][COMBAT][PROJECTILE_SPAWN][Blue][kind=Basic]
[wall=1789952571][simulation=0.120][MATCH][BASE_DESTROYED][Red][]
[wall=1789952571][simulation=0.130][MATCH][END][GameWorld][Victory]
[wall=1789952571][simulation=0.000][MATCH][MINION_WAVE][GameWorld][count_per_team=3]
[wall=1789952571][simulation=0.000][MATCH][START][GameWorld][seed=0xE4511E]
[wall=1789952571][simulation=0.000][MATCH][MINION_WAVE][GameWorld][count_per_team=3]
[wall=1789952571][simulation=0.000][MATCH][START][GameWorld][seed=0xE4511E]
[wall=1789952571][simulation=0.010][COMBAT][PROJECTILE_SPAWN][Blue][kind=Basic]
[wall=1789952571][simulation=0.120][MATCH][BASE_DESTROYED][Red][]
[wall=1789952571][simulation=0.130][MATCH][END][GameWorld][Victory]
[wall=1789952571][simulation=0.000][MATCH][MINION_WAVE][GameWorld][count_per_team=3]
[wall=1789952571][simulation=0.000][MATCH][START][GameWorld][seed=0xE4511E]
[wall=1789952571][simulation=0.000][MATCH][MINION_WAVE][GameWorld][count_per_team=3]
[wall=1789952571][simulation=0.000][MATCH][START][GameWorld][seed=0xE4511E]
[wall=1789952571][simulation=0.010][COMBAT][PROJECTILE_SPAWN][Blue][kind=Basic]
[wall=1789952571][simulation=0.120][MATCH][BASE_DESTROYED][Red][]
[wall=1789952571][simulation=0.130][MATCH][END][GameWorld][Victory]
[wall=1789952571][simulation=0.000][MATCH][MINION_WAVE][GameWorld][count_per_team=3]
[wall=1789952571][simulation=0.000][MATCH][START][GameWorld][seed=0xE4511E]
[wall=1789952571][simulation=0.000][MATCH][MINION_WAVE][GameWorld][count_per_team=3]
[wall=1789952571][simulation=0.000][MATCH][START][GameWorld][seed=0xE4511E]
[wall=1789952571][simulation=0.010][COMBAT][PROJECTILE_SPAWN][Blue][kind=Basic]
[wall=1789952571][simulation=0.120][MATCH][BASE_DESTROYED][Red][]
[wall=1789952571][simulation=0.130][MATCH][END][GameWorld][Victory]
[wall=1789952571][simulation=0.000][MATCH][MINION_WAVE][GameWorld][count_per_team=3]
[wall=1789952571][simulation=0.000][MATCH][START][GameWorld][seed=0xE4511E]
[wall=1789952571][simulation=0.000][MATCH][MINION_WAVE][GameWorld][count_per_team=3]
[wall=1789952571][simulation=0.000][MATCH][START][GameWorld][seed=0xE4511E]
[wall=1789952571][simulation=0.120][COMBAT][PROJECTILE_SPAWN][Blue][kind=Basic]
[wall=1789952571][simulation=0.120][COMBAT][PROJECTILE_SPAWN][Blue][kind=Ultimate]
[wall=1789952571][simulation=0.120][COMBAT][PROJECTILE_SPAWN][Red][kind=Basic]
[wall=1789952571][simulation=0.120][COMBAT][PROJECTILE_SPAWN][Red][kind=Ultimate]
[wall=1789952571][simulation=0.180][COMBAT][HERO_DEATH][BotHero][attacker=Blue]
[wall=1789952571][simulation=5.180][COMBAT][HERO_RESPAWN][BotHero][]
[wall=1789952571][simulation=5.190][MATCH][TOWER_DESTROYED][Red][]
[wall=1789952571][simulation=5.200][COMBAT][PROJECTILE_SPAWN][Blue][kind=Basic]
[wall=1789952571][simulation=5.310][MATCH][BASE_DESTROYED][Red][]
[wall=1789952571][simulation=5.320][MATCH][END][GameWorld][Victory]
[wall=1789952571][simulation=0.000][MATCH][MINION_WAVE][GameWorld][count_per_team=3]
[wall=1789952571][simulation=0.000][MATCH][START][GameWorld][seed=0xE4511E]
[wall=1789952590][simulation=0.000][MATCH][MINION_WAVE][GameWorld][count_per_team=3]
[wall=1789952590][simulation=0.000][MATCH][START][GameWorld][seed=0xE4511E]
[wall=1789952590][simulation=0.000][MATCH][MINION_WAVE][GameWorld][count_per_team=3]
[wall=1789952590][simulation=0.000][MATCH][START][GameWorld][seed=0xE4511E]
[wall=1789952590][simulation=0.010][COMBAT][PROJECTILE_SPAWN][Blue][kind=Basic]
[wall=1789952590][simulation=0.010][COMBAT][PROJECTILE_SPAWN][Blue][kind=Ultimate]
[wall=1789952590][simulation=0.000][MATCH][MINION_WAVE][GameWorld][count_per_team=3]
[wall=1789952590][simulation=0.000][MATCH][START][GameWorld][seed=0xE4511E]
[wall=1789952590][simulation=0.100][COMBAT][PROJECTILE_SPAWN][Red][kind=Basic]
[wall=1789952590][simulation=0.100][COMBAT][PROJECTILE_SPAWN][Red][kind=Ultimate]
[wall=1789952590][simulation=0.000][MATCH][MINION_WAVE][GameWorld][count_per_team=3]
[wall=1789952590][simulation=0.000][MATCH][START][GameWorld][seed=0xE4511E]
[wall=1789952590][simulation=0.000][MATCH][TOWER_DESTROYED][Red][]
[wall=1789952590][simulation=0.780][COMBAT][PROJECTILE_SPAWN][Red][kind=Ultimate]
[wall=1789952590][simulation=1.300][COMBAT][MINION_DEATH][Blue][attacker=Red]
[wall=1789952590][simulation=1.690][COMBAT][PROJECTILE_SPAWN][Red][kind=Basic]
[wall=1789952590][simulation=2.690][COMBAT][PROJECTILE_SPAWN][Red][kind=Basic]
[wall=1789952590][simulation=3.690][COMBAT][PROJECTILE_SPAWN][Red][kind=Basic]
[wall=1789952590][simulation=4.690][COMBAT][PROJECTILE_SPAWN][Red][kind=Basic]
[wall=1789952590][simulation=5.690][COMBAT][PROJECTILE_SPAWN][Red][kind=Basic]
[wall=1789952590][simulation=6.690][COMBAT][PROJECTILE_SPAWN][Red][kind=Basic]
[wall=1789952590][simulation=7.690][COMBAT][PROJECTILE_SPAWN][Red][kind=Basic]
[wall=1789952590][simulation=8.690][COMBAT][PROJECTILE_SPAWN][Red][kind=Basic]
[wall=1789952590][simulation=9.690][COMBAT][PROJECTILE_SPAWN][Red][kind=Basic]
[wall=1789952590][simulation=10.690][COMBAT][PROJECTILE_SPAWN][Red][kind=Basic]
[wall=1789952590][simulation=10.780][COMBAT][PROJECTILE_SPAWN][Red][kind=Ultimate]
[wall=1789952590][simulation=11.690][COMBAT][PROJECTILE_SPAWN][Red][kind=Basic]
[wall=1789952590][simulation=12.000][MATCH][MINION_WAVE][GameWorld][count_per_team=3]
[wall=1789952590][simulation=0.000][MATCH][MINION_WAVE][GameWorld][count_per_team=3]
[wall=1789952590][simulation=0.000][MATCH][START][GameWorld][seed=0xE4511E]
[wall=1789952590][simulation=0.000][MATCH][MINION_WAVE][GameWorld][count_per_team=3]
[wall=1789952590][simulation=0.000][MATCH][START][GameWorld][seed=0xE4511E]
[wall=1789952590][simulation=0.000][COMBAT][MINION_DEATH][Red][attacker=Blue]
[wall=1789952590][simulation=0.000][COMBAT][MINION_DEATH][Red][attacker=Blue]
[wall=1789952590][simulation=0.000][COMBAT][MINION_DEATH][Red][attacker=Blue]
[wall=1789952590][simulation=0.000][COMBAT][MINION_DEATH][Red][attacker=Blue]
[wall=1789952590][simulation=0.000][COMBAT][MINION_DEATH][Red][attacker=Blue]
[wall=1789952590][simulation=0.000][COMBAT][MINION_DEATH][Red][attacker=Blue]
[wall=1789952590][simulation=0.000][COMBAT][MINION_DEATH][Red][attacker=Blue]
[wall=1789952590][simulation=0.000][COMBAT][MINION_DEATH][Red][attacker=Blue]
[wall=1789952590][simulation=0.000][COMBAT][MINION_DEATH][Red][attacker=Blue]
[wall=1789952590][simulation=0.000][COMBAT][MINION_DEATH][Red][attacker=Blue]
[wall=1789952590][simulation=0.000][COMBAT][MINION_DEATH][Red][attacker=Blue]
[wall=1789952590][simulation=0.000][COMBAT][MINION_DEATH][Red][attacker=Blue]
[wall=1789952590][simulation=0.000][COMBAT][MINION_DEATH][Red][attacker=Blue]
[wall=1789952590][simulation=0.000][COMBAT][MINION_DEATH][Red][attacker=Blue]
[wall=1789952590][simulation=0.000][COMBAT][MINION_DEATH][Red][attacker=Blue]
[wall=1789952590][simulation=0.000][COMBAT][MINION_DEATH][Red][attacker=Blue]
[wall=1789952590][simulation=0.000][COMBAT][MINION_DEATH][Red][attacker=Blue]
[wall=1789952590][simulation=0.000][COMBAT][MINION_DEATH][Red][attacker=Blue]
[wall=1789952590][simulation=0.000][COMBAT][MINION_DEATH][Red][attacker=Blue]
[wall=1789952590][simulation=0.000][COMBAT][MINION_DEATH][Red][attacker=Blue]
[wall=1789952590][simulation=0.000][COMBAT][MINION_DEATH][Red][attacker=Blue]
[wall=1789952590][simulation=0.000][COMBAT][MINION_DEATH][Red][attacker=Blue]
[wall=1789952590][simulation=0.000][COMBAT][MINION_DEATH][Red][attacker=Blue]
[wall=1789952590][simulation=0.000][COMBAT][MINION_DEATH][Red][attacker=Blue]
[wall=1789952590][simulation=0.000][COMBAT][MINION_DEATH][Red][attacker=Blue]
[wall=1789952590][simulation=0.000][COMBAT][MINION_DEATH][Red][attacker=Blue]
[wall=1789952590][simulation=0.000][COMBAT][MINION_DEATH][Red][attacker=Blue]
[wall=1789952590][simulation=0.000][COMBAT][MINION_DEATH][Red][attacker=Blue]
[wall=1789952590][simulation=0.000][COMBAT][MINION_DEATH][Red][attacker=Blue]
[wall=1789952590][simulation=0.000][COMBAT][MINION_DEATH][Red][attacker=Blue]
[wall=1789952590][simulation=0.000][COMBAT][MINION_DEATH][Red][attacker=Blue]
[wall=1789952590][simulation=0.000][COMBAT][MINION_DEATH][Red][attacker=Blue]
[wall=1789952590][simulation=0.000][COMBAT][MINION_DEATH][Red][attacker=Blue]
[wall=1789952590][simulation=0.000][COMBAT][MINION_DEATH][Red][attacker=Blue]
[wall=1789952590][simulation=0.000][COMBAT][MINION_DEATH][Red][attacker=Blue]
[wall=1789952590][simulation=0.000][COMBAT][MINION_DEATH][Red][attacker=Blue]
[wall=1789952590][simulation=0.000][COMBAT][MINION_DEATH][Red][attacker=Blue]
[wall=1789952590][simulation=0.000][COMBAT][MINION_DEATH][Red][attacker=Blue]
[wall=1789952590][simulation=0.000][COMBAT][MINION_DEATH][Red][attacker=Blue]
[wall=1789952590][simulation=0.000][COMBAT][MINION_DEATH][Red][attacker=Blue]
[wall=1789952590][simulation=0.000][COMBAT][MINION_DEATH][Red][attacker=Blue]
[wall=1789952590][simulation=0.000][COMBAT][MINION_DEATH][Red][attacker=Blue]
[wall=1789952590][simulation=0.000][COMBAT][MINION_DEATH][Red][attacker=Blue]
[wall=1789952590][simulation=0.000][COMBAT][MINION_DEATH][Red][attacker=Blue]
[wall=1789952590][simulation=0.000][COMBAT][MINION_DEATH][Red][attacker=Blue]
[wall=1789952590][simulation=0.000][COMBAT][MINION_DEATH][Red][attacker=Blue]
[wall=1789952590][simulation=0.000][COMBAT][MINION_DEATH][Red][attacker=Blue]
[wall=1789952590][simulation=0.000][COMBAT][MINION_DEATH][Red][attacker=Blue]
[wall=1789952590][simulation=0.000][COMBAT][MINION_DEATH][Red][attacker=Blue]
[wall=1789952590][simulation=0.000][COMBAT][MINION_DEATH][Red][attacker=Blue]
[wall=1789952590][simulation=0.000][MATCH][MINION_WAVE][GameWorld][count_per_team=3]
[wall=1789952590][simulation=0.000][MATCH][START][GameWorld][seed=0xE4511E]
[wall=1789952590][simulation=0.010][COMBAT][PROJECTILE_SPAWN][Blue][kind=Basic]
[wall=1789952590][simulation=0.010][MATCH][PAUSE][GameWorld][]
[wall=1789952590][simulation=0.010][MATCH][RESUME][GameWorld][]
[wall=1789952590][simulation=0.010][MATCH][BASE_DESTROYED][Red][]
[wall=1789952590][simulation=0.020][MATCH][END][GameWorld][Victory]
[wall=1789952590][simulation=0.000][MATCH][MINION_WAVE][GameWorld][count_per_team=3]
[wall=1789952590][simulation=0.000][MATCH][START][GameWorld][seed=0xE4511E]
[wall=1789952590][simulation=0.010][COMBAT][PROJECTILE_SPAWN][Blue][kind=Basic]
[wall=1789952590][simulation=0.000][MATCH][MINION_WAVE][GameWorld][count_per_team=3]
[wall=1789952590][simulation=0.000][MATCH][START][GameWorld][seed=0xE4511E]
[wall=1789952590][simulation=0.010][COMBAT][PROJECTILE_SPAWN][Blue][kind=Basic]
[wall=1789952590][simulation=0.010][COMBAT][PROJECTILE_SPAWN][Blue][kind=Ultimate]
[wall=1789952590][simulation=0.010][COMBAT][PROJECTILE_SPAWN][Red][kind=Ultimate]
[wall=1789952590][simulation=0.020][COMBAT][PROJECTILE_SPAWN][Blue][kind=Basic]
[wall=1789952590][simulation=0.000][MATCH][MINION_WAVE][GameWorld][count_per_team=3]
[wall=1789952590][simulation=0.000][MATCH][START][GameWorld][seed=0xE4511E]
[wall=1789952590][simulation=0.000][COMBAT][HERO_DEATH][PlayerHero][attacker=Red]
[wall=1789952590][simulation=5.000][COMBAT][HERO_RESPAWN][PlayerHero][]
[wall=1789952590][simulation=5.000][COMBAT][HERO_RESPAWN][BotHero][]
[wall=1789952590][simulation=0.000][MATCH][MINION_WAVE][GameWorld][count_per_team=3]
[wall=1789952590][simulation=0.000][MATCH][START][GameWorld][seed=0xE4511E]
[wall=1789952590][simulation=0.000][MATCH][BASE_DESTROYED][Blue][]
[wall=1789952590][simulation=0.010][MATCH][BASE_DESTROYED][Red][]
[wall=1789952590][simulation=0.010][MATCH][END][GameWorld][Draw]
[wall=1789952590][simulation=0.000][MATCH][MINION_WAVE][GameWorld][count_per_team=3]
[wall=1789952590][simulation=0.000][MATCH][START][GameWorld][seed=0xE4511E]
[wall=1789952590][simulation=0.000][MATCH][BASE_DESTROYED][Blue][]
[wall=1789952590][simulation=0.011][MATCH][BASE_DESTROYED][Red][]
[wall=1789952590][simulation=0.011][MATCH][END][GameWorld][Defeat]
[wall=1789952590][simulation=0.000][MATCH][MINION_WAVE][GameWorld][count_per_team=3]
[wall=1789952590][simulation=0.000][MATCH][START][GameWorld][seed=0xE4511E]
[wall=1789952590][simulation=0.000][MATCH][MINION_WAVE][GameWorld][count_per_team=3]
[wall=1789952590][simulation=0.000][MATCH][START][GameWorld][seed=0xE4511E]
[wall=1789952590][simulation=0.010][COMBAT][PROJECTILE_SPAWN][Blue][kind=Basic]
[wall=1789952590][simulation=0.120][MATCH][BASE_DESTROYED][Red][]
[wall=1789952590][simulation=0.130][MATCH][END][GameWorld][Victory]
[wall=1789952590][simulation=0.000][MATCH][MINION_WAVE][GameWorld][count_per_team=3]
[wall=1789952590][simulation=0.000][MATCH][START][GameWorld][seed=0xE4511E]
[wall=1789952590][simulation=0.000][MATCH][MINION_WAVE][GameWorld][count_per_team=3]
[wall=1789952590][simulation=0.000][MATCH][START][GameWorld][seed=0xE4511E]
[wall=1789952590][simulation=0.010][COMBAT][PROJECTILE_SPAWN][Blue][kind=Basic]
[wall=1789952590][simulation=0.120][MATCH][BASE_DESTROYED][Red][]
[wall=1789952590][simulation=0.130][MATCH][END][GameWorld][Victory]
[wall=1789952590][simulation=0.000][MATCH][MINION_WAVE][GameWorld][count_per_team=3]
[wall=1789952590][simulation=0.000][MATCH][START][GameWorld][seed=0xE4511E]
[wall=1789952590][simulation=0.000][MATCH][MINION_WAVE][GameWorld][count_per_team=3]
[wall=1789952590][simulation=0.000][MATCH][START][GameWorld][seed=0xE4511E]
[wall=1789952590][simulation=0.010][COMBAT][PROJECTILE_SPAWN][Blue][kind=Basic]
[wall=1789952590][simulation=0.120][MATCH][BASE_DESTROYED][Red][]
[wall=1789952590][simulation=0.130][MATCH][END][GameWorld][Victory]
[wall=1789952590][simulation=0.000][MATCH][MINION_WAVE][GameWorld][count_per_team=3]
[wall=1789952590][simulation=0.000][MATCH][START][GameWorld][seed=0xE4511E]
[wall=1789952590][simulation=0.000][MATCH][MINION_WAVE][GameWorld][count_per_team=3]
[wall=1789952590][simulation=0.000][MATCH][START][GameWorld][seed=0xE4511E]
[wall=1789952590][simulation=0.010][COMBAT][PROJECTILE_SPAWN][Blue][kind=Basic]
[wall=1789952590][simulation=0.120][MATCH][BASE_DESTROYED][Red][]
[wall=1789952590][simulation=0.130][MATCH][END][GameWorld][Victory]
[wall=1789952590][simulation=0.000][MATCH][MINION_WAVE][GameWorld][count_per_team=3]
[wall=1789952590][simulation=0.000][MATCH][START][GameWorld][seed=0xE4511E]
[wall=1789952590][simulation=0.000][MATCH][MINION_WAVE][GameWorld][count_per_team=3]
[wall=1789952590][simulation=0.000][MATCH][START][GameWorld][seed=0xE4511E]
[wall=1789952590][simulation=0.010][COMBAT][PROJECTILE_SPAWN][Blue][kind=Basic]
[wall=1789952590][simulation=0.120][MATCH][BASE_DESTROYED][Red][]
[wall=1789952590][simulation=0.130][MATCH][END][GameWorld][Victory]
[wall=1789952590][simulation=0.000][MATCH][MINION_WAVE][GameWorld][count_per_team=3]
[wall=1789952590][simulation=0.000][MATCH][START][GameWorld][seed=0xE4511E]
[wall=1789952590][simulation=0.000][MATCH][MINION_WAVE][GameWorld][count_per_team=3]
[wall=1789952590][simulation=0.000][MATCH][START][GameWorld][seed=0xE4511E]
[wall=1789952590][simulation=0.010][COMBAT][PROJECTILE_SPAWN][Blue][kind=Basic]
[wall=1789952590][simulation=0.120][MATCH][BASE_DESTROYED][Red][]
[wall=1789952590][simulation=0.130][MATCH][END][GameWorld][Victory]
[wall=1789952590][simulation=0.000][MATCH][MINION_WAVE][GameWorld][count_per_team=3]
[wall=1789952590][simulation=0.000][MATCH][START][GameWorld][seed=0xE4511E]
[wall=1789952590][simulation=0.000][MATCH][MINION_WAVE][GameWorld][count_per_team=3]
[wall=1789952590][simulation=0.000][MATCH][START][GameWorld][seed=0xE4511E]
[wall=1789952590][simulation=0.010][COMBAT][PROJECTILE_SPAWN][Blue][kind=Basic]
[wall=1789952590][simulation=0.120][MATCH][BASE_DESTROYED][Red][]
[wall=1789952590][simulation=0.130][MATCH][END][GameWorld][Victory]
[wall=1789952590][simulation=0.000][MATCH][MINION_WAVE][GameWorld][count_per_team=3]
[wall=1789952590][simulation=0.000][MATCH][START][GameWorld][seed=0xE4511E]
[wall=1789952590][simulation=0.000][MATCH][MINION_WAVE][GameWorld][count_per_team=3]
[wall=1789952590][simulation=0.000][MATCH][START][GameWorld][seed=0xE4511E]
[wall=1789952590][simulation=0.010][COMBAT][PROJECTILE_SPAWN][Blue][kind=Basic]
[wall=1789952590][simulation=0.120][MATCH][BASE_DESTROYED][Red][]
[wall=1789952590][simulation=0.130][MATCH][END][GameWorld][Victory]
[wall=1789952590][simulation=0.000][MATCH][MINION_WAVE][GameWorld][count_per_team=3]
[wall=1789952590][simulation=0.000][MATCH][START][GameWorld][seed=0xE4511E]
[wall=1789952590][simulation=0.000][MATCH][MINION_WAVE][GameWorld][count_per_team=3]
[wall=1789952590][simulation=0.000][MATCH][START][GameWorld][seed=0xE4511E]
[wall=1789952590][simulation=0.010][COMBAT][PROJECTILE_SPAWN][Blue][kind=Basic]
[wall=1789952590][simulation=0.120][MATCH][BASE_DESTROYED][Red][]
[wall=1789952590][simulation=0.130][MATCH][END][GameWorld][Victory]
[wall=1789952590][simulation=0.000][MATCH][MINION_WAVE][GameWorld][count_per_team=3]
[wall=1789952590][simulation=0.000][MATCH][START][GameWorld][seed=0xE4511E]
[wall=1789952590][simulation=0.000][MATCH][MINION_WAVE][GameWorld][count_per_team=3]
[wall=1789952590][simulation=0.000][MATCH][START][GameWorld][seed=0xE4511E]
[wall=1789952590][simulation=0.010][COMBAT][PROJECTILE_SPAWN][Blue][kind=Basic]
[wall=1789952590][simulation=0.120][MATCH][BASE_DESTROYED][Red][]
[wall=1789952590][simulation=0.130][MATCH][END][GameWorld][Victory]
[wall=1789952590][simulation=0.000][MATCH][MINION_WAVE][GameWorld][count_per_team=3]
[wall=1789952590][simulation=0.000][MATCH][START][GameWorld][seed=0xE4511E]
[wall=1789952590][simulation=0.000][MATCH][MINION_WAVE][GameWorld][count_per_team=3]
[wall=1789952590][simulation=0.000][MATCH][START][GameWorld][seed=0xE4511E]
[wall=1789952590][simulation=0.120][COMBAT][PROJECTILE_SPAWN][Blue][kind=Basic]
[wall=1789952590][simulation=0.120][COMBAT][PROJECTILE_SPAWN][Blue][kind=Ultimate]
[wall=1789952590][simulation=0.120][COMBAT][PROJECTILE_SPAWN][Red][kind=Basic]
[wall=1789952590][simulation=0.120][COMBAT][PROJECTILE_SPAWN][Red][kind=Ultimate]
[wall=1789952590][simulation=0.180][COMBAT][HERO_DEATH][BotHero][attacker=Blue]
[wall=1789952590][simulation=5.180][COMBAT][HERO_RESPAWN][BotHero][]
[wall=1789952590][simulation=5.190][MATCH][TOWER_DESTROYED][Red][]
[wall=1789952590][simulation=5.200][COMBAT][PROJECTILE_SPAWN][Blue][kind=Basic]
[wall=1789952590][simulation=5.310][MATCH][BASE_DESTROYED][Red][]
[wall=1789952590][simulation=5.320][MATCH][END][GameWorld][Victory]
[wall=1789952590][simulation=0.000][MATCH][MINION_WAVE][GameWorld][count_per_team=3]
[wall=1789952590][simulation=0.000][MATCH][START][GameWorld][seed=0xE4511E]
[wall=1789952597][simulation=0.000][APP][WINDOW_CREATED][Application][]
[wall=1789952597][simulation=0.000][APP][DX11_READY][Renderer][]
[wall=1789952597][simulation=0.000][APP][HUD_READY][HUDRenderer][smoke=1]
[wall=1789952597][simulation=0.000][MATCH][MINION_WAVE][GameWorld][count_per_team=3]
[wall=1789952597][simulation=0.000][MATCH][START][GameWorld][seed=0xE4511E]
[wall=1789952597][simulation=0.780][COMBAT][PROJECTILE_SPAWN][Red][kind=Ultimate]
[wall=1789952597][simulation=1.300][COMBAT][MINION_DEATH][Blue][attacker=Red]
[wall=1789952597][simulation=1.690][COMBAT][PROJECTILE_SPAWN][Red][kind=Basic]
[wall=1789952597][simulation=2.690][COMBAT][PROJECTILE_SPAWN][Red][kind=Basic]
[wall=1789952597][simulation=3.690][COMBAT][PROJECTILE_SPAWN][Red][kind=Basic]
[wall=1789952597][simulation=3.810][COMBAT][PROJECTILE_SPAWN][Blue][kind=Basic]
[wall=1789952597][simulation=3.810][COMBAT][PROJECTILE_SPAWN][Blue][kind=Ultimate]
[wall=1789952597][simulation=0.000][APP][FRAMES_RENDERED][Renderer][count=5]
[wall=1789952597][simulation=0.000][APP][EXIT][Application][]
[wall=1789952598][simulation=0.000][APP][WINDOW_CREATED][Application][]
[wall=1789952598][simulation=0.000][APP][DX11_READY][Renderer][]
[wall=1789952598][simulation=0.000][APP][HUD_READY][HUDRenderer][smoke=1]
[wall=1789952598][simulation=0.000][MATCH][MINION_WAVE][GameWorld][count_per_team=3]
[wall=1789952598][simulation=0.000][MATCH][START][GameWorld][seed=0xE4511E]
[wall=1789952598][simulation=0.780][COMBAT][PROJECTILE_SPAWN][Red][kind=Ultimate]
[wall=1789952598][simulation=1.300][COMBAT][MINION_DEATH][Blue][attacker=Red]
[wall=1789952598][simulation=1.690][COMBAT][PROJECTILE_SPAWN][Red][kind=Basic]
[wall=1789952598][simulation=2.690][COMBAT][PROJECTILE_SPAWN][Red][kind=Basic]
[wall=1789952598][simulation=3.690][COMBAT][PROJECTILE_SPAWN][Red][kind=Basic]
[wall=1789952598][simulation=3.810][COMBAT][PROJECTILE_SPAWN][Blue][kind=Basic]
[wall=1789952598][simulation=3.810][COMBAT][PROJECTILE_SPAWN][Blue][kind=Ultimate]
[wall=1789952598][simulation=0.000][APP][FRAMES_RENDERED][Renderer][count=5]
[wall=1789952598][simulation=0.000][APP][EXIT][Application][]
[wall=1789952638][simulation=0.000][MATCH][MINION_WAVE][GameWorld][count_per_team=3]
[wall=1789952638][simulation=0.000][MATCH][START][GameWorld][seed=0xE4511E]
[wall=1789952638][simulation=0.000][MATCH][MINION_WAVE][GameWorld][count_per_team=3]
[wall=1789952638][simulation=0.000][MATCH][START][GameWorld][seed=0xE4511E]
[wall=1789952638][simulation=0.010][COMBAT][PROJECTILE_SPAWN][Blue][kind=Basic]
[wall=1789952638][simulation=0.010][COMBAT][PROJECTILE_SPAWN][Blue][kind=Ultimate]
[wall=1789952638][simulation=0.000][MATCH][MINION_WAVE][GameWorld][count_per_team=3]
[wall=1789952638][simulation=0.000][MATCH][START][GameWorld][seed=0xE4511E]
[wall=1789952638][simulation=0.100][COMBAT][PROJECTILE_SPAWN][Red][kind=Basic]
[wall=1789952638][simulation=0.100][COMBAT][PROJECTILE_SPAWN][Red][kind=Ultimate]
[wall=1789952638][simulation=0.000][MATCH][MINION_WAVE][GameWorld][count_per_team=3]
[wall=1789952638][simulation=0.000][MATCH][START][GameWorld][seed=0xE4511E]
[wall=1789952638][simulation=0.000][MATCH][TOWER_DESTROYED][Red][]
[wall=1789952638][simulation=0.780][COMBAT][PROJECTILE_SPAWN][Red][kind=Ultimate]
[wall=1789952638][simulation=1.300][COMBAT][MINION_DEATH][Blue][attacker=Red]
[wall=1789952638][simulation=1.690][COMBAT][PROJECTILE_SPAWN][Red][kind=Basic]
[wall=1789952638][simulation=2.690][COMBAT][PROJECTILE_SPAWN][Red][kind=Basic]
[wall=1789952638][simulation=3.690][COMBAT][PROJECTILE_SPAWN][Red][kind=Basic]
[wall=1789952638][simulation=4.690][COMBAT][PROJECTILE_SPAWN][Red][kind=Basic]
[wall=1789952638][simulation=5.690][COMBAT][PROJECTILE_SPAWN][Red][kind=Basic]
[wall=1789952638][simulation=6.690][COMBAT][PROJECTILE_SPAWN][Red][kind=Basic]
[wall=1789952638][simulation=7.690][COMBAT][PROJECTILE_SPAWN][Red][kind=Basic]
[wall=1789952638][simulation=8.690][COMBAT][PROJECTILE_SPAWN][Red][kind=Basic]
[wall=1789952638][simulation=9.690][COMBAT][PROJECTILE_SPAWN][Red][kind=Basic]
[wall=1789952638][simulation=10.690][COMBAT][PROJECTILE_SPAWN][Red][kind=Basic]
[wall=1789952638][simulation=10.780][COMBAT][PROJECTILE_SPAWN][Red][kind=Ultimate]
[wall=1789952638][simulation=11.690][COMBAT][PROJECTILE_SPAWN][Red][kind=Basic]
[wall=1789952638][simulation=12.000][MATCH][MINION_WAVE][GameWorld][count_per_team=3]
[wall=1789952638][simulation=0.000][MATCH][MINION_WAVE][GameWorld][count_per_team=3]
[wall=1789952638][simulation=0.000][MATCH][START][GameWorld][seed=0xE4511E]
[wall=1789952638][simulation=0.000][MATCH][MINION_WAVE][GameWorld][count_per_team=3]
[wall=1789952638][simulation=0.000][MATCH][START][GameWorld][seed=0xE4511E]
[wall=1789952638][simulation=0.000][COMBAT][MINION_DEATH][Red][attacker=Blue]
[wall=1789952638][simulation=0.000][COMBAT][MINION_DEATH][Red][attacker=Blue]
[wall=1789952638][simulation=0.000][COMBAT][MINION_DEATH][Red][attacker=Blue]
[wall=1789952638][simulation=0.000][COMBAT][MINION_DEATH][Red][attacker=Blue]
[wall=1789952638][simulation=0.000][COMBAT][MINION_DEATH][Red][attacker=Blue]
[wall=1789952638][simulation=0.000][COMBAT][MINION_DEATH][Red][attacker=Blue]
[wall=1789952638][simulation=0.000][COMBAT][MINION_DEATH][Red][attacker=Blue]
[wall=1789952638][simulation=0.000][COMBAT][MINION_DEATH][Red][attacker=Blue]
[wall=1789952638][simulation=0.000][COMBAT][MINION_DEATH][Red][attacker=Blue]
[wall=1789952638][simulation=0.000][COMBAT][MINION_DEATH][Red][attacker=Blue]
[wall=1789952638][simulation=0.000][COMBAT][MINION_DEATH][Red][attacker=Blue]
[wall=1789952638][simulation=0.000][COMBAT][MINION_DEATH][Red][attacker=Blue]
[wall=1789952638][simulation=0.000][COMBAT][MINION_DEATH][Red][attacker=Blue]
[wall=1789952638][simulation=0.000][COMBAT][MINION_DEATH][Red][attacker=Blue]
[wall=1789952638][simulation=0.000][COMBAT][MINION_DEATH][Red][attacker=Blue]
[wall=1789952638][simulation=0.000][COMBAT][MINION_DEATH][Red][attacker=Blue]
[wall=1789952638][simulation=0.000][COMBAT][MINION_DEATH][Red][attacker=Blue]
[wall=1789952638][simulation=0.000][COMBAT][MINION_DEATH][Red][attacker=Blue]
[wall=1789952638][simulation=0.000][COMBAT][MINION_DEATH][Red][attacker=Blue]
[wall=1789952638][simulation=0.000][COMBAT][MINION_DEATH][Red][attacker=Blue]
[wall=1789952638][simulation=0.000][COMBAT][MINION_DEATH][Red][attacker=Blue]
[wall=1789952638][simulation=0.000][COMBAT][MINION_DEATH][Red][attacker=Blue]
[wall=1789952638][simulation=0.000][COMBAT][MINION_DEATH][Red][attacker=Blue]
[wall=1789952638][simulation=0.000][COMBAT][MINION_DEATH][Red][attacker=Blue]
[wall=1789952638][simulation=0.000][COMBAT][MINION_DEATH][Red][attacker=Blue]
[wall=1789952638][simulation=0.000][COMBAT][MINION_DEATH][Red][attacker=Blue]
[wall=1789952638][simulation=0.000][COMBAT][MINION_DEATH][Red][attacker=Blue]
[wall=1789952638][simulation=0.000][COMBAT][MINION_DEATH][Red][attacker=Blue]
[wall=1789952638][simulation=0.000][COMBAT][MINION_DEATH][Red][attacker=Blue]
[wall=1789952638][simulation=0.000][COMBAT][MINION_DEATH][Red][attacker=Blue]
[wall=1789952638][simulation=0.000][COMBAT][MINION_DEATH][Red][attacker=Blue]
[wall=1789952638][simulation=0.000][COMBAT][MINION_DEATH][Red][attacker=Blue]
[wall=1789952638][simulation=0.000][COMBAT][MINION_DEATH][Red][attacker=Blue]
[wall=1789952638][simulation=0.000][COMBAT][MINION_DEATH][Red][attacker=Blue]
[wall=1789952638][simulation=0.000][COMBAT][MINION_DEATH][Red][attacker=Blue]
[wall=1789952638][simulation=0.000][COMBAT][MINION_DEATH][Red][attacker=Blue]
[wall=1789952638][simulation=0.000][COMBAT][MINION_DEATH][Red][attacker=Blue]
[wall=1789952638][simulation=0.000][COMBAT][MINION_DEATH][Red][attacker=Blue]
[wall=1789952638][simulation=0.000][COMBAT][MINION_DEATH][Red][attacker=Blue]
[wall=1789952638][simulation=0.000][COMBAT][MINION_DEATH][Red][attacker=Blue]
[wall=1789952638][simulation=0.000][COMBAT][MINION_DEATH][Red][attacker=Blue]
[wall=1789952638][simulation=0.000][COMBAT][MINION_DEATH][Red][attacker=Blue]
[wall=1789952638][simulation=0.000][COMBAT][MINION_DEATH][Red][attacker=Blue]
[wall=1789952638][simulation=0.000][COMBAT][MINION_DEATH][Red][attacker=Blue]
[wall=1789952638][simulation=0.000][COMBAT][MINION_DEATH][Red][attacker=Blue]
[wall=1789952638][simulation=0.000][COMBAT][MINION_DEATH][Red][attacker=Blue]
[wall=1789952638][simulation=0.000][COMBAT][MINION_DEATH][Red][attacker=Blue]
[wall=1789952638][simulation=0.000][COMBAT][MINION_DEATH][Red][attacker=Blue]
[wall=1789952638][simulation=0.000][COMBAT][MINION_DEATH][Red][attacker=Blue]
[wall=1789952638][simulation=0.000][COMBAT][MINION_DEATH][Red][attacker=Blue]
[wall=1789952638][simulation=0.000][MATCH][MINION_WAVE][GameWorld][count_per_team=3]
[wall=1789952638][simulation=0.000][MATCH][START][GameWorld][seed=0xE4511E]
[wall=1789952638][simulation=0.010][COMBAT][PROJECTILE_SPAWN][Blue][kind=Basic]
[wall=1789952638][simulation=0.010][MATCH][PAUSE][GameWorld][]
[wall=1789952638][simulation=0.010][MATCH][RESUME][GameWorld][]
[wall=1789952638][simulation=0.010][MATCH][BASE_DESTROYED][Red][]
[wall=1789952638][simulation=0.020][MATCH][END][GameWorld][Victory]
[wall=1789952638][simulation=0.000][MATCH][MINION_WAVE][GameWorld][count_per_team=3]
[wall=1789952638][simulation=0.000][MATCH][START][GameWorld][seed=0xE4511E]
[wall=1789952638][simulation=0.010][COMBAT][PROJECTILE_SPAWN][Blue][kind=Basic]
[wall=1789952638][simulation=0.000][MATCH][MINION_WAVE][GameWorld][count_per_team=3]
[wall=1789952638][simulation=0.000][MATCH][START][GameWorld][seed=0xE4511E]
[wall=1789952638][simulation=0.010][COMBAT][PROJECTILE_SPAWN][Blue][kind=Basic]
[wall=1789952638][simulation=0.010][COMBAT][PROJECTILE_SPAWN][Blue][kind=Ultimate]
[wall=1789952638][simulation=0.010][COMBAT][PROJECTILE_SPAWN][Red][kind=Ultimate]
[wall=1789952638][simulation=0.020][COMBAT][PROJECTILE_SPAWN][Blue][kind=Basic]
[wall=1789952638][simulation=0.000][MATCH][MINION_WAVE][GameWorld][count_per_team=3]
[wall=1789952638][simulation=0.000][MATCH][START][GameWorld][seed=0xE4511E]
[wall=1789952638][simulation=0.000][COMBAT][HERO_DEATH][PlayerHero][attacker=Red]
[wall=1789952638][simulation=5.000][COMBAT][HERO_RESPAWN][PlayerHero][]
[wall=1789952638][simulation=5.000][COMBAT][HERO_RESPAWN][BotHero][]
[wall=1789952638][simulation=0.000][MATCH][MINION_WAVE][GameWorld][count_per_team=3]
[wall=1789952638][simulation=0.000][MATCH][START][GameWorld][seed=0xE4511E]
[wall=1789952638][simulation=0.000][MATCH][BASE_DESTROYED][Blue][]
[wall=1789952638][simulation=0.010][MATCH][BASE_DESTROYED][Red][]
[wall=1789952638][simulation=0.010][MATCH][END][GameWorld][Draw]
[wall=1789952638][simulation=0.000][MATCH][MINION_WAVE][GameWorld][count_per_team=3]
[wall=1789952638][simulation=0.000][MATCH][START][GameWorld][seed=0xE4511E]
[wall=1789952638][simulation=0.000][MATCH][BASE_DESTROYED][Blue][]
[wall=1789952638][simulation=0.011][MATCH][BASE_DESTROYED][Red][]
[wall=1789952638][simulation=0.011][MATCH][END][GameWorld][Defeat]
[wall=1789952638][simulation=0.000][MATCH][MINION_WAVE][GameWorld][count_per_team=3]
[wall=1789952638][simulation=0.000][MATCH][START][GameWorld][seed=0xE4511E]
[wall=1789952638][simulation=0.000][MATCH][MINION_WAVE][GameWorld][count_per_team=3]
[wall=1789952638][simulation=0.000][MATCH][START][GameWorld][seed=0xE4511E]
[wall=1789952638][simulation=0.010][COMBAT][PROJECTILE_SPAWN][Blue][kind=Basic]
[wall=1789952638][simulation=0.120][MATCH][BASE_DESTROYED][Red][]
[wall=1789952638][simulation=0.130][MATCH][END][GameWorld][Victory]
[wall=1789952638][simulation=0.000][MATCH][MINION_WAVE][GameWorld][count_per_team=3]
[wall=1789952638][simulation=0.000][MATCH][START][GameWorld][seed=0xE4511E]
[wall=1789952638][simulation=0.000][MATCH][MINION_WAVE][GameWorld][count_per_team=3]
[wall=1789952638][simulation=0.000][MATCH][START][GameWorld][seed=0xE4511E]
[wall=1789952638][simulation=0.010][COMBAT][PROJECTILE_SPAWN][Blue][kind=Basic]
[wall=1789952638][simulation=0.120][MATCH][BASE_DESTROYED][Red][]
[wall=1789952638][simulation=0.130][MATCH][END][GameWorld][Victory]
[wall=1789952638][simulation=0.000][MATCH][MINION_WAVE][GameWorld][count_per_team=3]
[wall=1789952638][simulation=0.000][MATCH][START][GameWorld][seed=0xE4511E]
[wall=1789952638][simulation=0.000][MATCH][MINION_WAVE][GameWorld][count_per_team=3]
[wall=1789952638][simulation=0.000][MATCH][START][GameWorld][seed=0xE4511E]
[wall=1789952638][simulation=0.010][COMBAT][PROJECTILE_SPAWN][Blue][kind=Basic]
[wall=1789952638][simulation=0.120][MATCH][BASE_DESTROYED][Red][]
[wall=1789952638][simulation=0.130][MATCH][END][GameWorld][Victory]
[wall=1789952638][simulation=0.000][MATCH][MINION_WAVE][GameWorld][count_per_team=3]
[wall=1789952638][simulation=0.000][MATCH][START][GameWorld][seed=0xE4511E]
[wall=1789952638][simulation=0.000][MATCH][MINION_WAVE][GameWorld][count_per_team=3]
[wall=1789952638][simulation=0.000][MATCH][START][GameWorld][seed=0xE4511E]
[wall=1789952638][simulation=0.010][COMBAT][PROJECTILE_SPAWN][Blue][kind=Basic]
[wall=1789952638][simulation=0.120][MATCH][BASE_DESTROYED][Red][]
[wall=1789952638][simulation=0.130][MATCH][END][GameWorld][Victory]
[wall=1789952638][simulation=0.000][MATCH][MINION_WAVE][GameWorld][count_per_team=3]
[wall=1789952638][simulation=0.000][MATCH][START][GameWorld][seed=0xE4511E]
[wall=1789952638][simulation=0.000][MATCH][MINION_WAVE][GameWorld][count_per_team=3]
[wall=1789952638][simulation=0.000][MATCH][START][GameWorld][seed=0xE4511E]
[wall=1789952638][simulation=0.010][COMBAT][PROJECTILE_SPAWN][Blue][kind=Basic]
[wall=1789952638][simulation=0.120][MATCH][BASE_DESTROYED][Red][]
[wall=1789952638][simulation=0.130][MATCH][END][GameWorld][Victory]
[wall=1789952638][simulation=0.000][MATCH][MINION_WAVE][GameWorld][count_per_team=3]
[wall=1789952638][simulation=0.000][MATCH][START][GameWorld][seed=0xE4511E]
[wall=1789952638][simulation=0.000][MATCH][MINION_WAVE][GameWorld][count_per_team=3]
[wall=1789952638][simulation=0.000][MATCH][START][GameWorld][seed=0xE4511E]
[wall=1789952638][simulation=0.010][COMBAT][PROJECTILE_SPAWN][Blue][kind=Basic]
[wall=1789952638][simulation=0.120][MATCH][BASE_DESTROYED][Red][]
[wall=1789952638][simulation=0.130][MATCH][END][GameWorld][Victory]
[wall=1789952638][simulation=0.000][MATCH][MINION_WAVE][GameWorld][count_per_team=3]
[wall=1789952638][simulation=0.000][MATCH][START][GameWorld][seed=0xE4511E]
[wall=1789952638][simulation=0.000][MATCH][MINION_WAVE][GameWorld][count_per_team=3]
[wall=1789952638][simulation=0.000][MATCH][START][GameWorld][seed=0xE4511E]
[wall=1789952638][simulation=0.010][COMBAT][PROJECTILE_SPAWN][Blue][kind=Basic]
[wall=1789952638][simulation=0.120][MATCH][BASE_DESTROYED][Red][]
[wall=1789952638][simulation=0.130][MATCH][END][GameWorld][Victory]
[wall=1789952638][simulation=0.000][MATCH][MINION_WAVE][GameWorld][count_per_team=3]
[wall=1789952638][simulation=0.000][MATCH][START][GameWorld][seed=0xE4511E]
[wall=1789952638][simulation=0.000][MATCH][MINION_WAVE][GameWorld][count_per_team=3]
[wall=1789952638][simulation=0.000][MATCH][START][GameWorld][seed=0xE4511E]
[wall=1789952638][simulation=0.010][COMBAT][PROJECTILE_SPAWN][Blue][kind=Basic]
[wall=1789952638][simulation=0.120][MATCH][BASE_DESTROYED][Red][]
[wall=1789952638][simulation=0.130][MATCH][END][GameWorld][Victory]
[wall=1789952638][simulation=0.000][MATCH][MINION_WAVE][GameWorld][count_per_team=3]
[wall=1789952638][simulation=0.000][MATCH][START][GameWorld][seed=0xE4511E]
[wall=1789952638][simulation=0.000][MATCH][MINION_WAVE][GameWorld][count_per_team=3]
[wall=1789952638][simulation=0.000][MATCH][START][GameWorld][seed=0xE4511E]
[wall=1789952638][simulation=0.010][COMBAT][PROJECTILE_SPAWN][Blue][kind=Basic]
[wall=1789952638][simulation=0.120][MATCH][BASE_DESTROYED][Red][]
[wall=1789952638][simulation=0.130][MATCH][END][GameWorld][Victory]
[wall=1789952638][simulation=0.000][MATCH][MINION_WAVE][GameWorld][count_per_team=3]
[wall=1789952638][simulation=0.000][MATCH][START][GameWorld][seed=0xE4511E]
[wall=1789952638][simulation=0.000][MATCH][MINION_WAVE][GameWorld][count_per_team=3]
[wall=1789952638][simulation=0.000][MATCH][START][GameWorld][seed=0xE4511E]
[wall=1789952638][simulation=0.010][COMBAT][PROJECTILE_SPAWN][Blue][kind=Basic]
[wall=1789952638][simulation=0.120][MATCH][BASE_DESTROYED][Red][]
[wall=1789952638][simulation=0.130][MATCH][END][GameWorld][Victory]
[wall=1789952638][simulation=0.000][MATCH][MINION_WAVE][GameWorld][count_per_team=3]
[wall=1789952638][simulation=0.000][MATCH][START][GameWorld][seed=0xE4511E]
[wall=1789952638][simulation=0.000][MATCH][MINION_WAVE][GameWorld][count_per_team=3]
[wall=1789952638][simulation=0.000][MATCH][START][GameWorld][seed=0xE4511E]
[wall=1789952638][simulation=0.120][COMBAT][PROJECTILE_SPAWN][Blue][kind=Basic]
[wall=1789952638][simulation=0.120][COMBAT][PROJECTILE_SPAWN][Blue][kind=Ultimate]
[wall=1789952638][simulation=0.120][COMBAT][PROJECTILE_SPAWN][Red][kind=Basic]
[wall=1789952638][simulation=0.120][COMBAT][PROJECTILE_SPAWN][Red][kind=Ultimate]
[wall=1789952638][simulation=0.180][COMBAT][HERO_DEATH][BotHero][attacker=Blue]
[wall=1789952638][simulation=5.180][COMBAT][HERO_RESPAWN][BotHero][]
[wall=1789952638][simulation=5.190][MATCH][TOWER_DESTROYED][Red][]
[wall=1789952638][simulation=5.200][COMBAT][PROJECTILE_SPAWN][Blue][kind=Basic]
[wall=1789952638][simulation=5.310][MATCH][BASE_DESTROYED][Red][]
[wall=1789952638][simulation=5.320][MATCH][END][GameWorld][Victory]
[wall=1789952638][simulation=0.000][MATCH][MINION_WAVE][GameWorld][count_per_team=3]
[wall=1789952638][simulation=0.000][MATCH][START][GameWorld][seed=0xE4511E]
[wall=1789952648][simulation=0.000][MATCH][MINION_WAVE][GameWorld][count_per_team=3]
[wall=1789952648][simulation=0.000][MATCH][START][GameWorld][seed=0xE4511E]
[wall=1789952648][simulation=0.000][MATCH][MINION_WAVE][GameWorld][count_per_team=3]
[wall=1789952648][simulation=0.000][MATCH][START][GameWorld][seed=0xE4511E]
[wall=1789952648][simulation=0.010][COMBAT][PROJECTILE_SPAWN][Blue][kind=Basic]
[wall=1789952648][simulation=0.010][COMBAT][PROJECTILE_SPAWN][Blue][kind=Ultimate]
[wall=1789952648][simulation=0.000][MATCH][MINION_WAVE][GameWorld][count_per_team=3]
[wall=1789952648][simulation=0.000][MATCH][START][GameWorld][seed=0xE4511E]
[wall=1789952648][simulation=0.100][COMBAT][PROJECTILE_SPAWN][Red][kind=Basic]
[wall=1789952648][simulation=0.100][COMBAT][PROJECTILE_SPAWN][Red][kind=Ultimate]
[wall=1789952648][simulation=0.000][MATCH][MINION_WAVE][GameWorld][count_per_team=3]
[wall=1789952648][simulation=0.000][MATCH][START][GameWorld][seed=0xE4511E]
[wall=1789952648][simulation=0.000][MATCH][TOWER_DESTROYED][Red][]
[wall=1789952648][simulation=0.780][COMBAT][PROJECTILE_SPAWN][Red][kind=Ultimate]
[wall=1789952648][simulation=1.300][COMBAT][MINION_DEATH][Blue][attacker=Red]
[wall=1789952648][simulation=1.690][COMBAT][PROJECTILE_SPAWN][Red][kind=Basic]
[wall=1789952648][simulation=2.690][COMBAT][PROJECTILE_SPAWN][Red][kind=Basic]
[wall=1789952648][simulation=3.690][COMBAT][PROJECTILE_SPAWN][Red][kind=Basic]
[wall=1789952648][simulation=4.690][COMBAT][PROJECTILE_SPAWN][Red][kind=Basic]
[wall=1789952648][simulation=5.690][COMBAT][PROJECTILE_SPAWN][Red][kind=Basic]
[wall=1789952648][simulation=6.690][COMBAT][PROJECTILE_SPAWN][Red][kind=Basic]
[wall=1789952648][simulation=7.690][COMBAT][PROJECTILE_SPAWN][Red][kind=Basic]
[wall=1789952648][simulation=8.690][COMBAT][PROJECTILE_SPAWN][Red][kind=Basic]
[wall=1789952648][simulation=9.690][COMBAT][PROJECTILE_SPAWN][Red][kind=Basic]
[wall=1789952648][simulation=10.690][COMBAT][PROJECTILE_SPAWN][Red][kind=Basic]
[wall=1789952648][simulation=10.780][COMBAT][PROJECTILE_SPAWN][Red][kind=Ultimate]
[wall=1789952648][simulation=11.690][COMBAT][PROJECTILE_SPAWN][Red][kind=Basic]
[wall=1789952648][simulation=12.000][MATCH][MINION_WAVE][GameWorld][count_per_team=3]
[wall=1789952648][simulation=0.000][MATCH][MINION_WAVE][GameWorld][count_per_team=3]
[wall=1789952648][simulation=0.000][MATCH][START][GameWorld][seed=0xE4511E]
[wall=1789952648][simulation=0.000][MATCH][MINION_WAVE][GameWorld][count_per_team=3]
[wall=1789952648][simulation=0.000][MATCH][START][GameWorld][seed=0xE4511E]
[wall=1789952648][simulation=0.000][COMBAT][MINION_DEATH][Red][attacker=Blue]
[wall=1789952648][simulation=0.000][COMBAT][MINION_DEATH][Red][attacker=Blue]
[wall=1789952648][simulation=0.000][COMBAT][MINION_DEATH][Red][attacker=Blue]
[wall=1789952648][simulation=0.000][COMBAT][MINION_DEATH][Red][attacker=Blue]
[wall=1789952648][simulation=0.000][COMBAT][MINION_DEATH][Red][attacker=Blue]
[wall=1789952648][simulation=0.000][COMBAT][MINION_DEATH][Red][attacker=Blue]
[wall=1789952648][simulation=0.000][COMBAT][MINION_DEATH][Red][attacker=Blue]
[wall=1789952648][simulation=0.000][COMBAT][MINION_DEATH][Red][attacker=Blue]
[wall=1789952648][simulation=0.000][COMBAT][MINION_DEATH][Red][attacker=Blue]
[wall=1789952648][simulation=0.000][COMBAT][MINION_DEATH][Red][attacker=Blue]
[wall=1789952648][simulation=0.000][COMBAT][MINION_DEATH][Red][attacker=Blue]
[wall=1789952648][simulation=0.000][COMBAT][MINION_DEATH][Red][attacker=Blue]
[wall=1789952648][simulation=0.000][COMBAT][MINION_DEATH][Red][attacker=Blue]
[wall=1789952648][simulation=0.000][COMBAT][MINION_DEATH][Red][attacker=Blue]
[wall=1789952648][simulation=0.000][COMBAT][MINION_DEATH][Red][attacker=Blue]
[wall=1789952648][simulation=0.000][COMBAT][MINION_DEATH][Red][attacker=Blue]
[wall=1789952648][simulation=0.000][COMBAT][MINION_DEATH][Red][attacker=Blue]
[wall=1789952648][simulation=0.000][COMBAT][MINION_DEATH][Red][attacker=Blue]
[wall=1789952648][simulation=0.000][COMBAT][MINION_DEATH][Red][attacker=Blue]
[wall=1789952648][simulation=0.000][COMBAT][MINION_DEATH][Red][attacker=Blue]
[wall=1789952648][simulation=0.000][COMBAT][MINION_DEATH][Red][attacker=Blue]
[wall=1789952648][simulation=0.000][COMBAT][MINION_DEATH][Red][attacker=Blue]
[wall=1789952648][simulation=0.000][COMBAT][MINION_DEATH][Red][attacker=Blue]
[wall=1789952648][simulation=0.000][COMBAT][MINION_DEATH][Red][attacker=Blue]
[wall=1789952648][simulation=0.000][COMBAT][MINION_DEATH][Red][attacker=Blue]
[wall=1789952648][simulation=0.000][COMBAT][MINION_DEATH][Red][attacker=Blue]
[wall=1789952648][simulation=0.000][COMBAT][MINION_DEATH][Red][attacker=Blue]
[wall=1789952648][simulation=0.000][COMBAT][MINION_DEATH][Red][attacker=Blue]
[wall=1789952648][simulation=0.000][COMBAT][MINION_DEATH][Red][attacker=Blue]
[wall=1789952648][simulation=0.000][COMBAT][MINION_DEATH][Red][attacker=Blue]
[wall=1789952648][simulation=0.000][COMBAT][MINION_DEATH][Red][attacker=Blue]
[wall=1789952648][simulation=0.000][COMBAT][MINION_DEATH][Red][attacker=Blue]
[wall=1789952648][simulation=0.000][COMBAT][MINION_DEATH][Red][attacker=Blue]
[wall=1789952648][simulation=0.000][COMBAT][MINION_DEATH][Red][attacker=Blue]
[wall=1789952648][simulation=0.000][COMBAT][MINION_DEATH][Red][attacker=Blue]
[wall=1789952648][simulation=0.000][COMBAT][MINION_DEATH][Red][attacker=Blue]
[wall=1789952648][simulation=0.000][COMBAT][MINION_DEATH][Red][attacker=Blue]
[wall=1789952648][simulation=0.000][COMBAT][MINION_DEATH][Red][attacker=Blue]
[wall=1789952648][simulation=0.000][COMBAT][MINION_DEATH][Red][attacker=Blue]
[wall=1789952648][simulation=0.000][COMBAT][MINION_DEATH][Red][attacker=Blue]
[wall=1789952648][simulation=0.000][COMBAT][MINION_DEATH][Red][attacker=Blue]
[wall=1789952648][simulation=0.000][COMBAT][MINION_DEATH][Red][attacker=Blue]
[wall=1789952648][simulation=0.000][COMBAT][MINION_DEATH][Red][attacker=Blue]
[wall=1789952648][simulation=0.000][COMBAT][MINION_DEATH][Red][attacker=Blue]
[wall=1789952648][simulation=0.000][COMBAT][MINION_DEATH][Red][attacker=Blue]
[wall=1789952648][simulation=0.000][COMBAT][MINION_DEATH][Red][attacker=Blue]
[wall=1789952648][simulation=0.000][COMBAT][MINION_DEATH][Red][attacker=Blue]
[wall=1789952648][simulation=0.000][COMBAT][MINION_DEATH][Red][attacker=Blue]
[wall=1789952648][simulation=0.000][COMBAT][MINION_DEATH][Red][attacker=Blue]
[wall=1789952648][simulation=0.000][COMBAT][MINION_DEATH][Red][attacker=Blue]
[wall=1789952648][simulation=0.000][MATCH][MINION_WAVE][GameWorld][count_per_team=3]
[wall=1789952648][simulation=0.000][MATCH][START][GameWorld][seed=0xE4511E]
[wall=1789952648][simulation=0.010][COMBAT][PROJECTILE_SPAWN][Blue][kind=Basic]
[wall=1789952648][simulation=0.010][MATCH][PAUSE][GameWorld][]
[wall=1789952648][simulation=0.010][MATCH][RESUME][GameWorld][]
[wall=1789952648][simulation=0.010][MATCH][BASE_DESTROYED][Red][]
[wall=1789952648][simulation=0.020][MATCH][END][GameWorld][Victory]
[wall=1789952648][simulation=0.000][MATCH][MINION_WAVE][GameWorld][count_per_team=3]
[wall=1789952648][simulation=0.000][MATCH][START][GameWorld][seed=0xE4511E]
[wall=1789952648][simulation=0.010][COMBAT][PROJECTILE_SPAWN][Blue][kind=Basic]
[wall=1789952648][simulation=0.000][MATCH][MINION_WAVE][GameWorld][count_per_team=3]
[wall=1789952648][simulation=0.000][MATCH][START][GameWorld][seed=0xE4511E]
[wall=1789952648][simulation=0.010][COMBAT][PROJECTILE_SPAWN][Blue][kind=Basic]
[wall=1789952648][simulation=0.010][COMBAT][PROJECTILE_SPAWN][Blue][kind=Ultimate]
[wall=1789952648][simulation=0.010][COMBAT][PROJECTILE_SPAWN][Red][kind=Ultimate]
[wall=1789952648][simulation=0.020][COMBAT][PROJECTILE_SPAWN][Blue][kind=Basic]
[wall=1789952648][simulation=0.000][MATCH][MINION_WAVE][GameWorld][count_per_team=3]
[wall=1789952648][simulation=0.000][MATCH][START][GameWorld][seed=0xE4511E]
[wall=1789952648][simulation=0.000][COMBAT][HERO_DEATH][PlayerHero][attacker=Red]
[wall=1789952648][simulation=5.000][COMBAT][HERO_RESPAWN][PlayerHero][]
[wall=1789952648][simulation=5.000][COMBAT][HERO_RESPAWN][BotHero][]
[wall=1789952648][simulation=0.000][MATCH][MINION_WAVE][GameWorld][count_per_team=3]
[wall=1789952648][simulation=0.000][MATCH][START][GameWorld][seed=0xE4511E]
[wall=1789952648][simulation=0.000][MATCH][BASE_DESTROYED][Blue][]
[wall=1789952648][simulation=0.010][MATCH][BASE_DESTROYED][Red][]
[wall=1789952648][simulation=0.010][MATCH][END][GameWorld][Draw]
[wall=1789952648][simulation=0.000][MATCH][MINION_WAVE][GameWorld][count_per_team=3]
[wall=1789952648][simulation=0.000][MATCH][START][GameWorld][seed=0xE4511E]
[wall=1789952648][simulation=0.000][MATCH][BASE_DESTROYED][Blue][]
[wall=1789952648][simulation=0.011][MATCH][BASE_DESTROYED][Red][]
[wall=1789952648][simulation=0.011][MATCH][END][GameWorld][Defeat]
[wall=1789952648][simulation=0.000][MATCH][MINION_WAVE][GameWorld][count_per_team=3]
[wall=1789952648][simulation=0.000][MATCH][START][GameWorld][seed=0xE4511E]
[wall=1789952648][simulation=0.000][MATCH][MINION_WAVE][GameWorld][count_per_team=3]
[wall=1789952648][simulation=0.000][MATCH][START][GameWorld][seed=0xE4511E]
[wall=1789952648][simulation=0.010][COMBAT][PROJECTILE_SPAWN][Blue][kind=Basic]
[wall=1789952648][simulation=0.120][MATCH][BASE_DESTROYED][Red][]
[wall=1789952648][simulation=0.130][MATCH][END][GameWorld][Victory]
[wall=1789952648][simulation=0.000][MATCH][MINION_WAVE][GameWorld][count_per_team=3]
[wall=1789952648][simulation=0.000][MATCH][START][GameWorld][seed=0xE4511E]
[wall=1789952648][simulation=0.000][MATCH][MINION_WAVE][GameWorld][count_per_team=3]
[wall=1789952648][simulation=0.000][MATCH][START][GameWorld][seed=0xE4511E]
[wall=1789952648][simulation=0.010][COMBAT][PROJECTILE_SPAWN][Blue][kind=Basic]
[wall=1789952648][simulation=0.120][MATCH][BASE_DESTROYED][Red][]
[wall=1789952648][simulation=0.130][MATCH][END][GameWorld][Victory]
[wall=1789952648][simulation=0.000][MATCH][MINION_WAVE][GameWorld][count_per_team=3]
[wall=1789952648][simulation=0.000][MATCH][START][GameWorld][seed=0xE4511E]
[wall=1789952648][simulation=0.000][MATCH][MINION_WAVE][GameWorld][count_per_team=3]
[wall=1789952648][simulation=0.000][MATCH][START][GameWorld][seed=0xE4511E]
[wall=1789952648][simulation=0.010][COMBAT][PROJECTILE_SPAWN][Blue][kind=Basic]
[wall=1789952648][simulation=0.120][MATCH][BASE_DESTROYED][Red][]
[wall=1789952648][simulation=0.130][MATCH][END][GameWorld][Victory]
[wall=1789952648][simulation=0.000][MATCH][MINION_WAVE][GameWorld][count_per_team=3]
[wall=1789952648][simulation=0.000][MATCH][START][GameWorld][seed=0xE4511E]
[wall=1789952648][simulation=0.000][MATCH][MINION_WAVE][GameWorld][count_per_team=3]
[wall=1789952648][simulation=0.000][MATCH][START][GameWorld][seed=0xE4511E]
[wall=1789952648][simulation=0.010][COMBAT][PROJECTILE_SPAWN][Blue][kind=Basic]
[wall=1789952648][simulation=0.120][MATCH][BASE_DESTROYED][Red][]
[wall=1789952648][simulation=0.130][MATCH][END][GameWorld][Victory]
[wall=1789952648][simulation=0.000][MATCH][MINION_WAVE][GameWorld][count_per_team=3]
[wall=1789952648][simulation=0.000][MATCH][START][GameWorld][seed=0xE4511E]
[wall=1789952648][simulation=0.000][MATCH][MINION_WAVE][GameWorld][count_per_team=3]
[wall=1789952648][simulation=0.000][MATCH][START][GameWorld][seed=0xE4511E]
[wall=1789952648][simulation=0.010][COMBAT][PROJECTILE_SPAWN][Blue][kind=Basic]
[wall=1789952648][simulation=0.120][MATCH][BASE_DESTROYED][Red][]
[wall=1789952648][simulation=0.130][MATCH][END][GameWorld][Victory]
[wall=1789952648][simulation=0.000][MATCH][MINION_WAVE][GameWorld][count_per_team=3]
[wall=1789952648][simulation=0.000][MATCH][START][GameWorld][seed=0xE4511E]
[wall=1789952648][simulation=0.000][MATCH][MINION_WAVE][GameWorld][count_per_team=3]
[wall=1789952648][simulation=0.000][MATCH][START][GameWorld][seed=0xE4511E]
[wall=1789952648][simulation=0.010][COMBAT][PROJECTILE_SPAWN][Blue][kind=Basic]
[wall=1789952648][simulation=0.120][MATCH][BASE_DESTROYED][Red][]
[wall=1789952648][simulation=0.130][MATCH][END][GameWorld][Victory]
[wall=1789952648][simulation=0.000][MATCH][MINION_WAVE][GameWorld][count_per_team=3]
[wall=1789952648][simulation=0.000][MATCH][START][GameWorld][seed=0xE4511E]
[wall=1789952648][simulation=0.000][MATCH][MINION_WAVE][GameWorld][count_per_team=3]
[wall=1789952648][simulation=0.000][MATCH][START][GameWorld][seed=0xE4511E]
[wall=1789952648][simulation=0.010][COMBAT][PROJECTILE_SPAWN][Blue][kind=Basic]
[wall=1789952648][simulation=0.120][MATCH][BASE_DESTROYED][Red][]
[wall=1789952648][simulation=0.130][MATCH][END][GameWorld][Victory]
[wall=1789952648][simulation=0.000][MATCH][MINION_WAVE][GameWorld][count_per_team=3]
[wall=1789952648][simulation=0.000][MATCH][START][GameWorld][seed=0xE4511E]
[wall=1789952648][simulation=0.000][MATCH][MINION_WAVE][GameWorld][count_per_team=3]
[wall=1789952648][simulation=0.000][MATCH][START][GameWorld][seed=0xE4511E]
[wall=1789952648][simulation=0.010][COMBAT][PROJECTILE_SPAWN][Blue][kind=Basic]
[wall=1789952648][simulation=0.120][MATCH][BASE_DESTROYED][Red][]
[wall=1789952648][simulation=0.130][MATCH][END][GameWorld][Victory]
[wall=1789952648][simulation=0.000][MATCH][MINION_WAVE][GameWorld][count_per_team=3]
[wall=1789952648][simulation=0.000][MATCH][START][GameWorld][seed=0xE4511E]
[wall=1789952648][simulation=0.000][MATCH][MINION_WAVE][GameWorld][count_per_team=3]
[wall=1789952648][simulation=0.000][MATCH][START][GameWorld][seed=0xE4511E]
[wall=1789952648][simulation=0.010][COMBAT][PROJECTILE_SPAWN][Blue][kind=Basic]
[wall=1789952648][simulation=0.120][MATCH][BASE_DESTROYED][Red][]
[wall=1789952648][simulation=0.130][MATCH][END][GameWorld][Victory]
[wall=1789952648][simulation=0.000][MATCH][MINION_WAVE][GameWorld][count_per_team=3]
[wall=1789952648][simulation=0.000][MATCH][START][GameWorld][seed=0xE4511E]
[wall=1789952648][simulation=0.000][MATCH][MINION_WAVE][GameWorld][count_per_team=3]
[wall=1789952648][simulation=0.000][MATCH][START][GameWorld][seed=0xE4511E]
[wall=1789952648][simulation=0.010][COMBAT][PROJECTILE_SPAWN][Blue][kind=Basic]
[wall=1789952648][simulation=0.120][MATCH][BASE_DESTROYED][Red][]
[wall=1789952648][simulation=0.130][MATCH][END][GameWorld][Victory]
[wall=1789952648][simulation=0.000][MATCH][MINION_WAVE][GameWorld][count_per_team=3]
[wall=1789952648][simulation=0.000][MATCH][START][GameWorld][seed=0xE4511E]
[wall=1789952648][simulation=0.000][MATCH][MINION_WAVE][GameWorld][count_per_team=3]
[wall=1789952648][simulation=0.000][MATCH][START][GameWorld][seed=0xE4511E]
[wall=1789952648][simulation=0.120][COMBAT][PROJECTILE_SPAWN][Blue][kind=Basic]
[wall=1789952648][simulation=0.120][COMBAT][PROJECTILE_SPAWN][Blue][kind=Ultimate]
[wall=1789952648][simulation=0.120][COMBAT][PROJECTILE_SPAWN][Red][kind=Basic]
[wall=1789952648][simulation=0.120][COMBAT][PROJECTILE_SPAWN][Red][kind=Ultimate]
[wall=1789952648][simulation=0.180][COMBAT][HERO_DEATH][BotHero][attacker=Blue]
[wall=1789952648][simulation=5.180][COMBAT][HERO_RESPAWN][BotHero][]
[wall=1789952648][simulation=5.190][MATCH][TOWER_DESTROYED][Red][]
[wall=1789952648][simulation=5.200][COMBAT][PROJECTILE_SPAWN][Blue][kind=Basic]
[wall=1789952648][simulation=5.310][MATCH][BASE_DESTROYED][Red][]
[wall=1789952648][simulation=5.320][MATCH][END][GameWorld][Victory]
[wall=1789952648][simulation=0.000][MATCH][MINION_WAVE][GameWorld][count_per_team=3]
[wall=1789952648][simulation=0.000][MATCH][START][GameWorld][seed=0xE4511E]
[wall=1789952655][simulation=0.000][APP][WINDOW_CREATED][Application][]
[wall=1789952655][simulation=0.000][APP][DX11_READY][Renderer][]
[wall=1789952655][simulation=0.000][APP][HUD_READY][HUDRenderer][smoke=1]
[wall=1789952655][simulation=0.000][MATCH][MINION_WAVE][GameWorld][count_per_team=3]
[wall=1789952655][simulation=0.000][MATCH][START][GameWorld][seed=0xE4511E]
[wall=1789952655][simulation=0.780][COMBAT][PROJECTILE_SPAWN][Red][kind=Ultimate]
[wall=1789952655][simulation=1.300][COMBAT][MINION_DEATH][Blue][attacker=Red]
[wall=1789952655][simulation=1.690][COMBAT][PROJECTILE_SPAWN][Red][kind=Basic]
[wall=1789952655][simulation=2.690][COMBAT][PROJECTILE_SPAWN][Red][kind=Basic]
[wall=1789952655][simulation=3.690][COMBAT][PROJECTILE_SPAWN][Red][kind=Basic]
[wall=1789952655][simulation=3.810][COMBAT][PROJECTILE_SPAWN][Blue][kind=Basic]
[wall=1789952655][simulation=3.810][COMBAT][PROJECTILE_SPAWN][Blue][kind=Ultimate]
[wall=1789952655][simulation=0.000][APP][FRAMES_RENDERED][Renderer][count=5]
[wall=1789952655][simulation=0.000][APP][EXIT][Application][]
[wall=1789952655][simulation=0.000][APP][WINDOW_CREATED][Application][]
[wall=1789952655][simulation=0.000][APP][DX11_READY][Renderer][]
[wall=1789952655][simulation=0.000][APP][HUD_READY][HUDRenderer][smoke=1]
[wall=1789952655][simulation=0.000][MATCH][MINION_WAVE][GameWorld][count_per_team=3]
[wall=1789952655][simulation=0.000][MATCH][START][GameWorld][seed=0xE4511E]
[wall=1789952655][simulation=0.780][COMBAT][PROJECTILE_SPAWN][Red][kind=Ultimate]
[wall=1789952655][simulation=1.300][COMBAT][MINION_DEATH][Blue][attacker=Red]
[wall=1789952655][simulation=1.690][COMBAT][PROJECTILE_SPAWN][Red][kind=Basic]
[wall=1789952655][simulation=2.690][COMBAT][PROJECTILE_SPAWN][Red][kind=Basic]
[wall=1789952655][simulation=3.690][COMBAT][PROJECTILE_SPAWN][Red][kind=Basic]
[wall=1789952655][simulation=3.810][COMBAT][PROJECTILE_SPAWN][Blue][kind=Basic]
[wall=1789952655][simulation=3.810][COMBAT][PROJECTILE_SPAWN][Blue][kind=Ultimate]
[wall=1789952655][simulation=0.000][APP][FRAMES_RENDERED][Renderer][count=5]
[wall=1789952655][simulation=0.000][APP][EXIT][Application][]
[wall=1789952694][simulation=0.000][MATCH][MINION_WAVE][GameWorld][count_per_team=3]
[wall=1789952694][simulation=0.000][MATCH][START][GameWorld][seed=0xE4511E]
[wall=1789952694][simulation=0.000][MATCH][MINION_WAVE][GameWorld][count_per_team=3]
[wall=1789952694][simulation=0.000][MATCH][START][GameWorld][seed=0xE4511E]
[wall=1789952694][simulation=0.010][COMBAT][PROJECTILE_SPAWN][Blue][kind=Basic]
[wall=1789952694][simulation=0.010][COMBAT][PROJECTILE_SPAWN][Blue][kind=Ultimate]
[wall=1789952694][simulation=0.000][MATCH][MINION_WAVE][GameWorld][count_per_team=3]
[wall=1789952694][simulation=0.000][MATCH][START][GameWorld][seed=0xE4511E]
[wall=1789952694][simulation=0.100][COMBAT][PROJECTILE_SPAWN][Red][kind=Basic]
[wall=1789952694][simulation=0.100][COMBAT][PROJECTILE_SPAWN][Red][kind=Ultimate]
[wall=1789952694][simulation=0.000][MATCH][MINION_WAVE][GameWorld][count_per_team=3]
[wall=1789952694][simulation=0.000][MATCH][START][GameWorld][seed=0xE4511E]
[wall=1789952694][simulation=0.000][MATCH][TOWER_DESTROYED][Red][]
[wall=1789952694][simulation=0.780][COMBAT][PROJECTILE_SPAWN][Red][kind=Ultimate]
[wall=1789952694][simulation=1.300][COMBAT][MINION_DEATH][Blue][attacker=Red]
[wall=1789952694][simulation=1.690][COMBAT][PROJECTILE_SPAWN][Red][kind=Basic]
[wall=1789952694][simulation=2.690][COMBAT][PROJECTILE_SPAWN][Red][kind=Basic]
[wall=1789952694][simulation=3.690][COMBAT][PROJECTILE_SPAWN][Red][kind=Basic]
[wall=1789952694][simulation=4.690][COMBAT][PROJECTILE_SPAWN][Red][kind=Basic]
[wall=1789952694][simulation=5.690][COMBAT][PROJECTILE_SPAWN][Red][kind=Basic]
[wall=1789952694][simulation=6.690][COMBAT][PROJECTILE_SPAWN][Red][kind=Basic]
[wall=1789952694][simulation=7.690][COMBAT][PROJECTILE_SPAWN][Red][kind=Basic]
[wall=1789952694][simulation=8.690][COMBAT][PROJECTILE_SPAWN][Red][kind=Basic]
[wall=1789952694][simulation=9.690][COMBAT][PROJECTILE_SPAWN][Red][kind=Basic]
[wall=1789952694][simulation=10.690][COMBAT][PROJECTILE_SPAWN][Red][kind=Basic]
[wall=1789952694][simulation=10.780][COMBAT][PROJECTILE_SPAWN][Red][kind=Ultimate]
[wall=1789952694][simulation=11.690][COMBAT][PROJECTILE_SPAWN][Red][kind=Basic]
[wall=1789952694][simulation=12.000][MATCH][MINION_WAVE][GameWorld][count_per_team=3]
[wall=1789952694][simulation=0.000][MATCH][MINION_WAVE][GameWorld][count_per_team=3]
[wall=1789952694][simulation=0.000][MATCH][START][GameWorld][seed=0xE4511E]
[wall=1789952694][simulation=0.000][MATCH][MINION_WAVE][GameWorld][count_per_team=3]
[wall=1789952694][simulation=0.000][MATCH][START][GameWorld][seed=0xE4511E]
[wall=1789952694][simulation=0.000][COMBAT][MINION_DEATH][Red][attacker=Blue]
[wall=1789952694][simulation=0.000][COMBAT][MINION_DEATH][Red][attacker=Blue]
[wall=1789952694][simulation=0.000][COMBAT][MINION_DEATH][Red][attacker=Blue]
[wall=1789952694][simulation=0.000][COMBAT][MINION_DEATH][Red][attacker=Blue]
[wall=1789952694][simulation=0.000][COMBAT][MINION_DEATH][Red][attacker=Blue]
[wall=1789952694][simulation=0.000][COMBAT][MINION_DEATH][Red][attacker=Blue]
[wall=1789952694][simulation=0.000][COMBAT][MINION_DEATH][Red][attacker=Blue]
[wall=1789952694][simulation=0.000][COMBAT][MINION_DEATH][Red][attacker=Blue]
[wall=1789952694][simulation=0.000][COMBAT][MINION_DEATH][Red][attacker=Blue]
[wall=1789952694][simulation=0.000][COMBAT][MINION_DEATH][Red][attacker=Blue]
[wall=1789952694][simulation=0.000][COMBAT][MINION_DEATH][Red][attacker=Blue]
[wall=1789952694][simulation=0.000][COMBAT][MINION_DEATH][Red][attacker=Blue]
[wall=1789952694][simulation=0.000][COMBAT][MINION_DEATH][Red][attacker=Blue]
[wall=1789952694][simulation=0.000][COMBAT][MINION_DEATH][Red][attacker=Blue]
[wall=1789952694][simulation=0.000][COMBAT][MINION_DEATH][Red][attacker=Blue]
[wall=1789952694][simulation=0.000][COMBAT][MINION_DEATH][Red][attacker=Blue]
[wall=1789952694][simulation=0.000][COMBAT][MINION_DEATH][Red][attacker=Blue]
[wall=1789952694][simulation=0.000][COMBAT][MINION_DEATH][Red][attacker=Blue]
[wall=1789952694][simulation=0.000][COMBAT][MINION_DEATH][Red][attacker=Blue]
[wall=1789952694][simulation=0.000][COMBAT][MINION_DEATH][Red][attacker=Blue]
[wall=1789952694][simulation=0.000][COMBAT][MINION_DEATH][Red][attacker=Blue]
[wall=1789952694][simulation=0.000][COMBAT][MINION_DEATH][Red][attacker=Blue]
[wall=1789952694][simulation=0.000][COMBAT][MINION_DEATH][Red][attacker=Blue]
[wall=1789952694][simulation=0.000][COMBAT][MINION_DEATH][Red][attacker=Blue]
[wall=1789952694][simulation=0.000][COMBAT][MINION_DEATH][Red][attacker=Blue]
[wall=1789952694][simulation=0.000][COMBAT][MINION_DEATH][Red][attacker=Blue]
[wall=1789952694][simulation=0.000][COMBAT][MINION_DEATH][Red][attacker=Blue]
[wall=1789952694][simulation=0.000][COMBAT][MINION_DEATH][Red][attacker=Blue]
[wall=1789952694][simulation=0.000][COMBAT][MINION_DEATH][Red][attacker=Blue]
[wall=1789952694][simulation=0.000][COMBAT][MINION_DEATH][Red][attacker=Blue]
[wall=1789952694][simulation=0.000][COMBAT][MINION_DEATH][Red][attacker=Blue]
[wall=1789952694][simulation=0.000][COMBAT][MINION_DEATH][Red][attacker=Blue]
[wall=1789952694][simulation=0.000][COMBAT][MINION_DEATH][Red][attacker=Blue]
[wall=1789952694][simulation=0.000][COMBAT][MINION_DEATH][Red][attacker=Blue]
[wall=1789952694][simulation=0.000][COMBAT][MINION_DEATH][Red][attacker=Blue]
[wall=1789952694][simulation=0.000][COMBAT][MINION_DEATH][Red][attacker=Blue]
[wall=1789952694][simulation=0.000][COMBAT][MINION_DEATH][Red][attacker=Blue]
[wall=1789952694][simulation=0.000][COMBAT][MINION_DEATH][Red][attacker=Blue]
[wall=1789952694][simulation=0.000][COMBAT][MINION_DEATH][Red][attacker=Blue]
[wall=1789952694][simulation=0.000][COMBAT][MINION_DEATH][Red][attacker=Blue]
[wall=1789952694][simulation=0.000][COMBAT][MINION_DEATH][Red][attacker=Blue]
[wall=1789952694][simulation=0.000][COMBAT][MINION_DEATH][Red][attacker=Blue]
[wall=1789952694][simulation=0.000][COMBAT][MINION_DEATH][Red][attacker=Blue]
[wall=1789952694][simulation=0.000][COMBAT][MINION_DEATH][Red][attacker=Blue]
[wall=1789952694][simulation=0.000][COMBAT][MINION_DEATH][Red][attacker=Blue]
[wall=1789952694][simulation=0.000][COMBAT][MINION_DEATH][Red][attacker=Blue]
[wall=1789952694][simulation=0.000][COMBAT][MINION_DEATH][Red][attacker=Blue]
[wall=1789952694][simulation=0.000][COMBAT][MINION_DEATH][Red][attacker=Blue]
[wall=1789952694][simulation=0.000][COMBAT][MINION_DEATH][Red][attacker=Blue]
[wall=1789952694][simulation=0.000][COMBAT][MINION_DEATH][Red][attacker=Blue]
[wall=1789952694][simulation=0.000][MATCH][MINION_WAVE][GameWorld][count_per_team=3]
[wall=1789952694][simulation=0.000][MATCH][START][GameWorld][seed=0xE4511E]
[wall=1789952694][simulation=0.010][COMBAT][PROJECTILE_SPAWN][Blue][kind=Basic]
[wall=1789952694][simulation=0.010][MATCH][PAUSE][GameWorld][]
[wall=1789952694][simulation=0.010][MATCH][RESUME][GameWorld][]
[wall=1789952694][simulation=0.010][MATCH][BASE_DESTROYED][Red][]
[wall=1789952694][simulation=0.020][MATCH][END][GameWorld][Victory]
[wall=1789952694][simulation=0.000][MATCH][MINION_WAVE][GameWorld][count_per_team=3]
[wall=1789952694][simulation=0.000][MATCH][START][GameWorld][seed=0xE4511E]
[wall=1789952694][simulation=0.010][COMBAT][PROJECTILE_SPAWN][Blue][kind=Basic]
[wall=1789952694][simulation=0.000][MATCH][MINION_WAVE][GameWorld][count_per_team=3]
[wall=1789952694][simulation=0.000][MATCH][START][GameWorld][seed=0xE4511E]
[wall=1789952694][simulation=0.010][COMBAT][PROJECTILE_SPAWN][Blue][kind=Basic]
[wall=1789952694][simulation=0.010][COMBAT][PROJECTILE_SPAWN][Blue][kind=Ultimate]
[wall=1789952694][simulation=0.010][COMBAT][PROJECTILE_SPAWN][Red][kind=Ultimate]
[wall=1789952694][simulation=0.020][COMBAT][PROJECTILE_SPAWN][Blue][kind=Basic]
[wall=1789952694][simulation=0.000][MATCH][MINION_WAVE][GameWorld][count_per_team=3]
[wall=1789952694][simulation=0.000][MATCH][START][GameWorld][seed=0xE4511E]
[wall=1789952694][simulation=0.000][COMBAT][HERO_DEATH][PlayerHero][attacker=Red]
[wall=1789952694][simulation=5.000][COMBAT][HERO_RESPAWN][PlayerHero][]
[wall=1789952694][simulation=5.000][COMBAT][HERO_RESPAWN][BotHero][]
[wall=1789952694][simulation=0.000][MATCH][MINION_WAVE][GameWorld][count_per_team=3]
[wall=1789952694][simulation=0.000][MATCH][START][GameWorld][seed=0xE4511E]
[wall=1789952694][simulation=0.000][MATCH][BASE_DESTROYED][Blue][]
[wall=1789952694][simulation=0.010][MATCH][BASE_DESTROYED][Red][]
[wall=1789952694][simulation=0.010][MATCH][END][GameWorld][Draw]
[wall=1789952694][simulation=0.000][MATCH][MINION_WAVE][GameWorld][count_per_team=3]
[wall=1789952694][simulation=0.000][MATCH][START][GameWorld][seed=0xE4511E]
[wall=1789952694][simulation=0.000][MATCH][BASE_DESTROYED][Blue][]
[wall=1789952694][simulation=0.011][MATCH][BASE_DESTROYED][Red][]
[wall=1789952694][simulation=0.011][MATCH][END][GameWorld][Defeat]
[wall=1789952694][simulation=0.000][MATCH][MINION_WAVE][GameWorld][count_per_team=3]
[wall=1789952694][simulation=0.000][MATCH][START][GameWorld][seed=0xE4511E]
[wall=1789952694][simulation=0.000][MATCH][MINION_WAVE][GameWorld][count_per_team=3]
[wall=1789952694][simulation=0.000][MATCH][START][GameWorld][seed=0xE4511E]
[wall=1789952694][simulation=0.010][COMBAT][PROJECTILE_SPAWN][Blue][kind=Basic]
[wall=1789952694][simulation=0.120][MATCH][BASE_DESTROYED][Red][]
[wall=1789952694][simulation=0.130][MATCH][END][GameWorld][Victory]
[wall=1789952694][simulation=0.000][MATCH][MINION_WAVE][GameWorld][count_per_team=3]
[wall=1789952694][simulation=0.000][MATCH][START][GameWorld][seed=0xE4511E]
[wall=1789952694][simulation=0.000][MATCH][MINION_WAVE][GameWorld][count_per_team=3]
[wall=1789952694][simulation=0.000][MATCH][START][GameWorld][seed=0xE4511E]
[wall=1789952694][simulation=0.010][COMBAT][PROJECTILE_SPAWN][Blue][kind=Basic]
[wall=1789952694][simulation=0.120][MATCH][BASE_DESTROYED][Red][]
[wall=1789952694][simulation=0.130][MATCH][END][GameWorld][Victory]
[wall=1789952694][simulation=0.000][MATCH][MINION_WAVE][GameWorld][count_per_team=3]
[wall=1789952694][simulation=0.000][MATCH][START][GameWorld][seed=0xE4511E]
[wall=1789952694][simulation=0.000][MATCH][MINION_WAVE][GameWorld][count_per_team=3]
[wall=1789952694][simulation=0.000][MATCH][START][GameWorld][seed=0xE4511E]
[wall=1789952694][simulation=0.010][COMBAT][PROJECTILE_SPAWN][Blue][kind=Basic]
[wall=1789952694][simulation=0.120][MATCH][BASE_DESTROYED][Red][]
[wall=1789952694][simulation=0.130][MATCH][END][GameWorld][Victory]
[wall=1789952694][simulation=0.000][MATCH][MINION_WAVE][GameWorld][count_per_team=3]
[wall=1789952694][simulation=0.000][MATCH][START][GameWorld][seed=0xE4511E]
[wall=1789952694][simulation=0.000][MATCH][MINION_WAVE][GameWorld][count_per_team=3]
[wall=1789952694][simulation=0.000][MATCH][START][GameWorld][seed=0xE4511E]
[wall=1789952694][simulation=0.010][COMBAT][PROJECTILE_SPAWN][Blue][kind=Basic]
[wall=1789952694][simulation=0.120][MATCH][BASE_DESTROYED][Red][]
[wall=1789952694][simulation=0.130][MATCH][END][GameWorld][Victory]
[wall=1789952694][simulation=0.000][MATCH][MINION_WAVE][GameWorld][count_per_team=3]
[wall=1789952694][simulation=0.000][MATCH][START][GameWorld][seed=0xE4511E]
[wall=1789952694][simulation=0.000][MATCH][MINION_WAVE][GameWorld][count_per_team=3]
[wall=1789952694][simulation=0.000][MATCH][START][GameWorld][seed=0xE4511E]
[wall=1789952694][simulation=0.010][COMBAT][PROJECTILE_SPAWN][Blue][kind=Basic]
[wall=1789952694][simulation=0.120][MATCH][BASE_DESTROYED][Red][]
[wall=1789952694][simulation=0.130][MATCH][END][GameWorld][Victory]
[wall=1789952694][simulation=0.000][MATCH][MINION_WAVE][GameWorld][count_per_team=3]
[wall=1789952694][simulation=0.000][MATCH][START][GameWorld][seed=0xE4511E]
[wall=1789952694][simulation=0.000][MATCH][MINION_WAVE][GameWorld][count_per_team=3]
[wall=1789952694][simulation=0.000][MATCH][START][GameWorld][seed=0xE4511E]
[wall=1789952694][simulation=0.010][COMBAT][PROJECTILE_SPAWN][Blue][kind=Basic]
[wall=1789952694][simulation=0.120][MATCH][BASE_DESTROYED][Red][]
[wall=1789952694][simulation=0.130][MATCH][END][GameWorld][Victory]
[wall=1789952694][simulation=0.000][MATCH][MINION_WAVE][GameWorld][count_per_team=3]
[wall=1789952694][simulation=0.000][MATCH][START][GameWorld][seed=0xE4511E]
[wall=1789952694][simulation=0.000][MATCH][MINION_WAVE][GameWorld][count_per_team=3]
[wall=1789952694][simulation=0.000][MATCH][START][GameWorld][seed=0xE4511E]
[wall=1789952694][simulation=0.010][COMBAT][PROJECTILE_SPAWN][Blue][kind=Basic]
[wall=1789952694][simulation=0.120][MATCH][BASE_DESTROYED][Red][]
[wall=1789952694][simulation=0.130][MATCH][END][GameWorld][Victory]
[wall=1789952694][simulation=0.000][MATCH][MINION_WAVE][GameWorld][count_per_team=3]
[wall=1789952694][simulation=0.000][MATCH][START][GameWorld][seed=0xE4511E]
[wall=1789952694][simulation=0.000][MATCH][MINION_WAVE][GameWorld][count_per_team=3]
[wall=1789952694][simulation=0.000][MATCH][START][GameWorld][seed=0xE4511E]
[wall=1789952694][simulation=0.010][COMBAT][PROJECTILE_SPAWN][Blue][kind=Basic]
[wall=1789952694][simulation=0.120][MATCH][BASE_DESTROYED][Red][]
[wall=1789952694][simulation=0.130][MATCH][END][GameWorld][Victory]
[wall=1789952694][simulation=0.000][MATCH][MINION_WAVE][GameWorld][count_per_team=3]
[wall=1789952694][simulation=0.000][MATCH][START][GameWorld][seed=0xE4511E]
[wall=1789952694][simulation=0.000][MATCH][MINION_WAVE][GameWorld][count_per_team=3]
[wall=1789952694][simulation=0.000][MATCH][START][GameWorld][seed=0xE4511E]
[wall=1789952694][simulation=0.010][COMBAT][PROJECTILE_SPAWN][Blue][kind=Basic]
[wall=1789952694][simulation=0.120][MATCH][BASE_DESTROYED][Red][]
[wall=1789952694][simulation=0.130][MATCH][END][GameWorld][Victory]
[wall=1789952694][simulation=0.000][MATCH][MINION_WAVE][GameWorld][count_per_team=3]
[wall=1789952694][simulation=0.000][MATCH][START][GameWorld][seed=0xE4511E]
[wall=1789952694][simulation=0.000][MATCH][MINION_WAVE][GameWorld][count_per_team=3]
[wall=1789952694][simulation=0.000][MATCH][START][GameWorld][seed=0xE4511E]
[wall=1789952694][simulation=0.010][COMBAT][PROJECTILE_SPAWN][Blue][kind=Basic]
[wall=1789952694][simulation=0.120][MATCH][BASE_DESTROYED][Red][]
[wall=1789952694][simulation=0.130][MATCH][END][GameWorld][Victory]
[wall=1789952694][simulation=0.000][MATCH][MINION_WAVE][GameWorld][count_per_team=3]
[wall=1789952694][simulation=0.000][MATCH][START][GameWorld][seed=0xE4511E]
[wall=1789952694][simulation=0.000][MATCH][MINION_WAVE][GameWorld][count_per_team=3]
[wall=1789952694][simulation=0.000][MATCH][START][GameWorld][seed=0xE4511E]
[wall=1789952694][simulation=0.120][COMBAT][PROJECTILE_SPAWN][Blue][kind=Basic]
[wall=1789952694][simulation=0.120][COMBAT][PROJECTILE_SPAWN][Blue][kind=Ultimate]
[wall=1789952694][simulation=0.120][COMBAT][PROJECTILE_SPAWN][Red][kind=Basic]
[wall=1789952694][simulation=0.120][COMBAT][PROJECTILE_SPAWN][Red][kind=Ultimate]
[wall=1789952694][simulation=0.180][COMBAT][HERO_DEATH][BotHero][attacker=Blue]
[wall=1789952694][simulation=5.180][COMBAT][HERO_RESPAWN][BotHero][]
[wall=1789952694][simulation=5.190][MATCH][TOWER_DESTROYED][Red][]
[wall=1789952694][simulation=5.200][COMBAT][PROJECTILE_SPAWN][Blue][kind=Basic]
[wall=1789952694][simulation=5.310][MATCH][BASE_DESTROYED][Red][]
[wall=1789952694][simulation=5.320][MATCH][END][GameWorld][Victory]
[wall=1789952694][simulation=0.000][MATCH][MINION_WAVE][GameWorld][count_per_team=3]
[wall=1789952694][simulation=0.000][MATCH][START][GameWorld][seed=0xE4511E]
[wall=1789952694][simulation=0.000][APP][WINDOW_CREATED][Application][]
[wall=1789952694][simulation=0.000][APP][DX11_READY][Renderer][]
[wall=1789952694][simulation=0.000][APP][HUD_READY][HUDRenderer][smoke=1]
[wall=1789952694][simulation=0.000][MATCH][MINION_WAVE][GameWorld][count_per_team=3]
[wall=1789952694][simulation=0.000][MATCH][START][GameWorld][seed=0xE4511E]
[wall=1789952694][simulation=0.780][COMBAT][PROJECTILE_SPAWN][Red][kind=Ultimate]
[wall=1789952694][simulation=1.300][COMBAT][MINION_DEATH][Blue][attacker=Red]
[wall=1789952694][simulation=1.690][COMBAT][PROJECTILE_SPAWN][Red][kind=Basic]
[wall=1789952694][simulation=2.690][COMBAT][PROJECTILE_SPAWN][Red][kind=Basic]
[wall=1789952694][simulation=3.690][COMBAT][PROJECTILE_SPAWN][Red][kind=Basic]
[wall=1789952694][simulation=3.810][COMBAT][PROJECTILE_SPAWN][Blue][kind=Basic]
[wall=1789952694][simulation=3.810][COMBAT][PROJECTILE_SPAWN][Blue][kind=Ultimate]
[wall=1789952694][simulation=0.000][APP][FRAMES_RENDERED][Renderer][count=5]
[wall=1789952694][simulation=0.000][APP][EXIT][Application][]
[wall=1789952698][simulation=0.000][MATCH][MINION_WAVE][GameWorld][count_per_team=3]
[wall=1789952698][simulation=0.000][MATCH][START][GameWorld][seed=0xE4511E]
[wall=1789952698][simulation=0.000][MATCH][MINION_WAVE][GameWorld][count_per_team=3]
[wall=1789952698][simulation=0.000][MATCH][START][GameWorld][seed=0xE4511E]
[wall=1789952698][simulation=0.010][COMBAT][PROJECTILE_SPAWN][Blue][kind=Basic]
[wall=1789952698][simulation=0.010][COMBAT][PROJECTILE_SPAWN][Blue][kind=Ultimate]
[wall=1789952698][simulation=0.000][MATCH][MINION_WAVE][GameWorld][count_per_team=3]
[wall=1789952698][simulation=0.000][MATCH][START][GameWorld][seed=0xE4511E]
[wall=1789952698][simulation=0.100][COMBAT][PROJECTILE_SPAWN][Red][kind=Basic]
[wall=1789952698][simulation=0.100][COMBAT][PROJECTILE_SPAWN][Red][kind=Ultimate]
[wall=1789952698][simulation=0.000][MATCH][MINION_WAVE][GameWorld][count_per_team=3]
[wall=1789952698][simulation=0.000][MATCH][START][GameWorld][seed=0xE4511E]
[wall=1789952698][simulation=0.000][MATCH][TOWER_DESTROYED][Red][]
[wall=1789952698][simulation=0.780][COMBAT][PROJECTILE_SPAWN][Red][kind=Ultimate]
[wall=1789952698][simulation=1.300][COMBAT][MINION_DEATH][Blue][attacker=Red]
[wall=1789952698][simulation=1.690][COMBAT][PROJECTILE_SPAWN][Red][kind=Basic]
[wall=1789952698][simulation=2.690][COMBAT][PROJECTILE_SPAWN][Red][kind=Basic]
[wall=1789952698][simulation=3.690][COMBAT][PROJECTILE_SPAWN][Red][kind=Basic]
[wall=1789952698][simulation=4.690][COMBAT][PROJECTILE_SPAWN][Red][kind=Basic]
[wall=1789952698][simulation=5.690][COMBAT][PROJECTILE_SPAWN][Red][kind=Basic]
[wall=1789952698][simulation=6.690][COMBAT][PROJECTILE_SPAWN][Red][kind=Basic]
[wall=1789952698][simulation=7.690][COMBAT][PROJECTILE_SPAWN][Red][kind=Basic]
[wall=1789952698][simulation=8.690][COMBAT][PROJECTILE_SPAWN][Red][kind=Basic]
[wall=1789952698][simulation=9.690][COMBAT][PROJECTILE_SPAWN][Red][kind=Basic]
[wall=1789952698][simulation=10.690][COMBAT][PROJECTILE_SPAWN][Red][kind=Basic]
[wall=1789952698][simulation=10.780][COMBAT][PROJECTILE_SPAWN][Red][kind=Ultimate]
[wall=1789952698][simulation=11.690][COMBAT][PROJECTILE_SPAWN][Red][kind=Basic]
[wall=1789952698][simulation=12.000][MATCH][MINION_WAVE][GameWorld][count_per_team=3]
[wall=1789952698][simulation=0.000][MATCH][MINION_WAVE][GameWorld][count_per_team=3]
[wall=1789952698][simulation=0.000][MATCH][START][GameWorld][seed=0xE4511E]
[wall=1789952698][simulation=0.000][MATCH][MINION_WAVE][GameWorld][count_per_team=3]
[wall=1789952698][simulation=0.000][MATCH][START][GameWorld][seed=0xE4511E]
[wall=1789952698][simulation=0.000][COMBAT][MINION_DEATH][Red][attacker=Blue]
[wall=1789952698][simulation=0.000][COMBAT][MINION_DEATH][Red][attacker=Blue]
[wall=1789952698][simulation=0.000][COMBAT][MINION_DEATH][Red][attacker=Blue]
[wall=1789952698][simulation=0.000][COMBAT][MINION_DEATH][Red][attacker=Blue]
[wall=1789952698][simulation=0.000][COMBAT][MINION_DEATH][Red][attacker=Blue]
[wall=1789952698][simulation=0.000][COMBAT][MINION_DEATH][Red][attacker=Blue]
[wall=1789952698][simulation=0.000][COMBAT][MINION_DEATH][Red][attacker=Blue]
[wall=1789952698][simulation=0.000][COMBAT][MINION_DEATH][Red][attacker=Blue]
[wall=1789952698][simulation=0.000][COMBAT][MINION_DEATH][Red][attacker=Blue]
[wall=1789952698][simulation=0.000][COMBAT][MINION_DEATH][Red][attacker=Blue]
[wall=1789952698][simulation=0.000][COMBAT][MINION_DEATH][Red][attacker=Blue]
[wall=1789952698][simulation=0.000][COMBAT][MINION_DEATH][Red][attacker=Blue]
[wall=1789952698][simulation=0.000][COMBAT][MINION_DEATH][Red][attacker=Blue]
[wall=1789952698][simulation=0.000][COMBAT][MINION_DEATH][Red][attacker=Blue]
[wall=1789952698][simulation=0.000][COMBAT][MINION_DEATH][Red][attacker=Blue]
[wall=1789952698][simulation=0.000][COMBAT][MINION_DEATH][Red][attacker=Blue]
[wall=1789952698][simulation=0.000][COMBAT][MINION_DEATH][Red][attacker=Blue]
[wall=1789952698][simulation=0.000][COMBAT][MINION_DEATH][Red][attacker=Blue]
[wall=1789952698][simulation=0.000][COMBAT][MINION_DEATH][Red][attacker=Blue]
[wall=1789952698][simulation=0.000][COMBAT][MINION_DEATH][Red][attacker=Blue]
[wall=1789952698][simulation=0.000][COMBAT][MINION_DEATH][Red][attacker=Blue]
[wall=1789952698][simulation=0.000][COMBAT][MINION_DEATH][Red][attacker=Blue]
[wall=1789952698][simulation=0.000][COMBAT][MINION_DEATH][Red][attacker=Blue]
[wall=1789952698][simulation=0.000][COMBAT][MINION_DEATH][Red][attacker=Blue]
[wall=1789952698][simulation=0.000][COMBAT][MINION_DEATH][Red][attacker=Blue]
[wall=1789952698][simulation=0.000][COMBAT][MINION_DEATH][Red][attacker=Blue]
[wall=1789952698][simulation=0.000][COMBAT][MINION_DEATH][Red][attacker=Blue]
[wall=1789952698][simulation=0.000][COMBAT][MINION_DEATH][Red][attacker=Blue]
[wall=1789952698][simulation=0.000][COMBAT][MINION_DEATH][Red][attacker=Blue]
[wall=1789952698][simulation=0.000][COMBAT][MINION_DEATH][Red][attacker=Blue]
[wall=1789952698][simulation=0.000][COMBAT][MINION_DEATH][Red][attacker=Blue]
[wall=1789952698][simulation=0.000][COMBAT][MINION_DEATH][Red][attacker=Blue]
[wall=1789952698][simulation=0.000][COMBAT][MINION_DEATH][Red][attacker=Blue]
[wall=1789952698][simulation=0.000][COMBAT][MINION_DEATH][Red][attacker=Blue]
[wall=1789952698][simulation=0.000][COMBAT][MINION_DEATH][Red][attacker=Blue]
[wall=1789952698][simulation=0.000][COMBAT][MINION_DEATH][Red][attacker=Blue]
[wall=1789952698][simulation=0.000][COMBAT][MINION_DEATH][Red][attacker=Blue]
[wall=1789952698][simulation=0.000][COMBAT][MINION_DEATH][Red][attacker=Blue]
[wall=1789952698][simulation=0.000][COMBAT][MINION_DEATH][Red][attacker=Blue]
[wall=1789952698][simulation=0.000][COMBAT][MINION_DEATH][Red][attacker=Blue]
[wall=1789952698][simulation=0.000][COMBAT][MINION_DEATH][Red][attacker=Blue]
[wall=1789952698][simulation=0.000][COMBAT][MINION_DEATH][Red][attacker=Blue]
[wall=1789952698][simulation=0.000][COMBAT][MINION_DEATH][Red][attacker=Blue]
[wall=1789952698][simulation=0.000][COMBAT][MINION_DEATH][Red][attacker=Blue]
[wall=1789952698][simulation=0.000][COMBAT][MINION_DEATH][Red][attacker=Blue]
[wall=1789952698][simulation=0.000][COMBAT][MINION_DEATH][Red][attacker=Blue]
[wall=1789952698][simulation=0.000][COMBAT][MINION_DEATH][Red][attacker=Blue]
[wall=1789952698][simulation=0.000][COMBAT][MINION_DEATH][Red][attacker=Blue]
[wall=1789952698][simulation=0.000][COMBAT][MINION_DEATH][Red][attacker=Blue]
[wall=1789952698][simulation=0.000][COMBAT][MINION_DEATH][Red][attacker=Blue]
[wall=1789952698][simulation=0.000][MATCH][MINION_WAVE][GameWorld][count_per_team=3]
[wall=1789952698][simulation=0.000][MATCH][START][GameWorld][seed=0xE4511E]
[wall=1789952698][simulation=0.010][COMBAT][PROJECTILE_SPAWN][Blue][kind=Basic]
[wall=1789952698][simulation=0.010][MATCH][PAUSE][GameWorld][]
[wall=1789952698][simulation=0.010][MATCH][RESUME][GameWorld][]
[wall=1789952698][simulation=0.010][MATCH][BASE_DESTROYED][Red][]
[wall=1789952698][simulation=0.020][MATCH][END][GameWorld][Victory]
[wall=1789952698][simulation=0.000][MATCH][MINION_WAVE][GameWorld][count_per_team=3]
[wall=1789952698][simulation=0.000][MATCH][START][GameWorld][seed=0xE4511E]
[wall=1789952698][simulation=0.010][COMBAT][PROJECTILE_SPAWN][Blue][kind=Basic]
[wall=1789952698][simulation=0.000][MATCH][MINION_WAVE][GameWorld][count_per_team=3]
[wall=1789952698][simulation=0.000][MATCH][START][GameWorld][seed=0xE4511E]
[wall=1789952698][simulation=0.010][COMBAT][PROJECTILE_SPAWN][Blue][kind=Basic]
[wall=1789952698][simulation=0.010][COMBAT][PROJECTILE_SPAWN][Blue][kind=Ultimate]
[wall=1789952698][simulation=0.010][COMBAT][PROJECTILE_SPAWN][Red][kind=Ultimate]
[wall=1789952698][simulation=0.020][COMBAT][PROJECTILE_SPAWN][Blue][kind=Basic]
[wall=1789952698][simulation=0.000][MATCH][MINION_WAVE][GameWorld][count_per_team=3]
[wall=1789952698][simulation=0.000][MATCH][START][GameWorld][seed=0xE4511E]
[wall=1789952698][simulation=0.000][COMBAT][HERO_DEATH][PlayerHero][attacker=Red]
[wall=1789952698][simulation=5.000][COMBAT][HERO_RESPAWN][PlayerHero][]
[wall=1789952698][simulation=5.000][COMBAT][HERO_RESPAWN][BotHero][]
[wall=1789952698][simulation=0.000][MATCH][MINION_WAVE][GameWorld][count_per_team=3]
[wall=1789952698][simulation=0.000][MATCH][START][GameWorld][seed=0xE4511E]
[wall=1789952698][simulation=0.000][MATCH][BASE_DESTROYED][Blue][]
[wall=1789952698][simulation=0.010][MATCH][BASE_DESTROYED][Red][]
[wall=1789952698][simulation=0.010][MATCH][END][GameWorld][Draw]
[wall=1789952698][simulation=0.000][MATCH][MINION_WAVE][GameWorld][count_per_team=3]
[wall=1789952698][simulation=0.000][MATCH][START][GameWorld][seed=0xE4511E]
[wall=1789952698][simulation=0.000][MATCH][BASE_DESTROYED][Blue][]
[wall=1789952698][simulation=0.011][MATCH][BASE_DESTROYED][Red][]
[wall=1789952698][simulation=0.011][MATCH][END][GameWorld][Defeat]
[wall=1789952698][simulation=0.000][MATCH][MINION_WAVE][GameWorld][count_per_team=3]
[wall=1789952698][simulation=0.000][MATCH][START][GameWorld][seed=0xE4511E]
[wall=1789952698][simulation=0.000][MATCH][MINION_WAVE][GameWorld][count_per_team=3]
[wall=1789952698][simulation=0.000][MATCH][START][GameWorld][seed=0xE4511E]
[wall=1789952698][simulation=0.010][COMBAT][PROJECTILE_SPAWN][Blue][kind=Basic]
[wall=1789952698][simulation=0.120][MATCH][BASE_DESTROYED][Red][]
[wall=1789952698][simulation=0.130][MATCH][END][GameWorld][Victory]
[wall=1789952698][simulation=0.000][MATCH][MINION_WAVE][GameWorld][count_per_team=3]
[wall=1789952698][simulation=0.000][MATCH][START][GameWorld][seed=0xE4511E]
[wall=1789952698][simulation=0.000][MATCH][MINION_WAVE][GameWorld][count_per_team=3]
[wall=1789952698][simulation=0.000][MATCH][START][GameWorld][seed=0xE4511E]
[wall=1789952698][simulation=0.010][COMBAT][PROJECTILE_SPAWN][Blue][kind=Basic]
[wall=1789952698][simulation=0.120][MATCH][BASE_DESTROYED][Red][]
[wall=1789952698][simulation=0.130][MATCH][END][GameWorld][Victory]
[wall=1789952698][simulation=0.000][MATCH][MINION_WAVE][GameWorld][count_per_team=3]
[wall=1789952698][simulation=0.000][MATCH][START][GameWorld][seed=0xE4511E]
[wall=1789952698][simulation=0.000][MATCH][MINION_WAVE][GameWorld][count_per_team=3]
[wall=1789952698][simulation=0.000][MATCH][START][GameWorld][seed=0xE4511E]
[wall=1789952698][simulation=0.010][COMBAT][PROJECTILE_SPAWN][Blue][kind=Basic]
[wall=1789952698][simulation=0.120][MATCH][BASE_DESTROYED][Red][]
[wall=1789952698][simulation=0.130][MATCH][END][GameWorld][Victory]
[wall=1789952698][simulation=0.000][MATCH][MINION_WAVE][GameWorld][count_per_team=3]
[wall=1789952698][simulation=0.000][MATCH][START][GameWorld][seed=0xE4511E]
[wall=1789952698][simulation=0.000][MATCH][MINION_WAVE][GameWorld][count_per_team=3]
[wall=1789952698][simulation=0.000][MATCH][START][GameWorld][seed=0xE4511E]
[wall=1789952698][simulation=0.010][COMBAT][PROJECTILE_SPAWN][Blue][kind=Basic]
[wall=1789952698][simulation=0.120][MATCH][BASE_DESTROYED][Red][]
[wall=1789952698][simulation=0.130][MATCH][END][GameWorld][Victory]
[wall=1789952698][simulation=0.000][MATCH][MINION_WAVE][GameWorld][count_per_team=3]
[wall=1789952698][simulation=0.000][MATCH][START][GameWorld][seed=0xE4511E]
[wall=1789952698][simulation=0.000][MATCH][MINION_WAVE][GameWorld][count_per_team=3]
[wall=1789952698][simulation=0.000][MATCH][START][GameWorld][seed=0xE4511E]
[wall=1789952698][simulation=0.010][COMBAT][PROJECTILE_SPAWN][Blue][kind=Basic]
[wall=1789952698][simulation=0.120][MATCH][BASE_DESTROYED][Red][]
[wall=1789952698][simulation=0.130][MATCH][END][GameWorld][Victory]
[wall=1789952698][simulation=0.000][MATCH][MINION_WAVE][GameWorld][count_per_team=3]
[wall=1789952698][simulation=0.000][MATCH][START][GameWorld][seed=0xE4511E]
[wall=1789952698][simulation=0.000][MATCH][MINION_WAVE][GameWorld][count_per_team=3]
[wall=1789952698][simulation=0.000][MATCH][START][GameWorld][seed=0xE4511E]
[wall=1789952698][simulation=0.010][COMBAT][PROJECTILE_SPAWN][Blue][kind=Basic]
[wall=1789952698][simulation=0.120][MATCH][BASE_DESTROYED][Red][]
[wall=1789952698][simulation=0.130][MATCH][END][GameWorld][Victory]
[wall=1789952698][simulation=0.000][MATCH][MINION_WAVE][GameWorld][count_per_team=3]
[wall=1789952698][simulation=0.000][MATCH][START][GameWorld][seed=0xE4511E]
[wall=1789952698][simulation=0.000][MATCH][MINION_WAVE][GameWorld][count_per_team=3]
[wall=1789952698][simulation=0.000][MATCH][START][GameWorld][seed=0xE4511E]
[wall=1789952698][simulation=0.010][COMBAT][PROJECTILE_SPAWN][Blue][kind=Basic]
[wall=1789952698][simulation=0.120][MATCH][BASE_DESTROYED][Red][]
[wall=1789952698][simulation=0.130][MATCH][END][GameWorld][Victory]
[wall=1789952698][simulation=0.000][MATCH][MINION_WAVE][GameWorld][count_per_team=3]
[wall=1789952698][simulation=0.000][MATCH][START][GameWorld][seed=0xE4511E]
[wall=1789952698][simulation=0.000][MATCH][MINION_WAVE][GameWorld][count_per_team=3]
[wall=1789952698][simulation=0.000][MATCH][START][GameWorld][seed=0xE4511E]
[wall=1789952698][simulation=0.010][COMBAT][PROJECTILE_SPAWN][Blue][kind=Basic]
[wall=1789952698][simulation=0.120][MATCH][BASE_DESTROYED][Red][]
[wall=1789952698][simulation=0.130][MATCH][END][GameWorld][Victory]
[wall=1789952698][simulation=0.000][MATCH][MINION_WAVE][GameWorld][count_per_team=3]
[wall=1789952698][simulation=0.000][MATCH][START][GameWorld][seed=0xE4511E]
[wall=1789952698][simulation=0.000][MATCH][MINION_WAVE][GameWorld][count_per_team=3]
[wall=1789952698][simulation=0.000][MATCH][START][GameWorld][seed=0xE4511E]
[wall=1789952698][simulation=0.010][COMBAT][PROJECTILE_SPAWN][Blue][kind=Basic]
[wall=1789952698][simulation=0.120][MATCH][BASE_DESTROYED][Red][]
[wall=1789952698][simulation=0.130][MATCH][END][GameWorld][Victory]
[wall=1789952698][simulation=0.000][MATCH][MINION_WAVE][GameWorld][count_per_team=3]
[wall=1789952698][simulation=0.000][MATCH][START][GameWorld][seed=0xE4511E]
[wall=1789952698][simulation=0.000][MATCH][MINION_WAVE][GameWorld][count_per_team=3]
[wall=1789952698][simulation=0.000][MATCH][START][GameWorld][seed=0xE4511E]
[wall=1789952698][simulation=0.010][COMBAT][PROJECTILE_SPAWN][Blue][kind=Basic]
[wall=1789952698][simulation=0.120][MATCH][BASE_DESTROYED][Red][]
[wall=1789952698][simulation=0.130][MATCH][END][GameWorld][Victory]
[wall=1789952698][simulation=0.000][MATCH][MINION_WAVE][GameWorld][count_per_team=3]
[wall=1789952698][simulation=0.000][MATCH][START][GameWorld][seed=0xE4511E]
[wall=1789952698][simulation=0.000][MATCH][MINION_WAVE][GameWorld][count_per_team=3]
[wall=1789952698][simulation=0.000][MATCH][START][GameWorld][seed=0xE4511E]
[wall=1789952698][simulation=0.120][COMBAT][PROJECTILE_SPAWN][Blue][kind=Basic]
[wall=1789952698][simulation=0.120][COMBAT][PROJECTILE_SPAWN][Blue][kind=Ultimate]
[wall=1789952698][simulation=0.120][COMBAT][PROJECTILE_SPAWN][Red][kind=Basic]
[wall=1789952698][simulation=0.120][COMBAT][PROJECTILE_SPAWN][Red][kind=Ultimate]
[wall=1789952698][simulation=0.180][COMBAT][HERO_DEATH][BotHero][attacker=Blue]
[wall=1789952698][simulation=5.180][COMBAT][HERO_RESPAWN][BotHero][]
[wall=1789952698][simulation=5.190][MATCH][TOWER_DESTROYED][Red][]
[wall=1789952698][simulation=5.200][COMBAT][PROJECTILE_SPAWN][Blue][kind=Basic]
[wall=1789952698][simulation=5.310][MATCH][BASE_DESTROYED][Red][]
[wall=1789952698][simulation=5.320][MATCH][END][GameWorld][Victory]
[wall=1789952698][simulation=0.000][MATCH][MINION_WAVE][GameWorld][count_per_team=3]
[wall=1789952698][simulation=0.000][MATCH][START][GameWorld][seed=0xE4511E]
[wall=1789952698][simulation=0.000][APP][WINDOW_CREATED][Application][]
[wall=1789952698][simulation=0.000][APP][DX11_READY][Renderer][]
[wall=1789952698][simulation=0.000][APP][HUD_READY][HUDRenderer][smoke=1]
[wall=1789952698][simulation=0.000][MATCH][MINION_WAVE][GameWorld][count_per_team=3]
[wall=1789952698][simulation=0.000][MATCH][START][GameWorld][seed=0xE4511E]
[wall=1789952698][simulation=0.780][COMBAT][PROJECTILE_SPAWN][Red][kind=Ultimate]
[wall=1789952698][simulation=1.300][COMBAT][MINION_DEATH][Blue][attacker=Red]
[wall=1789952698][simulation=1.690][COMBAT][PROJECTILE_SPAWN][Red][kind=Basic]
[wall=1789952698][simulation=2.690][COMBAT][PROJECTILE_SPAWN][Red][kind=Basic]
[wall=1789952698][simulation=3.690][COMBAT][PROJECTILE_SPAWN][Red][kind=Basic]
[wall=1789952698][simulation=3.810][COMBAT][PROJECTILE_SPAWN][Blue][kind=Basic]
[wall=1789952698][simulation=3.810][COMBAT][PROJECTILE_SPAWN][Blue][kind=Ultimate]
[wall=1789952698][simulation=0.000][APP][FRAMES_RENDERED][Renderer][count=5]
[wall=1789952698][simulation=0.000][APP][EXIT][Application][]
[wall=1789995407][simulation=0.000][MATCH][MINION_WAVE][GameWorld][count_per_team=3]
[wall=1789995407][simulation=0.000][MATCH][START][GameWorld][seed=0xE4511E]
[wall=1789995407][simulation=0.000][MATCH][MINION_WAVE][GameWorld][count_per_team=3]
[wall=1789995407][simulation=0.000][MATCH][START][GameWorld][seed=0xE4511E]
[wall=1789995407][simulation=0.010][COMBAT][PROJECTILE_SPAWN][Blue][kind=Basic]
[wall=1789995407][simulation=0.010][COMBAT][PROJECTILE_SPAWN][Blue][kind=Ultimate]
[wall=1789995407][simulation=0.000][MATCH][MINION_WAVE][GameWorld][count_per_team=3]
[wall=1789995407][simulation=0.000][MATCH][START][GameWorld][seed=0xE4511E]
[wall=1789995407][simulation=0.100][BOT_FSM][STATE][BotHero][normal_decision]
[wall=1789995407][simulation=0.100][COMBAT][PROJECTILE_SPAWN][Red][kind=Basic]
[wall=1789995407][simulation=0.100][COMBAT][PROJECTILE_SPAWN][Red][kind=Ultimate]
[wall=1789995407][simulation=0.200][BOT_FSM][ADVANCE_TO_RETREAT][BotHero][hp_ratio<=30%;tower_to_base_defensive_point]
[wall=1789995407][simulation=0.000][MATCH][MINION_WAVE][GameWorld][count_per_team=3]
[wall=1789995407][simulation=0.000][MATCH][START][GameWorld][seed=0xE4511E]
[wall=1789995407][simulation=0.000][MATCH][TOWER_DESTROYED][Red][]
[wall=1789995407][simulation=0.100][BOT_FSM][STATE][BotHero][normal_decision]
[wall=1789995407][simulation=0.780][COMBAT][PROJECTILE_SPAWN][Red][kind=Ultimate]
[wall=1789995407][simulation=1.300][COMBAT][MINION_DEATH][Blue][attacker=Red]
[wall=1789995407][simulation=1.690][COMBAT][PROJECTILE_SPAWN][Red][kind=Basic]
[wall=1789995407][simulation=2.400][BOT_FSM][STATE][BotHero][normal_decision]
[wall=1789995407][simulation=2.690][COMBAT][PROJECTILE_SPAWN][Red][kind=Basic]
[wall=1789995407][simulation=3.690][COMBAT][PROJECTILE_SPAWN][Red][kind=Basic]
[wall=1789995407][simulation=4.690][COMBAT][PROJECTILE_SPAWN][Red][kind=Basic]
[wall=1789995407][simulation=5.690][COMBAT][PROJECTILE_SPAWN][Red][kind=Basic]
[wall=1789995407][simulation=6.690][COMBAT][PROJECTILE_SPAWN][Red][kind=Basic]
[wall=1789995407][simulation=7.690][COMBAT][PROJECTILE_SPAWN][Red][kind=Basic]
[wall=1789995407][simulation=8.690][COMBAT][PROJECTILE_SPAWN][Red][kind=Basic]
[wall=1789995407][simulation=9.690][COMBAT][PROJECTILE_SPAWN][Red][kind=Basic]
[wall=1789995407][simulation=10.690][COMBAT][PROJECTILE_SPAWN][Red][kind=Basic]
[wall=1789995407][simulation=10.780][COMBAT][PROJECTILE_SPAWN][Red][kind=Ultimate]
[wall=1789995407][simulation=11.690][COMBAT][PROJECTILE_SPAWN][Red][kind=Basic]
[wall=1789995407][simulation=12.000][MATCH][MINION_WAVE][GameWorld][count_per_team=3]
[wall=1789995407][simulation=0.000][MATCH][MINION_WAVE][GameWorld][count_per_team=3]
[wall=1789995407][simulation=0.000][MATCH][START][GameWorld][seed=0xE4511E]
[wall=1789995407][simulation=0.000][MATCH][MINION_WAVE][GameWorld][count_per_team=3]
[wall=1789995407][simulation=0.000][MATCH][START][GameWorld][seed=0xE4511E]
[wall=1789995407][simulation=0.000][COMBAT][MINION_DEATH][Red][attacker=Blue]
[wall=1789995407][simulation=0.000][COMBAT][MINION_DEATH][Red][attacker=Blue]
[wall=1789995407][simulation=0.000][COMBAT][MINION_DEATH][Red][attacker=Blue]
[wall=1789995407][simulation=0.000][COMBAT][MINION_DEATH][Red][attacker=Blue]
[wall=1789995407][simulation=0.000][COMBAT][MINION_DEATH][Red][attacker=Blue]
[wall=1789995407][simulation=0.000][COMBAT][MINION_DEATH][Red][attacker=Blue]
[wall=1789995407][simulation=0.000][COMBAT][MINION_DEATH][Red][attacker=Blue]
[wall=1789995407][simulation=0.000][COMBAT][MINION_DEATH][Red][attacker=Blue]
[wall=1789995407][simulation=0.000][COMBAT][MINION_DEATH][Red][attacker=Blue]
[wall=1789995407][simulation=0.000][COMBAT][MINION_DEATH][Red][attacker=Blue]
[wall=1789995407][simulation=0.000][COMBAT][MINION_DEATH][Red][attacker=Blue]
[wall=1789995407][simulation=0.000][COMBAT][MINION_DEATH][Red][attacker=Blue]
[wall=1789995407][simulation=0.000][COMBAT][MINION_DEATH][Red][attacker=Blue]
[wall=1789995407][simulation=0.000][COMBAT][MINION_DEATH][Red][attacker=Blue]
[wall=1789995407][simulation=0.000][COMBAT][MINION_DEATH][Red][attacker=Blue]
[wall=1789995407][simulation=0.000][COMBAT][MINION_DEATH][Red][attacker=Blue]
[wall=1789995407][simulation=0.000][COMBAT][MINION_DEATH][Red][attacker=Blue]
[wall=1789995407][simulation=0.000][COMBAT][MINION_DEATH][Red][attacker=Blue]
[wall=1789995407][simulation=0.000][COMBAT][MINION_DEATH][Red][attacker=Blue]
[wall=1789995407][simulation=0.000][COMBAT][MINION_DEATH][Red][attacker=Blue]
[wall=1789995407][simulation=0.000][COMBAT][MINION_DEATH][Red][attacker=Blue]
[wall=1789995407][simulation=0.000][COMBAT][MINION_DEATH][Red][attacker=Blue]
[wall=1789995407][simulation=0.000][COMBAT][MINION_DEATH][Red][attacker=Blue]
[wall=1789995407][simulation=0.000][COMBAT][MINION_DEATH][Red][attacker=Blue]
[wall=1789995407][simulation=0.000][COMBAT][MINION_DEATH][Red][attacker=Blue]
[wall=1789995407][simulation=0.000][COMBAT][MINION_DEATH][Red][attacker=Blue]
[wall=1789995407][simulation=0.000][COMBAT][MINION_DEATH][Red][attacker=Blue]
[wall=1789995407][simulation=0.000][COMBAT][MINION_DEATH][Red][attacker=Blue]
[wall=1789995407][simulation=0.000][COMBAT][MINION_DEATH][Red][attacker=Blue]
[wall=1789995407][simulation=0.000][COMBAT][MINION_DEATH][Red][attacker=Blue]
[wall=1789995407][simulation=0.000][COMBAT][MINION_DEATH][Red][attacker=Blue]
[wall=1789995407][simulation=0.000][COMBAT][MINION_DEATH][Red][attacker=Blue]
[wall=1789995407][simulation=0.000][COMBAT][MINION_DEATH][Red][attacker=Blue]
[wall=1789995407][simulation=0.000][COMBAT][MINION_DEATH][Red][attacker=Blue]
[wall=1789995407][simulation=0.000][COMBAT][MINION_DEATH][Red][attacker=Blue]
[wall=1789995407][simulation=0.000][COMBAT][MINION_DEATH][Red][attacker=Blue]
[wall=1789995407][simulation=0.000][COMBAT][MINION_DEATH][Red][attacker=Blue]
[wall=1789995407][simulation=0.000][COMBAT][MINION_DEATH][Red][attacker=Blue]
[wall=1789995407][simulation=0.000][COMBAT][MINION_DEATH][Red][attacker=Blue]
[wall=1789995407][simulation=0.000][COMBAT][MINION_DEATH][Red][attacker=Blue]
[wall=1789995407][simulation=0.000][COMBAT][MINION_DEATH][Red][attacker=Blue]
[wall=1789995407][simulation=0.000][COMBAT][MINION_DEATH][Red][attacker=Blue]
[wall=1789995407][simulation=0.000][COMBAT][MINION_DEATH][Red][attacker=Blue]
[wall=1789995407][simulation=0.000][COMBAT][MINION_DEATH][Red][attacker=Blue]
[wall=1789995407][simulation=0.000][COMBAT][MINION_DEATH][Red][attacker=Blue]
[wall=1789995407][simulation=0.000][COMBAT][MINION_DEATH][Red][attacker=Blue]
[wall=1789995407][simulation=0.000][COMBAT][MINION_DEATH][Red][attacker=Blue]
[wall=1789995407][simulation=0.000][COMBAT][MINION_DEATH][Red][attacker=Blue]
[wall=1789995407][simulation=0.000][COMBAT][MINION_DEATH][Red][attacker=Blue]
[wall=1789995407][simulation=0.000][COMBAT][MINION_DEATH][Red][attacker=Blue]
[wall=1789995407][simulation=0.000][MATCH][MINION_WAVE][GameWorld][count_per_team=3]
[wall=1789995407][simulation=0.000][MATCH][START][GameWorld][seed=0xE4511E]
[wall=1789995407][simulation=0.010][COMBAT][PROJECTILE_SPAWN][Blue][kind=Basic]
[wall=1789995407][simulation=0.010][MATCH][PAUSE][GameWorld][]
[wall=1789995407][simulation=0.010][MATCH][RESUME][GameWorld][]
[wall=1789995407][simulation=0.010][MATCH][BASE_DESTROYED][Red][]
[wall=1789995407][simulation=0.020][MATCH][END][GameWorld][Victory]
[wall=1789995407][simulation=0.000][MATCH][MINION_WAVE][GameWorld][count_per_team=3]
[wall=1789995407][simulation=0.000][MATCH][START][GameWorld][seed=0xE4511E]
[wall=1789995407][simulation=0.010][COMBAT][PROJECTILE_SPAWN][Blue][kind=Basic]
[wall=1789995407][simulation=0.000][MATCH][MINION_WAVE][GameWorld][count_per_team=3]
[wall=1789995407][simulation=0.000][MATCH][START][GameWorld][seed=0xE4511E]
[wall=1789995407][simulation=0.010][COMBAT][PROJECTILE_SPAWN][Blue][kind=Basic]
[wall=1789995407][simulation=0.010][COMBAT][PROJECTILE_SPAWN][Blue][kind=Ultimate]
[wall=1789995407][simulation=0.010][COMBAT][PROJECTILE_SPAWN][Red][kind=Ultimate]
[wall=1789995407][simulation=0.020][COMBAT][PROJECTILE_SPAWN][Blue][kind=Basic]
[wall=1789995407][simulation=0.000][MATCH][MINION_WAVE][GameWorld][count_per_team=3]
[wall=1789995407][simulation=0.000][MATCH][START][GameWorld][seed=0xE4511E]
[wall=1789995407][simulation=0.000][COMBAT][HERO_DEATH][PlayerHero][attacker=Red]
[wall=1789995407][simulation=0.010][BOT_FSM][STATE][BotHero][Dead]
[wall=1789995407][simulation=5.000][COMBAT][HERO_RESPAWN][PlayerHero][]
[wall=1789995407][simulation=5.000][COMBAT][HERO_RESPAWN][BotHero][]
[wall=1789995407][simulation=0.000][MATCH][MINION_WAVE][GameWorld][count_per_team=3]
[wall=1789995407][simulation=0.000][MATCH][START][GameWorld][seed=0xE4511E]
[wall=1789995407][simulation=0.000][MATCH][BASE_DESTROYED][Blue][]
[wall=1789995407][simulation=0.010][MATCH][BASE_DESTROYED][Red][]
[wall=1789995407][simulation=0.010][MATCH][END][GameWorld][Draw]
[wall=1789995407][simulation=0.000][MATCH][MINION_WAVE][GameWorld][count_per_team=3]
[wall=1789995407][simulation=0.000][MATCH][START][GameWorld][seed=0xE4511E]
[wall=1789995407][simulation=0.000][MATCH][BASE_DESTROYED][Blue][]
[wall=1789995407][simulation=0.011][MATCH][BASE_DESTROYED][Red][]
[wall=1789995407][simulation=0.011][MATCH][END][GameWorld][Defeat]
[wall=1789995407][simulation=0.000][MATCH][MINION_WAVE][GameWorld][count_per_team=3]
[wall=1789995407][simulation=0.000][MATCH][START][GameWorld][seed=0xE4511E]
[wall=1789995407][simulation=0.000][MATCH][MINION_WAVE][GameWorld][count_per_team=3]
[wall=1789995407][simulation=0.000][MATCH][START][GameWorld][seed=0xE4511E]
[wall=1789995407][simulation=0.020][BOT_FSM][ADVANCE_TO_RETREAT][BotHero][hp_ratio<=30%;tower_to_base_defensive_point]
[wall=1789995407][simulation=0.040][BOT_FSM][RETREAT_TO_RECOVER][BotHero][defensive_point_reached]
[wall=1789995407][simulation=0.640][BOT_FSM][RECOVER_TARGET_LOST][BotHero][return_to_defensive_point]
[wall=1789995407][simulation=0.650][BOT_FSM][RETREAT_TO_RECOVER][BotHero][defensive_point_reached]
[wall=1789995407][simulation=0.660][BOT_FSM][RECOVER_TO_ADVANCE][BotHero][hp_ratio>=55%]
[wall=1789995407][simulation=0.670][BOT_FSM][STATE][BotHero][Dead]
[wall=1789995407][simulation=0.670][MATCH][BASE_DESTROYED][Red][]
[wall=1789995407][simulation=0.680][MATCH][END][GameWorld][Victory]
[wall=1789995407][simulation=0.000][MATCH][MINION_WAVE][GameWorld][count_per_team=3]
[wall=1789995407][simulation=0.000][MATCH][START][GameWorld][seed=0xE4511E]
[wall=1789995407][simulation=0.000][MATCH][MINION_WAVE][GameWorld][count_per_team=3]
[wall=1789995407][simulation=0.000][MATCH][START][GameWorld][seed=0xE4511E]
[wall=1789995407][simulation=0.010][COMBAT][PROJECTILE_SPAWN][Blue][kind=Basic]
[wall=1789995407][simulation=0.010][BOT_FSM][STATE][BotHero][Dead]
[wall=1789995407][simulation=0.120][MATCH][BASE_DESTROYED][Red][]
[wall=1789995407][simulation=0.130][MATCH][END][GameWorld][Victory]
[wall=1789995407][simulation=0.000][MATCH][MINION_WAVE][GameWorld][count_per_team=3]
[wall=1789995407][simulation=0.000][MATCH][START][GameWorld][seed=0xE4511E]
[wall=1789995407][simulation=0.000][MATCH][MINION_WAVE][GameWorld][count_per_team=3]
[wall=1789995407][simulation=0.000][MATCH][START][GameWorld][seed=0xE4511E]
[wall=1789995407][simulation=0.010][COMBAT][PROJECTILE_SPAWN][Blue][kind=Basic]
[wall=1789995407][simulation=0.010][BOT_FSM][STATE][BotHero][Dead]
[wall=1789995407][simulation=0.120][MATCH][BASE_DESTROYED][Red][]
[wall=1789995407][simulation=0.130][MATCH][END][GameWorld][Victory]
[wall=1789995407][simulation=0.000][MATCH][MINION_WAVE][GameWorld][count_per_team=3]
[wall=1789995407][simulation=0.000][MATCH][START][GameWorld][seed=0xE4511E]
[wall=1789995407][simulation=0.000][MATCH][MINION_WAVE][GameWorld][count_per_team=3]
[wall=1789995407][simulation=0.000][MATCH][START][GameWorld][seed=0xE4511E]
[wall=1789995407][simulation=0.010][COMBAT][PROJECTILE_SPAWN][Blue][kind=Basic]
[wall=1789995407][simulation=0.010][BOT_FSM][STATE][BotHero][Dead]
[wall=1789995407][simulation=0.120][MATCH][BASE_DESTROYED][Red][]
[wall=1789995407][simulation=0.130][MATCH][END][GameWorld][Victory]
[wall=1789995407][simulation=0.000][MATCH][MINION_WAVE][GameWorld][count_per_team=3]
[wall=1789995407][simulation=0.000][MATCH][START][GameWorld][seed=0xE4511E]
[wall=1789995407][simulation=0.000][MATCH][MINION_WAVE][GameWorld][count_per_team=3]
[wall=1789995407][simulation=0.000][MATCH][START][GameWorld][seed=0xE4511E]
[wall=1789995407][simulation=0.010][COMBAT][PROJECTILE_SPAWN][Blue][kind=Basic]
[wall=1789995407][simulation=0.010][BOT_FSM][STATE][BotHero][Dead]
[wall=1789995407][simulation=0.120][MATCH][BASE_DESTROYED][Red][]
[wall=1789995407][simulation=0.130][MATCH][END][GameWorld][Victory]
[wall=1789995407][simulation=0.000][MATCH][MINION_WAVE][GameWorld][count_per_team=3]
[wall=1789995407][simulation=0.000][MATCH][START][GameWorld][seed=0xE4511E]
[wall=1789995407][simulation=0.000][MATCH][MINION_WAVE][GameWorld][count_per_team=3]
[wall=1789995407][simulation=0.000][MATCH][START][GameWorld][seed=0xE4511E]
[wall=1789995407][simulation=0.010][COMBAT][PROJECTILE_SPAWN][Blue][kind=Basic]
[wall=1789995407][simulation=0.010][BOT_FSM][STATE][BotHero][Dead]
[wall=1789995407][simulation=0.120][MATCH][BASE_DESTROYED][Red][]
[wall=1789995407][simulation=0.130][MATCH][END][GameWorld][Victory]
[wall=1789995407][simulation=0.000][MATCH][MINION_WAVE][GameWorld][count_per_team=3]
[wall=1789995407][simulation=0.000][MATCH][START][GameWorld][seed=0xE4511E]
[wall=1789995407][simulation=0.000][MATCH][MINION_WAVE][GameWorld][count_per_team=3]
[wall=1789995407][simulation=0.000][MATCH][START][GameWorld][seed=0xE4511E]
[wall=1789995407][simulation=0.010][COMBAT][PROJECTILE_SPAWN][Blue][kind=Basic]
[wall=1789995407][simulation=0.010][BOT_FSM][STATE][BotHero][Dead]
[wall=1789995407][simulation=0.120][MATCH][BASE_DESTROYED][Red][]
[wall=1789995407][simulation=0.130][MATCH][END][GameWorld][Victory]
[wall=1789995407][simulation=0.000][MATCH][MINION_WAVE][GameWorld][count_per_team=3]
[wall=1789995407][simulation=0.000][MATCH][START][GameWorld][seed=0xE4511E]
[wall=1789995407][simulation=0.000][MATCH][MINION_WAVE][GameWorld][count_per_team=3]
[wall=1789995407][simulation=0.000][MATCH][START][GameWorld][seed=0xE4511E]
[wall=1789995407][simulation=0.010][COMBAT][PROJECTILE_SPAWN][Blue][kind=Basic]
[wall=1789995407][simulation=0.010][BOT_FSM][STATE][BotHero][Dead]
[wall=1789995407][simulation=0.120][MATCH][BASE_DESTROYED][Red][]
[wall=1789995407][simulation=0.130][MATCH][END][GameWorld][Victory]
[wall=1789995407][simulation=0.000][MATCH][MINION_WAVE][GameWorld][count_per_team=3]
[wall=1789995407][simulation=0.000][MATCH][START][GameWorld][seed=0xE4511E]
[wall=1789995407][simulation=0.000][MATCH][MINION_WAVE][GameWorld][count_per_team=3]
[wall=1789995407][simulation=0.000][MATCH][START][GameWorld][seed=0xE4511E]
[wall=1789995407][simulation=0.010][COMBAT][PROJECTILE_SPAWN][Blue][kind=Basic]
[wall=1789995407][simulation=0.010][BOT_FSM][STATE][BotHero][Dead]
[wall=1789995407][simulation=0.120][MATCH][BASE_DESTROYED][Red][]
[wall=1789995407][simulation=0.130][MATCH][END][GameWorld][Victory]
[wall=1789995407][simulation=0.000][MATCH][MINION_WAVE][GameWorld][count_per_team=3]
[wall=1789995407][simulation=0.000][MATCH][START][GameWorld][seed=0xE4511E]
[wall=1789995407][simulation=0.000][MATCH][MINION_WAVE][GameWorld][count_per_team=3]
[wall=1789995407][simulation=0.000][MATCH][START][GameWorld][seed=0xE4511E]
[wall=1789995407][simulation=0.010][COMBAT][PROJECTILE_SPAWN][Blue][kind=Basic]
[wall=1789995407][simulation=0.010][BOT_FSM][STATE][BotHero][Dead]
[wall=1789995407][simulation=0.120][MATCH][BASE_DESTROYED][Red][]
[wall=1789995407][simulation=0.130][MATCH][END][GameWorld][Victory]
[wall=1789995407][simulation=0.000][MATCH][MINION_WAVE][GameWorld][count_per_team=3]
[wall=1789995407][simulation=0.000][MATCH][START][GameWorld][seed=0xE4511E]
[wall=1789995407][simulation=0.000][MATCH][MINION_WAVE][GameWorld][count_per_team=3]
[wall=1789995407][simulation=0.000][MATCH][START][GameWorld][seed=0xE4511E]
[wall=1789995407][simulation=0.010][COMBAT][PROJECTILE_SPAWN][Blue][kind=Basic]
[wall=1789995407][simulation=0.010][BOT_FSM][STATE][BotHero][Dead]
[wall=1789995407][simulation=0.120][MATCH][BASE_DESTROYED][Red][]
[wall=1789995407][simulation=0.130][MATCH][END][GameWorld][Victory]
[wall=1789995407][simulation=0.000][MATCH][MINION_WAVE][GameWorld][count_per_team=3]
[wall=1789995407][simulation=0.000][MATCH][START][GameWorld][seed=0xE4511E]
[wall=1789995407][simulation=0.000][MATCH][MINION_WAVE][GameWorld][count_per_team=3]
[wall=1789995407][simulation=0.000][MATCH][START][GameWorld][seed=0xE4511E]
[wall=1789995407][simulation=0.100][BOT_FSM][STATE][BotHero][normal_decision]
[wall=1789995407][simulation=0.120][COMBAT][PROJECTILE_SPAWN][Blue][kind=Basic]
[wall=1789995407][simulation=0.120][COMBAT][PROJECTILE_SPAWN][Blue][kind=Ultimate]
[wall=1789995407][simulation=0.120][COMBAT][PROJECTILE_SPAWN][Red][kind=Basic]
[wall=1789995407][simulation=0.120][COMBAT][PROJECTILE_SPAWN][Red][kind=Ultimate]
[wall=1789995407][simulation=0.150][BOT_FSM][ADVANCE_TO_RETREAT][BotHero][hp_ratio<=30%;tower_to_base_defensive_point]
[wall=1789995407][simulation=0.180][COMBAT][HERO_DEATH][BotHero][attacker=Blue]
[wall=1789995407][simulation=0.190][BOT_FSM][STATE][BotHero][Dead]
[wall=1789995407][simulation=5.180][COMBAT][HERO_RESPAWN][BotHero][]
[wall=1789995407][simulation=5.190][MATCH][TOWER_DESTROYED][Red][]
[wall=1789995407][simulation=5.200][COMBAT][PROJECTILE_SPAWN][Blue][kind=Basic]
[wall=1789995407][simulation=5.310][MATCH][BASE_DESTROYED][Red][]
[wall=1789995407][simulation=5.320][MATCH][END][GameWorld][Victory]
[wall=1789995407][simulation=0.000][MATCH][MINION_WAVE][GameWorld][count_per_team=3]
[wall=1789995407][simulation=0.000][MATCH][START][GameWorld][seed=0xE4511E]
[wall=1789995811][simulation=0.000][MATCH][MINION_WAVE][GameWorld][count_per_team=3]
[wall=1789995811][simulation=0.000][MATCH][START][GameWorld][seed=0xE4511E]
[wall=1789995811][simulation=0.000][MATCH][MINION_WAVE][GameWorld][count_per_team=3]
[wall=1789995811][simulation=0.000][MATCH][START][GameWorld][seed=0xE4511E]
[wall=1789995811][simulation=0.010][COMBAT][PROJECTILE_SPAWN][Blue][kind=Basic]
[wall=1789995811][simulation=0.010][COMBAT][PROJECTILE_SPAWN][Blue][kind=Ultimate]
[wall=1789995811][simulation=0.000][MATCH][MINION_WAVE][GameWorld][count_per_team=3]
[wall=1789995811][simulation=0.000][MATCH][START][GameWorld][seed=0xE4511E]
[wall=1789995811][simulation=0.100][BOT_FSM][STATE][BotHero][normal_decision]
[wall=1789995811][simulation=0.100][COMBAT][PROJECTILE_SPAWN][Red][kind=Basic]
[wall=1789995811][simulation=0.100][COMBAT][PROJECTILE_SPAWN][Red][kind=Ultimate]
[wall=1789995811][simulation=0.200][BOT_FSM][ADVANCE_TO_RETREAT][BotHero][hp_ratio<=30%;tower_to_base_defensive_point]
[wall=1789995811][simulation=0.000][MATCH][MINION_WAVE][GameWorld][count_per_team=3]
[wall=1789995811][simulation=0.000][MATCH][START][GameWorld][seed=0xE4511E]
[wall=1789995811][simulation=0.000][MATCH][TOWER_DESTROYED][Red][]
[wall=1789995811][simulation=0.100][BOT_FSM][STATE][BotHero][normal_decision]
[wall=1789995811][simulation=0.780][COMBAT][PROJECTILE_SPAWN][Red][kind=Ultimate]
[wall=1789995811][simulation=1.300][COMBAT][MINION_DEATH][Blue][attacker=Red]
[wall=1789995811][simulation=1.690][COMBAT][PROJECTILE_SPAWN][Red][kind=Basic]
[wall=1789995811][simulation=2.400][BOT_FSM][STATE][BotHero][normal_decision]
[wall=1789995811][simulation=2.690][COMBAT][PROJECTILE_SPAWN][Red][kind=Basic]
[wall=1789995811][simulation=3.690][COMBAT][PROJECTILE_SPAWN][Red][kind=Basic]
[wall=1789995811][simulation=4.690][COMBAT][PROJECTILE_SPAWN][Red][kind=Basic]
[wall=1789995811][simulation=5.690][COMBAT][PROJECTILE_SPAWN][Red][kind=Basic]
[wall=1789995811][simulation=6.690][COMBAT][PROJECTILE_SPAWN][Red][kind=Basic]
[wall=1789995811][simulation=7.690][COMBAT][PROJECTILE_SPAWN][Red][kind=Basic]
[wall=1789995811][simulation=8.690][COMBAT][PROJECTILE_SPAWN][Red][kind=Basic]
[wall=1789995811][simulation=9.690][COMBAT][PROJECTILE_SPAWN][Red][kind=Basic]
[wall=1789995811][simulation=10.690][COMBAT][PROJECTILE_SPAWN][Red][kind=Basic]
[wall=1789995811][simulation=10.780][COMBAT][PROJECTILE_SPAWN][Red][kind=Ultimate]
[wall=1789995811][simulation=11.690][COMBAT][PROJECTILE_SPAWN][Red][kind=Basic]
[wall=1789995811][simulation=12.000][MATCH][MINION_WAVE][GameWorld][count_per_team=3]
[wall=1789995811][simulation=0.000][MATCH][MINION_WAVE][GameWorld][count_per_team=3]
[wall=1789995811][simulation=0.000][MATCH][START][GameWorld][seed=0xE4511E]
[wall=1789995811][simulation=0.000][MATCH][MINION_WAVE][GameWorld][count_per_team=3]
[wall=1789995811][simulation=0.000][MATCH][START][GameWorld][seed=0xE4511E]
[wall=1789995811][simulation=0.000][COMBAT][MINION_DEATH][Red][attacker=Blue]
[wall=1789995811][simulation=0.000][COMBAT][MINION_DEATH][Red][attacker=Blue]
[wall=1789995811][simulation=0.000][COMBAT][MINION_DEATH][Red][attacker=Blue]
[wall=1789995811][simulation=0.000][COMBAT][MINION_DEATH][Red][attacker=Blue]
[wall=1789995811][simulation=0.000][COMBAT][MINION_DEATH][Red][attacker=Blue]
[wall=1789995811][simulation=0.000][COMBAT][MINION_DEATH][Red][attacker=Blue]
[wall=1789995811][simulation=0.000][COMBAT][MINION_DEATH][Red][attacker=Blue]
[wall=1789995811][simulation=0.000][COMBAT][MINION_DEATH][Red][attacker=Blue]
[wall=1789995811][simulation=0.000][COMBAT][MINION_DEATH][Red][attacker=Blue]
[wall=1789995811][simulation=0.000][COMBAT][MINION_DEATH][Red][attacker=Blue]
[wall=1789995811][simulation=0.000][COMBAT][MINION_DEATH][Red][attacker=Blue]
[wall=1789995811][simulation=0.000][COMBAT][MINION_DEATH][Red][attacker=Blue]
[wall=1789995811][simulation=0.000][COMBAT][MINION_DEATH][Red][attacker=Blue]
[wall=1789995811][simulation=0.000][COMBAT][MINION_DEATH][Red][attacker=Blue]
[wall=1789995811][simulation=0.000][COMBAT][MINION_DEATH][Red][attacker=Blue]
[wall=1789995811][simulation=0.000][COMBAT][MINION_DEATH][Red][attacker=Blue]
[wall=1789995811][simulation=0.000][COMBAT][MINION_DEATH][Red][attacker=Blue]
[wall=1789995811][simulation=0.000][COMBAT][MINION_DEATH][Red][attacker=Blue]
[wall=1789995811][simulation=0.000][COMBAT][MINION_DEATH][Red][attacker=Blue]
[wall=1789995811][simulation=0.000][COMBAT][MINION_DEATH][Red][attacker=Blue]
[wall=1789995811][simulation=0.000][COMBAT][MINION_DEATH][Red][attacker=Blue]
[wall=1789995811][simulation=0.000][COMBAT][MINION_DEATH][Red][attacker=Blue]
[wall=1789995811][simulation=0.000][COMBAT][MINION_DEATH][Red][attacker=Blue]
[wall=1789995811][simulation=0.000][COMBAT][MINION_DEATH][Red][attacker=Blue]
[wall=1789995811][simulation=0.000][COMBAT][MINION_DEATH][Red][attacker=Blue]
[wall=1789995811][simulation=0.000][COMBAT][MINION_DEATH][Red][attacker=Blue]
[wall=1789995811][simulation=0.000][COMBAT][MINION_DEATH][Red][attacker=Blue]
[wall=1789995811][simulation=0.000][COMBAT][MINION_DEATH][Red][attacker=Blue]
[wall=1789995811][simulation=0.000][COMBAT][MINION_DEATH][Red][attacker=Blue]
[wall=1789995811][simulation=0.000][COMBAT][MINION_DEATH][Red][attacker=Blue]
[wall=1789995811][simulation=0.000][COMBAT][MINION_DEATH][Red][attacker=Blue]
[wall=1789995811][simulation=0.000][COMBAT][MINION_DEATH][Red][attacker=Blue]
[wall=1789995811][simulation=0.000][COMBAT][MINION_DEATH][Red][attacker=Blue]
[wall=1789995811][simulation=0.000][COMBAT][MINION_DEATH][Red][attacker=Blue]
[wall=1789995811][simulation=0.000][COMBAT][MINION_DEATH][Red][attacker=Blue]
[wall=1789995811][simulation=0.000][COMBAT][MINION_DEATH][Red][attacker=Blue]
[wall=1789995811][simulation=0.000][COMBAT][MINION_DEATH][Red][attacker=Blue]
[wall=1789995811][simulation=0.000][COMBAT][MINION_DEATH][Red][attacker=Blue]
[wall=1789995811][simulation=0.000][COMBAT][MINION_DEATH][Red][attacker=Blue]
[wall=1789995811][simulation=0.000][COMBAT][MINION_DEATH][Red][attacker=Blue]
[wall=1789995811][simulation=0.000][COMBAT][MINION_DEATH][Red][attacker=Blue]
[wall=1789995811][simulation=0.000][COMBAT][MINION_DEATH][Red][attacker=Blue]
[wall=1789995811][simulation=0.000][COMBAT][MINION_DEATH][Red][attacker=Blue]
[wall=1789995811][simulation=0.000][COMBAT][MINION_DEATH][Red][attacker=Blue]
[wall=1789995811][simulation=0.000][COMBAT][MINION_DEATH][Red][attacker=Blue]
[wall=1789995811][simulation=0.000][COMBAT][MINION_DEATH][Red][attacker=Blue]
[wall=1789995811][simulation=0.000][COMBAT][MINION_DEATH][Red][attacker=Blue]
[wall=1789995811][simulation=0.000][COMBAT][MINION_DEATH][Red][attacker=Blue]
[wall=1789995811][simulation=0.000][COMBAT][MINION_DEATH][Red][attacker=Blue]
[wall=1789995811][simulation=0.000][COMBAT][MINION_DEATH][Red][attacker=Blue]
[wall=1789995811][simulation=0.000][MATCH][MINION_WAVE][GameWorld][count_per_team=3]
[wall=1789995811][simulation=0.000][MATCH][START][GameWorld][seed=0xE4511E]
[wall=1789995811][simulation=0.010][COMBAT][PROJECTILE_SPAWN][Blue][kind=Basic]
[wall=1789995811][simulation=0.010][MATCH][PAUSE][GameWorld][]
[wall=1789995811][simulation=0.010][MATCH][RESUME][GameWorld][]
[wall=1789995811][simulation=0.010][MATCH][BASE_DESTROYED][Red][]
[wall=1789995811][simulation=0.020][MATCH][END][GameWorld][Victory]
[wall=1789995811][simulation=0.000][MATCH][MINION_WAVE][GameWorld][count_per_team=3]
[wall=1789995811][simulation=0.000][MATCH][START][GameWorld][seed=0xE4511E]
[wall=1789995811][simulation=0.010][COMBAT][PROJECTILE_SPAWN][Blue][kind=Basic]
[wall=1789995811][simulation=0.000][MATCH][MINION_WAVE][GameWorld][count_per_team=3]
[wall=1789995811][simulation=0.000][MATCH][START][GameWorld][seed=0xE4511E]
[wall=1789995811][simulation=0.010][COMBAT][PROJECTILE_SPAWN][Blue][kind=Basic]
[wall=1789995811][simulation=0.010][COMBAT][PROJECTILE_SPAWN][Blue][kind=Ultimate]
[wall=1789995811][simulation=0.010][COMBAT][PROJECTILE_SPAWN][Red][kind=Ultimate]
[wall=1789995811][simulation=0.020][COMBAT][PROJECTILE_SPAWN][Blue][kind=Basic]
[wall=1789995811][simulation=0.000][MATCH][MINION_WAVE][GameWorld][count_per_team=3]
[wall=1789995811][simulation=0.000][MATCH][START][GameWorld][seed=0xE4511E]
[wall=1789995811][simulation=0.000][COMBAT][HERO_DEATH][PlayerHero][attacker=Red]
[wall=1789995811][simulation=0.010][BOT_FSM][STATE][BotHero][Dead]
[wall=1789995811][simulation=5.000][COMBAT][HERO_RESPAWN][PlayerHero][]
[wall=1789995811][simulation=5.000][COMBAT][HERO_RESPAWN][BotHero][]
[wall=1789995811][simulation=5.000][BOT_FSM][RESPAWN_RESET][BotHero][fsm_state_cleared]
[wall=1789995811][simulation=0.000][MATCH][MINION_WAVE][GameWorld][count_per_team=3]
[wall=1789995811][simulation=0.000][MATCH][START][GameWorld][seed=0xE4511E]
[wall=1789995811][simulation=0.000][MATCH][BASE_DESTROYED][Blue][]
[wall=1789995811][simulation=0.010][MATCH][BASE_DESTROYED][Red][]
[wall=1789995811][simulation=0.010][MATCH][END][GameWorld][Draw]
[wall=1789995811][simulation=0.000][MATCH][MINION_WAVE][GameWorld][count_per_team=3]
[wall=1789995811][simulation=0.000][MATCH][START][GameWorld][seed=0xE4511E]
[wall=1789995811][simulation=0.000][MATCH][BASE_DESTROYED][Blue][]
[wall=1789995811][simulation=0.011][MATCH][BASE_DESTROYED][Red][]
[wall=1789995811][simulation=0.011][MATCH][END][GameWorld][Defeat]
[wall=1789995811][simulation=0.000][MATCH][MINION_WAVE][GameWorld][count_per_team=3]
[wall=1789995811][simulation=0.000][MATCH][START][GameWorld][seed=0xE4511E]
[wall=1789995811][simulation=0.000][MATCH][MINION_WAVE][GameWorld][count_per_team=3]
[wall=1789995811][simulation=0.000][MATCH][START][GameWorld][seed=0xE4511E]
[wall=1789995811][simulation=0.020][BOT_FSM][ADVANCE_TO_RETREAT][BotHero][hp_ratio<=30%;tower_to_base_defensive_point]
[wall=1789995811][simulation=0.040][BOT_FSM][RETREAT_TO_RECOVER][BotHero][defensive_point_reached]
[wall=1789995811][simulation=0.640][BOT_FSM][RECOVER_TARGET_LOST][BotHero][return_to_defensive_point]
[wall=1789995811][simulation=0.650][BOT_FSM][RETREAT_TO_RECOVER][BotHero][defensive_point_reached]
[wall=1789995811][simulation=0.660][BOT_FSM][RECOVER_TO_ADVANCE][BotHero][hp_ratio>=55%]
[wall=1789995811][simulation=0.670][BOT_FSM][STATE][BotHero][Dead]
[wall=1789995811][simulation=0.670][MATCH][BASE_DESTROYED][Red][]
[wall=1789995811][simulation=0.680][MATCH][END][GameWorld][Victory]
[wall=1789995811][simulation=0.000][MATCH][MINION_WAVE][GameWorld][count_per_team=3]
[wall=1789995811][simulation=0.000][MATCH][START][GameWorld][seed=0xE4511E]
[wall=1789995811][simulation=0.000][MATCH][MINION_WAVE][GameWorld][count_per_team=3]
[wall=1789995811][simulation=0.000][MATCH][START][GameWorld][seed=0xE4511E]
[wall=1789995811][simulation=0.010][COMBAT][PROJECTILE_SPAWN][Blue][kind=Basic]
[wall=1789995811][simulation=0.010][BOT_FSM][STATE][BotHero][Dead]
[wall=1789995811][simulation=0.120][MATCH][BASE_DESTROYED][Red][]
[wall=1789995811][simulation=0.130][MATCH][END][GameWorld][Victory]
[wall=1789995811][simulation=0.000][MATCH][MINION_WAVE][GameWorld][count_per_team=3]
[wall=1789995811][simulation=0.000][MATCH][START][GameWorld][seed=0xE4511E]
[wall=1789995811][simulation=0.000][MATCH][MINION_WAVE][GameWorld][count_per_team=3]
[wall=1789995811][simulation=0.000][MATCH][START][GameWorld][seed=0xE4511E]
[wall=1789995811][simulation=0.010][COMBAT][PROJECTILE_SPAWN][Blue][kind=Basic]
[wall=1789995811][simulation=0.010][BOT_FSM][STATE][BotHero][Dead]
[wall=1789995811][simulation=0.120][MATCH][BASE_DESTROYED][Red][]
[wall=1789995811][simulation=0.130][MATCH][END][GameWorld][Victory]
[wall=1789995811][simulation=0.000][MATCH][MINION_WAVE][GameWorld][count_per_team=3]
[wall=1789995811][simulation=0.000][MATCH][START][GameWorld][seed=0xE4511E]
[wall=1789995811][simulation=0.000][MATCH][MINION_WAVE][GameWorld][count_per_team=3]
[wall=1789995811][simulation=0.000][MATCH][START][GameWorld][seed=0xE4511E]
[wall=1789995811][simulation=0.010][COMBAT][PROJECTILE_SPAWN][Blue][kind=Basic]
[wall=1789995811][simulation=0.010][BOT_FSM][STATE][BotHero][Dead]
[wall=1789995811][simulation=0.120][MATCH][BASE_DESTROYED][Red][]
[wall=1789995811][simulation=0.130][MATCH][END][GameWorld][Victory]
[wall=1789995811][simulation=0.000][MATCH][MINION_WAVE][GameWorld][count_per_team=3]
[wall=1789995811][simulation=0.000][MATCH][START][GameWorld][seed=0xE4511E]
[wall=1789995811][simulation=0.000][MATCH][MINION_WAVE][GameWorld][count_per_team=3]
[wall=1789995811][simulation=0.000][MATCH][START][GameWorld][seed=0xE4511E]
[wall=1789995811][simulation=0.010][COMBAT][PROJECTILE_SPAWN][Blue][kind=Basic]
[wall=1789995811][simulation=0.010][BOT_FSM][STATE][BotHero][Dead]
[wall=1789995811][simulation=0.120][MATCH][BASE_DESTROYED][Red][]
[wall=1789995811][simulation=0.130][MATCH][END][GameWorld][Victory]
[wall=1789995811][simulation=0.000][MATCH][MINION_WAVE][GameWorld][count_per_team=3]
[wall=1789995811][simulation=0.000][MATCH][START][GameWorld][seed=0xE4511E]
[wall=1789995811][simulation=0.000][MATCH][MINION_WAVE][GameWorld][count_per_team=3]
[wall=1789995811][simulation=0.000][MATCH][START][GameWorld][seed=0xE4511E]
[wall=1789995811][simulation=0.010][COMBAT][PROJECTILE_SPAWN][Blue][kind=Basic]
[wall=1789995811][simulation=0.010][BOT_FSM][STATE][BotHero][Dead]
[wall=1789995811][simulation=0.120][MATCH][BASE_DESTROYED][Red][]
[wall=1789995811][simulation=0.130][MATCH][END][GameWorld][Victory]
[wall=1789995811][simulation=0.000][MATCH][MINION_WAVE][GameWorld][count_per_team=3]
[wall=1789995811][simulation=0.000][MATCH][START][GameWorld][seed=0xE4511E]
[wall=1789995811][simulation=0.000][MATCH][MINION_WAVE][GameWorld][count_per_team=3]
[wall=1789995811][simulation=0.000][MATCH][START][GameWorld][seed=0xE4511E]
[wall=1789995811][simulation=0.010][COMBAT][PROJECTILE_SPAWN][Blue][kind=Basic]
[wall=1789995811][simulation=0.010][BOT_FSM][STATE][BotHero][Dead]
[wall=1789995811][simulation=0.120][MATCH][BASE_DESTROYED][Red][]
[wall=1789995811][simulation=0.130][MATCH][END][GameWorld][Victory]
[wall=1789995811][simulation=0.000][MATCH][MINION_WAVE][GameWorld][count_per_team=3]
[wall=1789995811][simulation=0.000][MATCH][START][GameWorld][seed=0xE4511E]
[wall=1789995811][simulation=0.000][MATCH][MINION_WAVE][GameWorld][count_per_team=3]
[wall=1789995811][simulation=0.000][MATCH][START][GameWorld][seed=0xE4511E]
[wall=1789995811][simulation=0.010][COMBAT][PROJECTILE_SPAWN][Blue][kind=Basic]
[wall=1789995811][simulation=0.010][BOT_FSM][STATE][BotHero][Dead]
[wall=1789995811][simulation=0.120][MATCH][BASE_DESTROYED][Red][]
[wall=1789995811][simulation=0.130][MATCH][END][GameWorld][Victory]
[wall=1789995811][simulation=0.000][MATCH][MINION_WAVE][GameWorld][count_per_team=3]
[wall=1789995811][simulation=0.000][MATCH][START][GameWorld][seed=0xE4511E]
[wall=1789995811][simulation=0.000][MATCH][MINION_WAVE][GameWorld][count_per_team=3]
[wall=1789995811][simulation=0.000][MATCH][START][GameWorld][seed=0xE4511E]
[wall=1789995811][simulation=0.010][COMBAT][PROJECTILE_SPAWN][Blue][kind=Basic]
[wall=1789995811][simulation=0.010][BOT_FSM][STATE][BotHero][Dead]
[wall=1789995811][simulation=0.120][MATCH][BASE_DESTROYED][Red][]
[wall=1789995811][simulation=0.130][MATCH][END][GameWorld][Victory]
[wall=1789995811][simulation=0.000][MATCH][MINION_WAVE][GameWorld][count_per_team=3]
[wall=1789995811][simulation=0.000][MATCH][START][GameWorld][seed=0xE4511E]
[wall=1789995811][simulation=0.000][MATCH][MINION_WAVE][GameWorld][count_per_team=3]
[wall=1789995811][simulation=0.000][MATCH][START][GameWorld][seed=0xE4511E]
[wall=1789995811][simulation=0.010][COMBAT][PROJECTILE_SPAWN][Blue][kind=Basic]
[wall=1789995811][simulation=0.010][BOT_FSM][STATE][BotHero][Dead]
[wall=1789995811][simulation=0.120][MATCH][BASE_DESTROYED][Red][]
[wall=1789995811][simulation=0.130][MATCH][END][GameWorld][Victory]
[wall=1789995811][simulation=0.000][MATCH][MINION_WAVE][GameWorld][count_per_team=3]
[wall=1789995811][simulation=0.000][MATCH][START][GameWorld][seed=0xE4511E]
[wall=1789995811][simulation=0.000][MATCH][MINION_WAVE][GameWorld][count_per_team=3]
[wall=1789995811][simulation=0.000][MATCH][START][GameWorld][seed=0xE4511E]
[wall=1789995811][simulation=0.010][COMBAT][PROJECTILE_SPAWN][Blue][kind=Basic]
[wall=1789995811][simulation=0.010][BOT_FSM][STATE][BotHero][Dead]
[wall=1789995811][simulation=0.120][MATCH][BASE_DESTROYED][Red][]
[wall=1789995811][simulation=0.130][MATCH][END][GameWorld][Victory]
[wall=1789995811][simulation=0.000][MATCH][MINION_WAVE][GameWorld][count_per_team=3]
[wall=1789995811][simulation=0.000][MATCH][START][GameWorld][seed=0xE4511E]
[wall=1789995811][simulation=0.000][MATCH][MINION_WAVE][GameWorld][count_per_team=3]
[wall=1789995811][simulation=0.000][MATCH][START][GameWorld][seed=0xE4511E]
[wall=1789995811][simulation=0.100][BOT_FSM][STATE][BotHero][normal_decision]
[wall=1789995811][simulation=0.120][COMBAT][PROJECTILE_SPAWN][Blue][kind=Basic]
[wall=1789995811][simulation=0.120][COMBAT][PROJECTILE_SPAWN][Blue][kind=Ultimate]
[wall=1789995811][simulation=0.120][COMBAT][PROJECTILE_SPAWN][Red][kind=Basic]
[wall=1789995811][simulation=0.120][COMBAT][PROJECTILE_SPAWN][Red][kind=Ultimate]
[wall=1789995811][simulation=0.150][BOT_FSM][ADVANCE_TO_RETREAT][BotHero][hp_ratio<=30%;tower_to_base_defensive_point]
[wall=1789995811][simulation=0.180][COMBAT][HERO_DEATH][BotHero][attacker=Blue]
[wall=1789995811][simulation=0.190][BOT_FSM][STATE][BotHero][Dead]
[wall=1789995811][simulation=5.180][COMBAT][HERO_RESPAWN][BotHero][]
[wall=1789995811][simulation=5.180][BOT_FSM][RESPAWN_RESET][BotHero][fsm_state_cleared]
[wall=1789995811][simulation=5.190][MATCH][TOWER_DESTROYED][Red][]
[wall=1789995811][simulation=5.200][COMBAT][PROJECTILE_SPAWN][Blue][kind=Basic]
[wall=1789995811][simulation=5.200][BOT_FSM][STATE][BotHero][Dead]
[wall=1789995811][simulation=5.310][MATCH][BASE_DESTROYED][Red][]
[wall=1789995811][simulation=5.320][MATCH][END][GameWorld][Victory]
[wall=1789995811][simulation=0.000][MATCH][MINION_WAVE][GameWorld][count_per_team=3]
[wall=1789995811][simulation=0.000][MATCH][START][GameWorld][seed=0xE4511E]
[wall=1789995943][simulation=0.000][MATCH][MINION_WAVE][GameWorld][count_per_team=3]
[wall=1789995943][simulation=0.000][MATCH][START][GameWorld][seed=0xE4511E]
[wall=1789995943][simulation=0.000][MATCH][MINION_WAVE][GameWorld][count_per_team=3]
[wall=1789995943][simulation=0.000][MATCH][START][GameWorld][seed=0xE4511E]
[wall=1789995943][simulation=0.010][COMBAT][PROJECTILE_SPAWN][Blue][kind=Basic]
[wall=1789995943][simulation=0.010][COMBAT][PROJECTILE_SPAWN][Blue][kind=Ultimate]
[wall=1789995943][simulation=0.000][MATCH][MINION_WAVE][GameWorld][count_per_team=3]
[wall=1789995943][simulation=0.000][MATCH][START][GameWorld][seed=0xE4511E]
[wall=1789995943][simulation=0.100][BOT_FSM][STATE][BotHero][normal_decision]
[wall=1789995943][simulation=0.100][COMBAT][PROJECTILE_SPAWN][Red][kind=Basic]
[wall=1789995943][simulation=0.100][COMBAT][PROJECTILE_SPAWN][Red][kind=Ultimate]
[wall=1789995943][simulation=0.200][BOT_FSM][ADVANCE_TO_RETREAT][BotHero][hp_ratio<=30%;tower_to_base_defensive_point]
[wall=1789995943][simulation=0.300][BOT_FSM][RESPAWN_RESET][BotHero][fsm_state_cleared]
[wall=1789995943][simulation=0.400][BOT_FSM][STATE][BotHero][normal_decision]
[wall=1789995943][simulation=0.500][BOT_FSM][STATE][BotHero][Dead]
[wall=1789995943][simulation=0.510][BOT_FSM][RESPAWN_RESET][BotHero][fsm_state_cleared]
[wall=1789995943][simulation=0.000][MATCH][MINION_WAVE][GameWorld][count_per_team=3]
[wall=1789995943][simulation=0.000][MATCH][START][GameWorld][seed=0xE4511E]
[wall=1789995943][simulation=0.000][MATCH][TOWER_DESTROYED][Red][]
[wall=1789995943][simulation=0.100][BOT_FSM][STATE][BotHero][normal_decision]
[wall=1789995943][simulation=0.780][COMBAT][PROJECTILE_SPAWN][Red][kind=Ultimate]
[wall=1789995943][simulation=1.300][COMBAT][MINION_DEATH][Blue][attacker=Red]
[wall=1789995943][simulation=1.690][COMBAT][PROJECTILE_SPAWN][Red][kind=Basic]
[wall=1789995943][simulation=2.400][BOT_FSM][STATE][BotHero][normal_decision]
[wall=1789995943][simulation=2.690][COMBAT][PROJECTILE_SPAWN][Red][kind=Basic]
[wall=1789995943][simulation=3.690][COMBAT][PROJECTILE_SPAWN][Red][kind=Basic]
[wall=1789995943][simulation=4.690][COMBAT][PROJECTILE_SPAWN][Red][kind=Basic]
[wall=1789995943][simulation=5.690][COMBAT][PROJECTILE_SPAWN][Red][kind=Basic]
[wall=1789995943][simulation=6.690][COMBAT][PROJECTILE_SPAWN][Red][kind=Basic]
[wall=1789995943][simulation=7.690][COMBAT][PROJECTILE_SPAWN][Red][kind=Basic]
[wall=1789995943][simulation=8.690][COMBAT][PROJECTILE_SPAWN][Red][kind=Basic]
[wall=1789995943][simulation=9.690][COMBAT][PROJECTILE_SPAWN][Red][kind=Basic]
[wall=1789995943][simulation=10.690][COMBAT][PROJECTILE_SPAWN][Red][kind=Basic]
[wall=1789995943][simulation=10.780][COMBAT][PROJECTILE_SPAWN][Red][kind=Ultimate]
[wall=1789995943][simulation=11.690][COMBAT][PROJECTILE_SPAWN][Red][kind=Basic]
[wall=1789995943][simulation=12.000][MATCH][MINION_WAVE][GameWorld][count_per_team=3]
[wall=1789995943][simulation=0.000][MATCH][MINION_WAVE][GameWorld][count_per_team=3]
[wall=1789995943][simulation=0.000][MATCH][START][GameWorld][seed=0xE4511E]
[wall=1789995943][simulation=0.000][MATCH][MINION_WAVE][GameWorld][count_per_team=3]
[wall=1789995943][simulation=0.000][MATCH][START][GameWorld][seed=0xE4511E]
[wall=1789995943][simulation=0.000][COMBAT][MINION_DEATH][Red][attacker=Blue]
[wall=1789995943][simulation=0.000][COMBAT][MINION_DEATH][Red][attacker=Blue]
[wall=1789995943][simulation=0.000][COMBAT][MINION_DEATH][Red][attacker=Blue]
[wall=1789995943][simulation=0.000][COMBAT][MINION_DEATH][Red][attacker=Blue]
[wall=1789995943][simulation=0.000][COMBAT][MINION_DEATH][Red][attacker=Blue]
[wall=1789995943][simulation=0.000][COMBAT][MINION_DEATH][Red][attacker=Blue]
[wall=1789995943][simulation=0.000][COMBAT][MINION_DEATH][Red][attacker=Blue]
[wall=1789995943][simulation=0.000][COMBAT][MINION_DEATH][Red][attacker=Blue]
[wall=1789995943][simulation=0.000][COMBAT][MINION_DEATH][Red][attacker=Blue]
[wall=1789995943][simulation=0.000][COMBAT][MINION_DEATH][Red][attacker=Blue]
[wall=1789995943][simulation=0.000][COMBAT][MINION_DEATH][Red][attacker=Blue]
[wall=1789995943][simulation=0.000][COMBAT][MINION_DEATH][Red][attacker=Blue]
[wall=1789995943][simulation=0.000][COMBAT][MINION_DEATH][Red][attacker=Blue]
[wall=1789995943][simulation=0.000][COMBAT][MINION_DEATH][Red][attacker=Blue]
[wall=1789995943][simulation=0.000][COMBAT][MINION_DEATH][Red][attacker=Blue]
[wall=1789995943][simulation=0.000][COMBAT][MINION_DEATH][Red][attacker=Blue]
[wall=1789995943][simulation=0.000][COMBAT][MINION_DEATH][Red][attacker=Blue]
[wall=1789995943][simulation=0.000][COMBAT][MINION_DEATH][Red][attacker=Blue]
[wall=1789995943][simulation=0.000][COMBAT][MINION_DEATH][Red][attacker=Blue]
[wall=1789995943][simulation=0.000][COMBAT][MINION_DEATH][Red][attacker=Blue]
[wall=1789995943][simulation=0.000][COMBAT][MINION_DEATH][Red][attacker=Blue]
[wall=1789995943][simulation=0.000][COMBAT][MINION_DEATH][Red][attacker=Blue]
[wall=1789995943][simulation=0.000][COMBAT][MINION_DEATH][Red][attacker=Blue]
[wall=1789995943][simulation=0.000][COMBAT][MINION_DEATH][Red][attacker=Blue]
[wall=1789995943][simulation=0.000][COMBAT][MINION_DEATH][Red][attacker=Blue]
[wall=1789995943][simulation=0.000][COMBAT][MINION_DEATH][Red][attacker=Blue]
[wall=1789995943][simulation=0.000][COMBAT][MINION_DEATH][Red][attacker=Blue]
[wall=1789995943][simulation=0.000][COMBAT][MINION_DEATH][Red][attacker=Blue]
[wall=1789995943][simulation=0.000][COMBAT][MINION_DEATH][Red][attacker=Blue]
[wall=1789995943][simulation=0.000][COMBAT][MINION_DEATH][Red][attacker=Blue]
[wall=1789995943][simulation=0.000][COMBAT][MINION_DEATH][Red][attacker=Blue]
[wall=1789995943][simulation=0.000][COMBAT][MINION_DEATH][Red][attacker=Blue]
[wall=1789995943][simulation=0.000][COMBAT][MINION_DEATH][Red][attacker=Blue]
[wall=1789995943][simulation=0.000][COMBAT][MINION_DEATH][Red][attacker=Blue]
[wall=1789995943][simulation=0.000][COMBAT][MINION_DEATH][Red][attacker=Blue]
[wall=1789995943][simulation=0.000][COMBAT][MINION_DEATH][Red][attacker=Blue]
[wall=1789995943][simulation=0.000][COMBAT][MINION_DEATH][Red][attacker=Blue]
[wall=1789995943][simulation=0.000][COMBAT][MINION_DEATH][Red][attacker=Blue]
[wall=1789995943][simulation=0.000][COMBAT][MINION_DEATH][Red][attacker=Blue]
[wall=1789995943][simulation=0.000][COMBAT][MINION_DEATH][Red][attacker=Blue]
[wall=1789995943][simulation=0.000][COMBAT][MINION_DEATH][Red][attacker=Blue]
[wall=1789995943][simulation=0.000][COMBAT][MINION_DEATH][Red][attacker=Blue]
[wall=1789995943][simulation=0.000][COMBAT][MINION_DEATH][Red][attacker=Blue]
[wall=1789995943][simulation=0.000][COMBAT][MINION_DEATH][Red][attacker=Blue]
[wall=1789995943][simulation=0.000][COMBAT][MINION_DEATH][Red][attacker=Blue]
[wall=1789995943][simulation=0.000][COMBAT][MINION_DEATH][Red][attacker=Blue]
[wall=1789995943][simulation=0.000][COMBAT][MINION_DEATH][Red][attacker=Blue]
[wall=1789995943][simulation=0.000][COMBAT][MINION_DEATH][Red][attacker=Blue]
[wall=1789995943][simulation=0.000][COMBAT][MINION_DEATH][Red][attacker=Blue]
[wall=1789995943][simulation=0.000][COMBAT][MINION_DEATH][Red][attacker=Blue]
[wall=1789995943][simulation=0.000][MATCH][MINION_WAVE][GameWorld][count_per_team=3]
[wall=1789995943][simulation=0.000][MATCH][START][GameWorld][seed=0xE4511E]
[wall=1789995943][simulation=0.010][COMBAT][PROJECTILE_SPAWN][Blue][kind=Basic]
[wall=1789995943][simulation=0.010][MATCH][PAUSE][GameWorld][]
[wall=1789995943][simulation=0.010][MATCH][RESUME][GameWorld][]
[wall=1789995943][simulation=0.010][MATCH][BASE_DESTROYED][Red][]
[wall=1789995943][simulation=0.020][MATCH][END][GameWorld][Victory]
[wall=1789995943][simulation=0.000][MATCH][MINION_WAVE][GameWorld][count_per_team=3]
[wall=1789995943][simulation=0.000][MATCH][START][GameWorld][seed=0xE4511E]
[wall=1789995943][simulation=0.010][COMBAT][PROJECTILE_SPAWN][Blue][kind=Basic]
[wall=1789995943][simulation=0.000][MATCH][MINION_WAVE][GameWorld][count_per_team=3]
[wall=1789995943][simulation=0.000][MATCH][START][GameWorld][seed=0xE4511E]
[wall=1789995943][simulation=0.010][COMBAT][PROJECTILE_SPAWN][Blue][kind=Basic]
[wall=1789995943][simulation=0.010][COMBAT][PROJECTILE_SPAWN][Blue][kind=Ultimate]
[wall=1789995943][simulation=0.010][COMBAT][PROJECTILE_SPAWN][Red][kind=Ultimate]
[wall=1789995943][simulation=0.020][COMBAT][PROJECTILE_SPAWN][Blue][kind=Basic]
[wall=1789995943][simulation=0.000][MATCH][MINION_WAVE][GameWorld][count_per_team=3]
[wall=1789995943][simulation=0.000][MATCH][START][GameWorld][seed=0xE4511E]
[wall=1789995943][simulation=0.000][COMBAT][HERO_DEATH][PlayerHero][attacker=Red]
[wall=1789995943][simulation=0.010][BOT_FSM][STATE][BotHero][Dead]
[wall=1789995943][simulation=5.000][COMBAT][HERO_RESPAWN][PlayerHero][]
[wall=1789995943][simulation=5.000][COMBAT][HERO_RESPAWN][BotHero][]
[wall=1789995943][simulation=5.000][BOT_FSM][RESPAWN_RESET][BotHero][fsm_state_cleared]
[wall=1789995943][simulation=0.000][MATCH][MINION_WAVE][GameWorld][count_per_team=3]
[wall=1789995943][simulation=0.000][MATCH][START][GameWorld][seed=0xE4511E]
[wall=1789995943][simulation=0.000][MATCH][BASE_DESTROYED][Blue][]
[wall=1789995943][simulation=0.010][MATCH][BASE_DESTROYED][Red][]
[wall=1789995943][simulation=0.010][MATCH][END][GameWorld][Draw]
[wall=1789995943][simulation=0.000][MATCH][MINION_WAVE][GameWorld][count_per_team=3]
[wall=1789995943][simulation=0.000][MATCH][START][GameWorld][seed=0xE4511E]
[wall=1789995943][simulation=0.000][MATCH][BASE_DESTROYED][Blue][]
[wall=1789995943][simulation=0.011][MATCH][BASE_DESTROYED][Red][]
[wall=1789995943][simulation=0.011][MATCH][END][GameWorld][Defeat]
[wall=1789995943][simulation=0.000][MATCH][MINION_WAVE][GameWorld][count_per_team=3]
[wall=1789995943][simulation=0.000][MATCH][START][GameWorld][seed=0xE4511E]
[wall=1789995943][simulation=0.000][MATCH][MINION_WAVE][GameWorld][count_per_team=3]
[wall=1789995943][simulation=0.000][MATCH][START][GameWorld][seed=0xE4511E]
[wall=1789995943][simulation=0.020][BOT_FSM][ADVANCE_TO_RETREAT][BotHero][hp_ratio<=30%;tower_to_base_defensive_point]
[wall=1789995943][simulation=0.040][BOT_FSM][RETREAT_TO_RECOVER][BotHero][defensive_point_reached]
[wall=1789995943][simulation=0.640][BOT_FSM][RECOVER_TARGET_LOST][BotHero][return_to_defensive_point]
[wall=1789995943][simulation=0.650][BOT_FSM][RETREAT_TO_RECOVER][BotHero][defensive_point_reached]
[wall=1789995943][simulation=0.660][BOT_FSM][RECOVER_TO_ADVANCE][BotHero][hp_ratio>=55%]
[wall=1789995943][simulation=0.670][BOT_FSM][STATE][BotHero][Dead]
[wall=1789995943][simulation=0.670][MATCH][BASE_DESTROYED][Red][]
[wall=1789995943][simulation=0.680][MATCH][END][GameWorld][Victory]
[wall=1789995943][simulation=0.000][MATCH][MINION_WAVE][GameWorld][count_per_team=3]
[wall=1789995943][simulation=0.000][MATCH][START][GameWorld][seed=0xE4511E]
[wall=1789995943][simulation=0.000][MATCH][MINION_WAVE][GameWorld][count_per_team=3]
[wall=1789995943][simulation=0.000][MATCH][START][GameWorld][seed=0xE4511E]
[wall=1789995943][simulation=0.010][COMBAT][PROJECTILE_SPAWN][Blue][kind=Basic]
[wall=1789995943][simulation=0.010][BOT_FSM][STATE][BotHero][Dead]
[wall=1789995943][simulation=0.120][MATCH][BASE_DESTROYED][Red][]
[wall=1789995943][simulation=0.130][MATCH][END][GameWorld][Victory]
[wall=1789995943][simulation=0.000][MATCH][MINION_WAVE][GameWorld][count_per_team=3]
[wall=1789995943][simulation=0.000][MATCH][START][GameWorld][seed=0xE4511E]
[wall=1789995943][simulation=0.000][MATCH][MINION_WAVE][GameWorld][count_per_team=3]
[wall=1789995943][simulation=0.000][MATCH][START][GameWorld][seed=0xE4511E]
[wall=1789995943][simulation=0.010][COMBAT][PROJECTILE_SPAWN][Blue][kind=Basic]
[wall=1789995943][simulation=0.010][BOT_FSM][STATE][BotHero][Dead]
[wall=1789995943][simulation=0.120][MATCH][BASE_DESTROYED][Red][]
[wall=1789995943][simulation=0.130][MATCH][END][GameWorld][Victory]
[wall=1789995943][simulation=0.000][MATCH][MINION_WAVE][GameWorld][count_per_team=3]
[wall=1789995943][simulation=0.000][MATCH][START][GameWorld][seed=0xE4511E]
[wall=1789995943][simulation=0.000][MATCH][MINION_WAVE][GameWorld][count_per_team=3]
[wall=1789995943][simulation=0.000][MATCH][START][GameWorld][seed=0xE4511E]
[wall=1789995943][simulation=0.010][COMBAT][PROJECTILE_SPAWN][Blue][kind=Basic]
[wall=1789995943][simulation=0.010][BOT_FSM][STATE][BotHero][Dead]
[wall=1789995943][simulation=0.120][MATCH][BASE_DESTROYED][Red][]
[wall=1789995943][simulation=0.130][MATCH][END][GameWorld][Victory]
[wall=1789995943][simulation=0.000][MATCH][MINION_WAVE][GameWorld][count_per_team=3]
[wall=1789995943][simulation=0.000][MATCH][START][GameWorld][seed=0xE4511E]
[wall=1789995943][simulation=0.000][MATCH][MINION_WAVE][GameWorld][count_per_team=3]
[wall=1789995943][simulation=0.000][MATCH][START][GameWorld][seed=0xE4511E]
[wall=1789995943][simulation=0.010][COMBAT][PROJECTILE_SPAWN][Blue][kind=Basic]
[wall=1789995943][simulation=0.010][BOT_FSM][STATE][BotHero][Dead]
[wall=1789995943][simulation=0.120][MATCH][BASE_DESTROYED][Red][]
[wall=1789995943][simulation=0.130][MATCH][END][GameWorld][Victory]
[wall=1789995943][simulation=0.000][MATCH][MINION_WAVE][GameWorld][count_per_team=3]
[wall=1789995943][simulation=0.000][MATCH][START][GameWorld][seed=0xE4511E]
[wall=1789995943][simulation=0.000][MATCH][MINION_WAVE][GameWorld][count_per_team=3]
[wall=1789995943][simulation=0.000][MATCH][START][GameWorld][seed=0xE4511E]
[wall=1789995943][simulation=0.010][COMBAT][PROJECTILE_SPAWN][Blue][kind=Basic]
[wall=1789995943][simulation=0.010][BOT_FSM][STATE][BotHero][Dead]
[wall=1789995943][simulation=0.120][MATCH][BASE_DESTROYED][Red][]
[wall=1789995943][simulation=0.130][MATCH][END][GameWorld][Victory]
[wall=1789995943][simulation=0.000][MATCH][MINION_WAVE][GameWorld][count_per_team=3]
[wall=1789995943][simulation=0.000][MATCH][START][GameWorld][seed=0xE4511E]
[wall=1789995943][simulation=0.000][MATCH][MINION_WAVE][GameWorld][count_per_team=3]
[wall=1789995943][simulation=0.000][MATCH][START][GameWorld][seed=0xE4511E]
[wall=1789995943][simulation=0.010][COMBAT][PROJECTILE_SPAWN][Blue][kind=Basic]
[wall=1789995943][simulation=0.010][BOT_FSM][STATE][BotHero][Dead]
[wall=1789995943][simulation=0.120][MATCH][BASE_DESTROYED][Red][]
[wall=1789995943][simulation=0.130][MATCH][END][GameWorld][Victory]
[wall=1789995943][simulation=0.000][MATCH][MINION_WAVE][GameWorld][count_per_team=3]
[wall=1789995943][simulation=0.000][MATCH][START][GameWorld][seed=0xE4511E]
[wall=1789995943][simulation=0.000][MATCH][MINION_WAVE][GameWorld][count_per_team=3]
[wall=1789995943][simulation=0.000][MATCH][START][GameWorld][seed=0xE4511E]
[wall=1789995943][simulation=0.010][COMBAT][PROJECTILE_SPAWN][Blue][kind=Basic]
[wall=1789995943][simulation=0.010][BOT_FSM][STATE][BotHero][Dead]
[wall=1789995943][simulation=0.120][MATCH][BASE_DESTROYED][Red][]
[wall=1789995943][simulation=0.130][MATCH][END][GameWorld][Victory]
[wall=1789995943][simulation=0.000][MATCH][MINION_WAVE][GameWorld][count_per_team=3]
[wall=1789995943][simulation=0.000][MATCH][START][GameWorld][seed=0xE4511E]
[wall=1789995943][simulation=0.000][MATCH][MINION_WAVE][GameWorld][count_per_team=3]
[wall=1789995943][simulation=0.000][MATCH][START][GameWorld][seed=0xE4511E]
[wall=1789995943][simulation=0.010][COMBAT][PROJECTILE_SPAWN][Blue][kind=Basic]
[wall=1789995943][simulation=0.010][BOT_FSM][STATE][BotHero][Dead]
[wall=1789995943][simulation=0.120][MATCH][BASE_DESTROYED][Red][]
[wall=1789995943][simulation=0.130][MATCH][END][GameWorld][Victory]
[wall=1789995943][simulation=0.000][MATCH][MINION_WAVE][GameWorld][count_per_team=3]
[wall=1789995943][simulation=0.000][MATCH][START][GameWorld][seed=0xE4511E]
[wall=1789995943][simulation=0.000][MATCH][MINION_WAVE][GameWorld][count_per_team=3]
[wall=1789995943][simulation=0.000][MATCH][START][GameWorld][seed=0xE4511E]
[wall=1789995943][simulation=0.010][COMBAT][PROJECTILE_SPAWN][Blue][kind=Basic]
[wall=1789995943][simulation=0.010][BOT_FSM][STATE][BotHero][Dead]
[wall=1789995943][simulation=0.120][MATCH][BASE_DESTROYED][Red][]
[wall=1789995943][simulation=0.130][MATCH][END][GameWorld][Victory]
[wall=1789995943][simulation=0.000][MATCH][MINION_WAVE][GameWorld][count_per_team=3]
[wall=1789995943][simulation=0.000][MATCH][START][GameWorld][seed=0xE4511E]
[wall=1789995943][simulation=0.000][MATCH][MINION_WAVE][GameWorld][count_per_team=3]
[wall=1789995943][simulation=0.000][MATCH][START][GameWorld][seed=0xE4511E]
[wall=1789995943][simulation=0.010][COMBAT][PROJECTILE_SPAWN][Blue][kind=Basic]
[wall=1789995943][simulation=0.010][BOT_FSM][STATE][BotHero][Dead]
[wall=1789995943][simulation=0.120][MATCH][BASE_DESTROYED][Red][]
[wall=1789995943][simulation=0.130][MATCH][END][GameWorld][Victory]
[wall=1789995943][simulation=0.000][MATCH][MINION_WAVE][GameWorld][count_per_team=3]
[wall=1789995943][simulation=0.000][MATCH][START][GameWorld][seed=0xE4511E]
[wall=1789995943][simulation=0.000][MATCH][MINION_WAVE][GameWorld][count_per_team=3]
[wall=1789995943][simulation=0.000][MATCH][START][GameWorld][seed=0xE4511E]
[wall=1789995943][simulation=0.100][BOT_FSM][STATE][BotHero][normal_decision]
[wall=1789995943][simulation=0.120][COMBAT][PROJECTILE_SPAWN][Blue][kind=Basic]
[wall=1789995943][simulation=0.120][COMBAT][PROJECTILE_SPAWN][Blue][kind=Ultimate]
[wall=1789995943][simulation=0.120][COMBAT][PROJECTILE_SPAWN][Red][kind=Basic]
[wall=1789995943][simulation=0.120][COMBAT][PROJECTILE_SPAWN][Red][kind=Ultimate]
[wall=1789995943][simulation=0.150][BOT_FSM][ADVANCE_TO_RETREAT][BotHero][hp_ratio<=30%;tower_to_base_defensive_point]
[wall=1789995943][simulation=0.180][COMBAT][HERO_DEATH][BotHero][attacker=Blue]
[wall=1789995943][simulation=0.190][BOT_FSM][STATE][BotHero][Dead]
[wall=1789995943][simulation=5.180][COMBAT][HERO_RESPAWN][BotHero][]
[wall=1789995943][simulation=5.180][BOT_FSM][RESPAWN_RESET][BotHero][fsm_state_cleared]
[wall=1789995943][simulation=5.190][MATCH][TOWER_DESTROYED][Red][]
[wall=1789995943][simulation=5.200][COMBAT][PROJECTILE_SPAWN][Blue][kind=Basic]
[wall=1789995943][simulation=5.200][BOT_FSM][STATE][BotHero][Dead]
[wall=1789995943][simulation=5.310][MATCH][BASE_DESTROYED][Red][]
[wall=1789995943][simulation=5.320][MATCH][END][GameWorld][Victory]
[wall=1789995943][simulation=0.000][MATCH][MINION_WAVE][GameWorld][count_per_team=3]
[wall=1789995943][simulation=0.000][MATCH][START][GameWorld][seed=0xE4511E]
[wall=1789995991][simulation=0.000][MATCH][MINION_WAVE][GameWorld][count_per_team=3]
[wall=1789995991][simulation=0.000][MATCH][START][GameWorld][seed=0xE4511E]
[wall=1789995991][simulation=0.000][MATCH][MINION_WAVE][GameWorld][count_per_team=3]
[wall=1789995991][simulation=0.000][MATCH][START][GameWorld][seed=0xE4511E]
[wall=1789995991][simulation=0.010][COMBAT][PROJECTILE_SPAWN][Blue][kind=Basic]
[wall=1789995991][simulation=0.010][COMBAT][PROJECTILE_SPAWN][Blue][kind=Ultimate]
[wall=1789995991][simulation=0.000][MATCH][MINION_WAVE][GameWorld][count_per_team=3]
[wall=1789995991][simulation=0.000][MATCH][START][GameWorld][seed=0xE4511E]
[wall=1789995991][simulation=0.100][BOT_FSM][STATE][BotHero][normal_decision]
[wall=1789995991][simulation=0.100][COMBAT][PROJECTILE_SPAWN][Red][kind=Basic]
[wall=1789995991][simulation=0.100][COMBAT][PROJECTILE_SPAWN][Red][kind=Ultimate]
[wall=1789995991][simulation=0.200][BOT_FSM][ADVANCE_TO_RETREAT][BotHero][hp_ratio<=30%;tower_to_base_defensive_point]
[wall=1789995991][simulation=0.300][BOT_FSM][RESPAWN_RESET][BotHero][fsm_state_cleared]
[wall=1789995991][simulation=0.400][BOT_FSM][STATE][BotHero][normal_decision]
[wall=1789995991][simulation=0.500][BOT_FSM][STATE][BotHero][Dead]
[wall=1789995991][simulation=0.510][BOT_FSM][RESPAWN_RESET][BotHero][fsm_state_cleared]
[wall=1789995991][simulation=0.000][MATCH][MINION_WAVE][GameWorld][count_per_team=3]
[wall=1789995991][simulation=0.000][MATCH][START][GameWorld][seed=0xE4511E]
[wall=1789995991][simulation=0.000][MATCH][TOWER_DESTROYED][Red][]
[wall=1789995991][simulation=0.100][BOT_FSM][STATE][BotHero][normal_decision]
[wall=1789995991][simulation=0.780][COMBAT][PROJECTILE_SPAWN][Red][kind=Ultimate]
[wall=1789995991][simulation=1.300][COMBAT][MINION_DEATH][Blue][attacker=Red]
[wall=1789995991][simulation=1.690][COMBAT][PROJECTILE_SPAWN][Red][kind=Basic]
[wall=1789995991][simulation=2.400][BOT_FSM][STATE][BotHero][normal_decision]
[wall=1789995991][simulation=2.690][COMBAT][PROJECTILE_SPAWN][Red][kind=Basic]
[wall=1789995991][simulation=3.690][COMBAT][PROJECTILE_SPAWN][Red][kind=Basic]
[wall=1789995991][simulation=4.690][COMBAT][PROJECTILE_SPAWN][Red][kind=Basic]
[wall=1789995991][simulation=5.690][COMBAT][PROJECTILE_SPAWN][Red][kind=Basic]
[wall=1789995991][simulation=6.690][COMBAT][PROJECTILE_SPAWN][Red][kind=Basic]
[wall=1789995991][simulation=7.690][COMBAT][PROJECTILE_SPAWN][Red][kind=Basic]
[wall=1789995991][simulation=8.690][COMBAT][PROJECTILE_SPAWN][Red][kind=Basic]
[wall=1789995991][simulation=9.690][COMBAT][PROJECTILE_SPAWN][Red][kind=Basic]
[wall=1789995991][simulation=10.690][COMBAT][PROJECTILE_SPAWN][Red][kind=Basic]
[wall=1789995991][simulation=10.780][COMBAT][PROJECTILE_SPAWN][Red][kind=Ultimate]
[wall=1789995991][simulation=11.690][COMBAT][PROJECTILE_SPAWN][Red][kind=Basic]
[wall=1789995991][simulation=12.000][MATCH][MINION_WAVE][GameWorld][count_per_team=3]
[wall=1789995991][simulation=0.000][MATCH][MINION_WAVE][GameWorld][count_per_team=3]
[wall=1789995991][simulation=0.000][MATCH][START][GameWorld][seed=0xE4511E]
[wall=1789995991][simulation=0.000][MATCH][MINION_WAVE][GameWorld][count_per_team=3]
[wall=1789995991][simulation=0.000][MATCH][START][GameWorld][seed=0xE4511E]
[wall=1789995991][simulation=0.000][COMBAT][MINION_DEATH][Red][attacker=Blue]
[wall=1789995991][simulation=0.000][COMBAT][MINION_DEATH][Red][attacker=Blue]
[wall=1789995991][simulation=0.000][COMBAT][MINION_DEATH][Red][attacker=Blue]
[wall=1789995991][simulation=0.000][COMBAT][MINION_DEATH][Red][attacker=Blue]
[wall=1789995991][simulation=0.000][COMBAT][MINION_DEATH][Red][attacker=Blue]
[wall=1789995991][simulation=0.000][COMBAT][MINION_DEATH][Red][attacker=Blue]
[wall=1789995991][simulation=0.000][COMBAT][MINION_DEATH][Red][attacker=Blue]
[wall=1789995991][simulation=0.000][COMBAT][MINION_DEATH][Red][attacker=Blue]
[wall=1789995991][simulation=0.000][COMBAT][MINION_DEATH][Red][attacker=Blue]
[wall=1789995991][simulation=0.000][COMBAT][MINION_DEATH][Red][attacker=Blue]
[wall=1789995991][simulation=0.000][COMBAT][MINION_DEATH][Red][attacker=Blue]
[wall=1789995991][simulation=0.000][COMBAT][MINION_DEATH][Red][attacker=Blue]
[wall=1789995991][simulation=0.000][COMBAT][MINION_DEATH][Red][attacker=Blue]
[wall=1789995991][simulation=0.000][COMBAT][MINION_DEATH][Red][attacker=Blue]
[wall=1789995991][simulation=0.000][COMBAT][MINION_DEATH][Red][attacker=Blue]
[wall=1789995991][simulation=0.000][COMBAT][MINION_DEATH][Red][attacker=Blue]
[wall=1789995991][simulation=0.000][COMBAT][MINION_DEATH][Red][attacker=Blue]
[wall=1789995991][simulation=0.000][COMBAT][MINION_DEATH][Red][attacker=Blue]
[wall=1789995991][simulation=0.000][COMBAT][MINION_DEATH][Red][attacker=Blue]
[wall=1789995991][simulation=0.000][COMBAT][MINION_DEATH][Red][attacker=Blue]
[wall=1789995991][simulation=0.000][COMBAT][MINION_DEATH][Red][attacker=Blue]
[wall=1789995991][simulation=0.000][COMBAT][MINION_DEATH][Red][attacker=Blue]
[wall=1789995991][simulation=0.000][COMBAT][MINION_DEATH][Red][attacker=Blue]
[wall=1789995991][simulation=0.000][COMBAT][MINION_DEATH][Red][attacker=Blue]
[wall=1789995991][simulation=0.000][COMBAT][MINION_DEATH][Red][attacker=Blue]
[wall=1789995991][simulation=0.000][COMBAT][MINION_DEATH][Red][attacker=Blue]
[wall=1789995991][simulation=0.000][COMBAT][MINION_DEATH][Red][attacker=Blue]
[wall=1789995991][simulation=0.000][COMBAT][MINION_DEATH][Red][attacker=Blue]
[wall=1789995991][simulation=0.000][COMBAT][MINION_DEATH][Red][attacker=Blue]
[wall=1789995991][simulation=0.000][COMBAT][MINION_DEATH][Red][attacker=Blue]
[wall=1789995991][simulation=0.000][COMBAT][MINION_DEATH][Red][attacker=Blue]
[wall=1789995991][simulation=0.000][COMBAT][MINION_DEATH][Red][attacker=Blue]
[wall=1789995991][simulation=0.000][COMBAT][MINION_DEATH][Red][attacker=Blue]
[wall=1789995991][simulation=0.000][COMBAT][MINION_DEATH][Red][attacker=Blue]
[wall=1789995991][simulation=0.000][COMBAT][MINION_DEATH][Red][attacker=Blue]
[wall=1789995991][simulation=0.000][COMBAT][MINION_DEATH][Red][attacker=Blue]
[wall=1789995991][simulation=0.000][COMBAT][MINION_DEATH][Red][attacker=Blue]
[wall=1789995991][simulation=0.000][COMBAT][MINION_DEATH][Red][attacker=Blue]
[wall=1789995991][simulation=0.000][COMBAT][MINION_DEATH][Red][attacker=Blue]
[wall=1789995991][simulation=0.000][COMBAT][MINION_DEATH][Red][attacker=Blue]
[wall=1789995991][simulation=0.000][COMBAT][MINION_DEATH][Red][attacker=Blue]
[wall=1789995991][simulation=0.000][COMBAT][MINION_DEATH][Red][attacker=Blue]
[wall=1789995991][simulation=0.000][COMBAT][MINION_DEATH][Red][attacker=Blue]
[wall=1789995991][simulation=0.000][COMBAT][MINION_DEATH][Red][attacker=Blue]
[wall=1789995991][simulation=0.000][COMBAT][MINION_DEATH][Red][attacker=Blue]
[wall=1789995991][simulation=0.000][COMBAT][MINION_DEATH][Red][attacker=Blue]
[wall=1789995991][simulation=0.000][COMBAT][MINION_DEATH][Red][attacker=Blue]
[wall=1789995991][simulation=0.000][COMBAT][MINION_DEATH][Red][attacker=Blue]
[wall=1789995991][simulation=0.000][COMBAT][MINION_DEATH][Red][attacker=Blue]
[wall=1789995991][simulation=0.000][COMBAT][MINION_DEATH][Red][attacker=Blue]
[wall=1789995991][simulation=0.000][MATCH][MINION_WAVE][GameWorld][count_per_team=3]
[wall=1789995991][simulation=0.000][MATCH][START][GameWorld][seed=0xE4511E]
[wall=1789995991][simulation=0.010][COMBAT][PROJECTILE_SPAWN][Blue][kind=Basic]
[wall=1789995991][simulation=0.010][MATCH][PAUSE][GameWorld][]
[wall=1789995991][simulation=0.010][MATCH][RESUME][GameWorld][]
[wall=1789995991][simulation=0.010][MATCH][BASE_DESTROYED][Red][]
[wall=1789995991][simulation=0.020][MATCH][END][GameWorld][Victory]
[wall=1789995991][simulation=0.000][MATCH][MINION_WAVE][GameWorld][count_per_team=3]
[wall=1789995991][simulation=0.000][MATCH][START][GameWorld][seed=0xE4511E]
[wall=1789995991][simulation=0.010][COMBAT][PROJECTILE_SPAWN][Blue][kind=Basic]
[wall=1789995991][simulation=0.000][MATCH][MINION_WAVE][GameWorld][count_per_team=3]
[wall=1789995991][simulation=0.000][MATCH][START][GameWorld][seed=0xE4511E]
[wall=1789995991][simulation=0.010][COMBAT][PROJECTILE_SPAWN][Blue][kind=Basic]
[wall=1789995991][simulation=0.010][COMBAT][PROJECTILE_SPAWN][Blue][kind=Ultimate]
[wall=1789995991][simulation=0.010][COMBAT][PROJECTILE_SPAWN][Red][kind=Ultimate]
[wall=1789995991][simulation=0.020][COMBAT][PROJECTILE_SPAWN][Blue][kind=Basic]
[wall=1789995991][simulation=0.000][MATCH][MINION_WAVE][GameWorld][count_per_team=3]
[wall=1789995991][simulation=0.000][MATCH][START][GameWorld][seed=0xE4511E]
[wall=1789995991][simulation=0.000][COMBAT][HERO_DEATH][PlayerHero][attacker=Red]
[wall=1789995991][simulation=0.010][BOT_FSM][STATE][BotHero][Dead]
[wall=1789995991][simulation=5.000][COMBAT][HERO_RESPAWN][PlayerHero][]
[wall=1789995991][simulation=5.000][COMBAT][HERO_RESPAWN][BotHero][]
[wall=1789995991][simulation=5.000][BOT_FSM][RESPAWN_RESET][BotHero][fsm_state_cleared]
[wall=1789995991][simulation=0.000][MATCH][MINION_WAVE][GameWorld][count_per_team=3]
[wall=1789995991][simulation=0.000][MATCH][START][GameWorld][seed=0xE4511E]
[wall=1789995991][simulation=0.000][MATCH][BASE_DESTROYED][Blue][]
[wall=1789995991][simulation=0.010][MATCH][BASE_DESTROYED][Red][]
[wall=1789995991][simulation=0.010][MATCH][END][GameWorld][Draw]
[wall=1789995991][simulation=0.000][MATCH][MINION_WAVE][GameWorld][count_per_team=3]
[wall=1789995991][simulation=0.000][MATCH][START][GameWorld][seed=0xE4511E]
[wall=1789995991][simulation=0.000][MATCH][BASE_DESTROYED][Blue][]
[wall=1789995991][simulation=0.011][MATCH][BASE_DESTROYED][Red][]
[wall=1789995991][simulation=0.011][MATCH][END][GameWorld][Defeat]
[wall=1789995991][simulation=0.000][MATCH][MINION_WAVE][GameWorld][count_per_team=3]
[wall=1789995991][simulation=0.000][MATCH][START][GameWorld][seed=0xE4511E]
[wall=1789995991][simulation=0.000][MATCH][MINION_WAVE][GameWorld][count_per_team=3]
[wall=1789995991][simulation=0.000][MATCH][START][GameWorld][seed=0xE4511E]
[wall=1789995991][simulation=0.020][BOT_FSM][ADVANCE_TO_RETREAT][BotHero][hp_ratio<=30%;tower_to_base_defensive_point]
[wall=1789995991][simulation=0.040][BOT_FSM][RETREAT_TO_RECOVER][BotHero][defensive_point_reached]
[wall=1789995991][simulation=0.640][BOT_FSM][RECOVER_TARGET_LOST][BotHero][return_to_defensive_point]
[wall=1789995991][simulation=0.650][BOT_FSM][RETREAT_TO_RECOVER][BotHero][defensive_point_reached]
[wall=1789995991][simulation=0.660][BOT_FSM][RECOVER_TO_ADVANCE][BotHero][hp_ratio>=55%]
[wall=1789995991][simulation=0.670][BOT_FSM][STATE][BotHero][Dead]
[wall=1789995991][simulation=0.670][MATCH][BASE_DESTROYED][Red][]
[wall=1789995991][simulation=0.680][MATCH][END][GameWorld][Victory]
[wall=1789995991][simulation=0.000][MATCH][MINION_WAVE][GameWorld][count_per_team=3]
[wall=1789995991][simulation=0.000][MATCH][START][GameWorld][seed=0xE4511E]
[wall=1789995991][simulation=0.000][MATCH][MINION_WAVE][GameWorld][count_per_team=3]
[wall=1789995991][simulation=0.000][MATCH][START][GameWorld][seed=0xE4511E]
[wall=1789995991][simulation=0.010][COMBAT][PROJECTILE_SPAWN][Blue][kind=Basic]
[wall=1789995991][simulation=0.010][BOT_FSM][STATE][BotHero][Dead]
[wall=1789995991][simulation=0.120][MATCH][BASE_DESTROYED][Red][]
[wall=1789995991][simulation=0.130][MATCH][END][GameWorld][Victory]
[wall=1789995991][simulation=0.000][MATCH][MINION_WAVE][GameWorld][count_per_team=3]
[wall=1789995991][simulation=0.000][MATCH][START][GameWorld][seed=0xE4511E]
[wall=1789995991][simulation=0.000][MATCH][MINION_WAVE][GameWorld][count_per_team=3]
[wall=1789995991][simulation=0.000][MATCH][START][GameWorld][seed=0xE4511E]
[wall=1789995991][simulation=0.010][COMBAT][PROJECTILE_SPAWN][Blue][kind=Basic]
[wall=1789995991][simulation=0.010][BOT_FSM][STATE][BotHero][Dead]
[wall=1789995991][simulation=0.120][MATCH][BASE_DESTROYED][Red][]
[wall=1789995991][simulation=0.130][MATCH][END][GameWorld][Victory]
[wall=1789995991][simulation=0.000][MATCH][MINION_WAVE][GameWorld][count_per_team=3]
[wall=1789995991][simulation=0.000][MATCH][START][GameWorld][seed=0xE4511E]
[wall=1789995991][simulation=0.000][MATCH][MINION_WAVE][GameWorld][count_per_team=3]
[wall=1789995991][simulation=0.000][MATCH][START][GameWorld][seed=0xE4511E]
[wall=1789995991][simulation=0.010][COMBAT][PROJECTILE_SPAWN][Blue][kind=Basic]
[wall=1789995991][simulation=0.010][BOT_FSM][STATE][BotHero][Dead]
[wall=1789995991][simulation=0.120][MATCH][BASE_DESTROYED][Red][]
[wall=1789995991][simulation=0.130][MATCH][END][GameWorld][Victory]
[wall=1789995991][simulation=0.000][MATCH][MINION_WAVE][GameWorld][count_per_team=3]
[wall=1789995991][simulation=0.000][MATCH][START][GameWorld][seed=0xE4511E]
[wall=1789995991][simulation=0.000][MATCH][MINION_WAVE][GameWorld][count_per_team=3]
[wall=1789995991][simulation=0.000][MATCH][START][GameWorld][seed=0xE4511E]
[wall=1789995991][simulation=0.010][COMBAT][PROJECTILE_SPAWN][Blue][kind=Basic]
[wall=1789995991][simulation=0.010][BOT_FSM][STATE][BotHero][Dead]
[wall=1789995991][simulation=0.120][MATCH][BASE_DESTROYED][Red][]
[wall=1789995991][simulation=0.130][MATCH][END][GameWorld][Victory]
[wall=1789995991][simulation=0.000][MATCH][MINION_WAVE][GameWorld][count_per_team=3]
[wall=1789995991][simulation=0.000][MATCH][START][GameWorld][seed=0xE4511E]
[wall=1789995991][simulation=0.000][MATCH][MINION_WAVE][GameWorld][count_per_team=3]
[wall=1789995991][simulation=0.000][MATCH][START][GameWorld][seed=0xE4511E]
[wall=1789995991][simulation=0.010][COMBAT][PROJECTILE_SPAWN][Blue][kind=Basic]
[wall=1789995991][simulation=0.010][BOT_FSM][STATE][BotHero][Dead]
[wall=1789995991][simulation=0.120][MATCH][BASE_DESTROYED][Red][]
[wall=1789995991][simulation=0.130][MATCH][END][GameWorld][Victory]
[wall=1789995991][simulation=0.000][MATCH][MINION_WAVE][GameWorld][count_per_team=3]
[wall=1789995991][simulation=0.000][MATCH][START][GameWorld][seed=0xE4511E]
[wall=1789995991][simulation=0.000][MATCH][MINION_WAVE][GameWorld][count_per_team=3]
[wall=1789995991][simulation=0.000][MATCH][START][GameWorld][seed=0xE4511E]
[wall=1789995991][simulation=0.010][COMBAT][PROJECTILE_SPAWN][Blue][kind=Basic]
[wall=1789995991][simulation=0.010][BOT_FSM][STATE][BotHero][Dead]
[wall=1789995991][simulation=0.120][MATCH][BASE_DESTROYED][Red][]
[wall=1789995991][simulation=0.130][MATCH][END][GameWorld][Victory]
[wall=1789995991][simulation=0.000][MATCH][MINION_WAVE][GameWorld][count_per_team=3]
[wall=1789995991][simulation=0.000][MATCH][START][GameWorld][seed=0xE4511E]
[wall=1789995991][simulation=0.000][MATCH][MINION_WAVE][GameWorld][count_per_team=3]
[wall=1789995991][simulation=0.000][MATCH][START][GameWorld][seed=0xE4511E]
[wall=1789995991][simulation=0.010][COMBAT][PROJECTILE_SPAWN][Blue][kind=Basic]
[wall=1789995991][simulation=0.010][BOT_FSM][STATE][BotHero][Dead]
[wall=1789995991][simulation=0.120][MATCH][BASE_DESTROYED][Red][]
[wall=1789995991][simulation=0.130][MATCH][END][GameWorld][Victory]
[wall=1789995991][simulation=0.000][MATCH][MINION_WAVE][GameWorld][count_per_team=3]
[wall=1789995991][simulation=0.000][MATCH][START][GameWorld][seed=0xE4511E]
[wall=1789995991][simulation=0.000][MATCH][MINION_WAVE][GameWorld][count_per_team=3]
[wall=1789995991][simulation=0.000][MATCH][START][GameWorld][seed=0xE4511E]
[wall=1789995991][simulation=0.010][COMBAT][PROJECTILE_SPAWN][Blue][kind=Basic]
[wall=1789995991][simulation=0.010][BOT_FSM][STATE][BotHero][Dead]
[wall=1789995991][simulation=0.120][MATCH][BASE_DESTROYED][Red][]
[wall=1789995991][simulation=0.130][MATCH][END][GameWorld][Victory]
[wall=1789995991][simulation=0.000][MATCH][MINION_WAVE][GameWorld][count_per_team=3]
[wall=1789995991][simulation=0.000][MATCH][START][GameWorld][seed=0xE4511E]
[wall=1789995991][simulation=0.000][MATCH][MINION_WAVE][GameWorld][count_per_team=3]
[wall=1789995991][simulation=0.000][MATCH][START][GameWorld][seed=0xE4511E]
[wall=1789995991][simulation=0.010][COMBAT][PROJECTILE_SPAWN][Blue][kind=Basic]
[wall=1789995991][simulation=0.010][BOT_FSM][STATE][BotHero][Dead]
[wall=1789995991][simulation=0.120][MATCH][BASE_DESTROYED][Red][]
[wall=1789995991][simulation=0.130][MATCH][END][GameWorld][Victory]
[wall=1789995991][simulation=0.000][MATCH][MINION_WAVE][GameWorld][count_per_team=3]
[wall=1789995991][simulation=0.000][MATCH][START][GameWorld][seed=0xE4511E]
[wall=1789995991][simulation=0.000][MATCH][MINION_WAVE][GameWorld][count_per_team=3]
[wall=1789995991][simulation=0.000][MATCH][START][GameWorld][seed=0xE4511E]
[wall=1789995991][simulation=0.010][COMBAT][PROJECTILE_SPAWN][Blue][kind=Basic]
[wall=1789995991][simulation=0.010][BOT_FSM][STATE][BotHero][Dead]
[wall=1789995991][simulation=0.120][MATCH][BASE_DESTROYED][Red][]
[wall=1789995991][simulation=0.130][MATCH][END][GameWorld][Victory]
[wall=1789995991][simulation=0.000][MATCH][MINION_WAVE][GameWorld][count_per_team=3]
[wall=1789995991][simulation=0.000][MATCH][START][GameWorld][seed=0xE4511E]
[wall=1789995991][simulation=0.000][MATCH][MINION_WAVE][GameWorld][count_per_team=3]
[wall=1789995991][simulation=0.000][MATCH][START][GameWorld][seed=0xE4511E]
[wall=1789995991][simulation=0.100][BOT_FSM][STATE][BotHero][normal_decision]
[wall=1789995991][simulation=0.120][COMBAT][PROJECTILE_SPAWN][Blue][kind=Basic]
[wall=1789995991][simulation=0.120][COMBAT][PROJECTILE_SPAWN][Blue][kind=Ultimate]
[wall=1789995991][simulation=0.120][COMBAT][PROJECTILE_SPAWN][Red][kind=Basic]
[wall=1789995991][simulation=0.120][COMBAT][PROJECTILE_SPAWN][Red][kind=Ultimate]
[wall=1789995991][simulation=0.150][BOT_FSM][ADVANCE_TO_RETREAT][BotHero][hp_ratio<=30%;tower_to_base_defensive_point]
[wall=1789995991][simulation=0.180][COMBAT][HERO_DEATH][BotHero][attacker=Blue]
[wall=1789995991][simulation=0.190][BOT_FSM][STATE][BotHero][Dead]
[wall=1789995991][simulation=5.180][COMBAT][HERO_RESPAWN][BotHero][]
[wall=1789995991][simulation=5.180][BOT_FSM][RESPAWN_RESET][BotHero][fsm_state_cleared]
[wall=1789995991][simulation=5.190][MATCH][TOWER_DESTROYED][Red][]
[wall=1789995991][simulation=5.200][COMBAT][PROJECTILE_SPAWN][Blue][kind=Basic]
[wall=1789995991][simulation=5.200][BOT_FSM][STATE][BotHero][Dead]
[wall=1789995991][simulation=5.310][MATCH][BASE_DESTROYED][Red][]
[wall=1789995991][simulation=5.320][MATCH][END][GameWorld][Victory]
[wall=1789995991][simulation=0.000][MATCH][MINION_WAVE][GameWorld][count_per_team=3]
[wall=1789995991][simulation=0.000][MATCH][START][GameWorld][seed=0xE4511E]
[wall=1789996568][simulation=0.000][MATCH][MINION_WAVE][GameWorld][count_per_team=3]
[wall=1789996568][simulation=0.000][MATCH][START][GameWorld][seed=0xE4511E]
[wall=1789996568][simulation=0.000][MATCH][MINION_WAVE][GameWorld][count_per_team=3]
[wall=1789996568][simulation=0.000][MATCH][START][GameWorld][seed=0xE4511E]
[wall=1789996568][simulation=0.010][COMBAT][PROJECTILE_SPAWN][Blue][kind=Basic]
[wall=1789996568][simulation=0.010][COMBAT][PROJECTILE_SPAWN][Blue][kind=Ultimate]
[wall=1789996568][simulation=0.000][MATCH][MINION_WAVE][GameWorld][count_per_team=3]
[wall=1789996568][simulation=0.000][MATCH][START][GameWorld][seed=0xE4511E]
[wall=1789996568][simulation=0.100][BOT_FSM][STATE][BotHero][normal_decision]
[wall=1789996568][simulation=0.100][COMBAT][PROJECTILE_SPAWN][Red][kind=Basic]
[wall=1789996568][simulation=0.100][COMBAT][PROJECTILE_SPAWN][Red][kind=Ultimate]
[wall=1789996568][simulation=0.200][BOT_FSM][ADVANCE_TO_RETREAT][BotHero][hp_ratio<=30%;tower_to_base_defensive_point]
[wall=1789996568][simulation=0.300][BOT_FSM][RESPAWN_RESET][BotHero][fsm_state_cleared]
[wall=1789996568][simulation=0.400][BOT_FSM][STATE][BotHero][normal_decision]
[wall=1789996568][simulation=0.500][BOT_FSM][STATE][BotHero][Dead]
[wall=1789996568][simulation=0.510][BOT_FSM][RESPAWN_RESET][BotHero][fsm_state_cleared]
[wall=1789996568][simulation=0.000][MATCH][MINION_WAVE][GameWorld][count_per_team=3]
[wall=1789996568][simulation=0.000][MATCH][START][GameWorld][seed=0xE4511E]
[wall=1789996568][simulation=0.000][MATCH][TOWER_DESTROYED][Red][]
[wall=1789996568][simulation=0.100][BOT_FSM][STATE][BotHero][normal_decision]
[wall=1789996568][simulation=0.780][COMBAT][PROJECTILE_SPAWN][Red][kind=Ultimate]
[wall=1789996568][simulation=1.300][COMBAT][MINION_DEATH][Blue][attacker=Red]
[wall=1789996568][simulation=1.690][COMBAT][PROJECTILE_SPAWN][Red][kind=Basic]
[wall=1789996568][simulation=2.400][BOT_FSM][STATE][BotHero][normal_decision]
[wall=1789996568][simulation=2.690][COMBAT][PROJECTILE_SPAWN][Red][kind=Basic]
[wall=1789996568][simulation=3.690][COMBAT][PROJECTILE_SPAWN][Red][kind=Basic]
[wall=1789996568][simulation=4.690][COMBAT][PROJECTILE_SPAWN][Red][kind=Basic]
[wall=1789996568][simulation=5.690][COMBAT][PROJECTILE_SPAWN][Red][kind=Basic]
[wall=1789996568][simulation=6.690][COMBAT][PROJECTILE_SPAWN][Red][kind=Basic]
[wall=1789996568][simulation=7.690][COMBAT][PROJECTILE_SPAWN][Red][kind=Basic]
[wall=1789996568][simulation=8.690][COMBAT][PROJECTILE_SPAWN][Red][kind=Basic]
[wall=1789996568][simulation=9.690][COMBAT][PROJECTILE_SPAWN][Red][kind=Basic]
[wall=1789996568][simulation=10.690][COMBAT][PROJECTILE_SPAWN][Red][kind=Basic]
[wall=1789996568][simulation=10.780][COMBAT][PROJECTILE_SPAWN][Red][kind=Ultimate]
[wall=1789996568][simulation=11.690][COMBAT][PROJECTILE_SPAWN][Red][kind=Basic]
[wall=1789996568][simulation=12.000][MATCH][MINION_WAVE][GameWorld][count_per_team=3]
[wall=1789996568][simulation=0.000][MATCH][MINION_WAVE][GameWorld][count_per_team=3]
[wall=1789996568][simulation=0.000][MATCH][START][GameWorld][seed=0xE4511E]
[wall=1789996568][simulation=0.000][MATCH][MINION_WAVE][GameWorld][count_per_team=3]
[wall=1789996568][simulation=0.000][MATCH][START][GameWorld][seed=0xE4511E]
[wall=1789996568][simulation=0.000][COMBAT][MINION_DEATH][Red][attacker=Blue]
[wall=1789996568][simulation=0.000][COMBAT][MINION_DEATH][Red][attacker=Blue]
[wall=1789996568][simulation=0.000][COMBAT][MINION_DEATH][Red][attacker=Blue]
[wall=1789996568][simulation=0.000][COMBAT][MINION_DEATH][Red][attacker=Blue]
[wall=1789996568][simulation=0.000][COMBAT][MINION_DEATH][Red][attacker=Blue]
[wall=1789996568][simulation=0.000][COMBAT][MINION_DEATH][Red][attacker=Blue]
[wall=1789996568][simulation=0.000][COMBAT][MINION_DEATH][Red][attacker=Blue]
[wall=1789996568][simulation=0.000][COMBAT][MINION_DEATH][Red][attacker=Blue]
[wall=1789996568][simulation=0.000][COMBAT][MINION_DEATH][Red][attacker=Blue]
[wall=1789996568][simulation=0.000][COMBAT][MINION_DEATH][Red][attacker=Blue]
[wall=1789996568][simulation=0.000][COMBAT][MINION_DEATH][Red][attacker=Blue]
[wall=1789996568][simulation=0.000][COMBAT][MINION_DEATH][Red][attacker=Blue]
[wall=1789996568][simulation=0.000][COMBAT][MINION_DEATH][Red][attacker=Blue]
[wall=1789996568][simulation=0.000][COMBAT][MINION_DEATH][Red][attacker=Blue]
[wall=1789996568][simulation=0.000][COMBAT][MINION_DEATH][Red][attacker=Blue]
[wall=1789996568][simulation=0.000][COMBAT][MINION_DEATH][Red][attacker=Blue]
[wall=1789996568][simulation=0.000][COMBAT][MINION_DEATH][Red][attacker=Blue]
[wall=1789996568][simulation=0.000][COMBAT][MINION_DEATH][Red][attacker=Blue]
[wall=1789996568][simulation=0.000][COMBAT][MINION_DEATH][Red][attacker=Blue]
[wall=1789996568][simulation=0.000][COMBAT][MINION_DEATH][Red][attacker=Blue]
[wall=1789996568][simulation=0.000][COMBAT][MINION_DEATH][Red][attacker=Blue]
[wall=1789996568][simulation=0.000][COMBAT][MINION_DEATH][Red][attacker=Blue]
[wall=1789996568][simulation=0.000][COMBAT][MINION_DEATH][Red][attacker=Blue]
[wall=1789996568][simulation=0.000][COMBAT][MINION_DEATH][Red][attacker=Blue]
[wall=1789996568][simulation=0.000][COMBAT][MINION_DEATH][Red][attacker=Blue]
[wall=1789996568][simulation=0.000][COMBAT][MINION_DEATH][Red][attacker=Blue]
[wall=1789996568][simulation=0.000][COMBAT][MINION_DEATH][Red][attacker=Blue]
[wall=1789996568][simulation=0.000][COMBAT][MINION_DEATH][Red][attacker=Blue]
[wall=1789996568][simulation=0.000][COMBAT][MINION_DEATH][Red][attacker=Blue]
[wall=1789996568][simulation=0.000][COMBAT][MINION_DEATH][Red][attacker=Blue]
[wall=1789996568][simulation=0.000][COMBAT][MINION_DEATH][Red][attacker=Blue]
[wall=1789996568][simulation=0.000][COMBAT][MINION_DEATH][Red][attacker=Blue]
[wall=1789996568][simulation=0.000][COMBAT][MINION_DEATH][Red][attacker=Blue]
[wall=1789996568][simulation=0.000][COMBAT][MINION_DEATH][Red][attacker=Blue]
[wall=1789996568][simulation=0.000][COMBAT][MINION_DEATH][Red][attacker=Blue]
[wall=1789996568][simulation=0.000][COMBAT][MINION_DEATH][Red][attacker=Blue]
[wall=1789996568][simulation=0.000][COMBAT][MINION_DEATH][Red][attacker=Blue]
[wall=1789996568][simulation=0.000][COMBAT][MINION_DEATH][Red][attacker=Blue]
[wall=1789996568][simulation=0.000][COMBAT][MINION_DEATH][Red][attacker=Blue]
[wall=1789996568][simulation=0.000][COMBAT][MINION_DEATH][Red][attacker=Blue]
[wall=1789996568][simulation=0.000][COMBAT][MINION_DEATH][Red][attacker=Blue]
[wall=1789996568][simulation=0.000][COMBAT][MINION_DEATH][Red][attacker=Blue]
[wall=1789996568][simulation=0.000][COMBAT][MINION_DEATH][Red][attacker=Blue]
[wall=1789996568][simulation=0.000][COMBAT][MINION_DEATH][Red][attacker=Blue]
[wall=1789996568][simulation=0.000][COMBAT][MINION_DEATH][Red][attacker=Blue]
[wall=1789996568][simulation=0.000][COMBAT][MINION_DEATH][Red][attacker=Blue]
[wall=1789996568][simulation=0.000][COMBAT][MINION_DEATH][Red][attacker=Blue]
[wall=1789996568][simulation=0.000][COMBAT][MINION_DEATH][Red][attacker=Blue]
[wall=1789996568][simulation=0.000][COMBAT][MINION_DEATH][Red][attacker=Blue]
[wall=1789996568][simulation=0.000][COMBAT][MINION_DEATH][Red][attacker=Blue]
[wall=1789996568][simulation=0.000][MATCH][MINION_WAVE][GameWorld][count_per_team=3]
[wall=1789996568][simulation=0.000][MATCH][START][GameWorld][seed=0xE4511E]
[wall=1789996568][simulation=0.010][COMBAT][PROJECTILE_SPAWN][Blue][kind=Basic]
[wall=1789996568][simulation=0.010][MATCH][PAUSE][GameWorld][]
[wall=1789996568][simulation=0.010][MATCH][RESUME][GameWorld][]
[wall=1789996568][simulation=0.010][MATCH][BASE_DESTROYED][Red][]
[wall=1789996568][simulation=0.020][MATCH][END][GameWorld][Victory]
[wall=1789996568][simulation=0.000][MATCH][MINION_WAVE][GameWorld][count_per_team=3]
[wall=1789996568][simulation=0.000][MATCH][START][GameWorld][seed=0xE4511E]
[wall=1789996568][simulation=0.010][COMBAT][PROJECTILE_SPAWN][Blue][kind=Basic]
[wall=1789996568][simulation=0.000][MATCH][MINION_WAVE][GameWorld][count_per_team=3]
[wall=1789996568][simulation=0.000][MATCH][START][GameWorld][seed=0xE4511E]
[wall=1789996568][simulation=0.010][COMBAT][PROJECTILE_SPAWN][Blue][kind=Basic]
[wall=1789996568][simulation=0.010][COMBAT][PROJECTILE_SPAWN][Blue][kind=Ultimate]
[wall=1789996568][simulation=0.010][COMBAT][PROJECTILE_SPAWN][Red][kind=Ultimate]
[wall=1789996568][simulation=0.020][COMBAT][PROJECTILE_SPAWN][Blue][kind=Basic]
[wall=1789996568][simulation=0.000][MATCH][MINION_WAVE][GameWorld][count_per_team=3]
[wall=1789996568][simulation=0.000][MATCH][START][GameWorld][seed=0xE4511E]
[wall=1789996568][simulation=0.000][COMBAT][HERO_DEATH][PlayerHero][attacker=Red]
[wall=1789996568][simulation=0.010][BOT_FSM][STATE][BotHero][Dead]
[wall=1789996568][simulation=5.000][COMBAT][HERO_RESPAWN][PlayerHero][]
[wall=1789996568][simulation=5.000][COMBAT][HERO_RESPAWN][BotHero][]
[wall=1789996568][simulation=5.000][BOT_FSM][RESPAWN_RESET][BotHero][fsm_state_cleared]
[wall=1789996568][simulation=0.000][MATCH][MINION_WAVE][GameWorld][count_per_team=3]
[wall=1789996568][simulation=0.000][MATCH][START][GameWorld][seed=0xE4511E]
[wall=1789996568][simulation=0.000][MATCH][BASE_DESTROYED][Blue][]
[wall=1789996568][simulation=0.010][MATCH][BASE_DESTROYED][Red][]
[wall=1789996568][simulation=0.010][MATCH][END][GameWorld][Draw]
[wall=1789996568][simulation=0.000][MATCH][MINION_WAVE][GameWorld][count_per_team=3]
[wall=1789996568][simulation=0.000][MATCH][START][GameWorld][seed=0xE4511E]
[wall=1789996568][simulation=0.000][MATCH][BASE_DESTROYED][Blue][]
[wall=1789996568][simulation=0.011][MATCH][BASE_DESTROYED][Red][]
[wall=1789996568][simulation=0.011][MATCH][END][GameWorld][Defeat]
[wall=1789996568][simulation=0.000][MATCH][MINION_WAVE][GameWorld][count_per_team=3]
[wall=1789996568][simulation=0.000][MATCH][START][GameWorld][seed=0xE4511E]
[wall=1789996568][simulation=0.000][MATCH][MINION_WAVE][GameWorld][count_per_team=3]
[wall=1789996568][simulation=0.000][MATCH][START][GameWorld][seed=0xE4511E]
[wall=1789996568][simulation=0.020][BOT_FSM][ADVANCE_TO_RETREAT][BotHero][hp_ratio<=30%;tower_to_base_defensive_point]
[wall=1789996568][simulation=0.040][BOT_FSM][RETREAT_TO_RECOVER][BotHero][defensive_point_reached]
[wall=1789996568][simulation=0.640][BOT_FSM][RECOVER_TARGET_LOST][BotHero][return_to_defensive_point]
[wall=1789996568][simulation=0.650][BOT_FSM][RETREAT_TO_RECOVER][BotHero][defensive_point_reached]
[wall=1789996568][simulation=0.660][BOT_FSM][RECOVER_TO_ADVANCE][BotHero][hp_ratio>=55%]
[wall=1789996568][simulation=0.670][BOT_FSM][STATE][BotHero][Dead]
[wall=1789996568][simulation=0.670][MATCH][BASE_DESTROYED][Red][]
[wall=1789996568][simulation=0.680][MATCH][END][GameWorld][Victory]
[wall=1789996568][simulation=0.000][MATCH][MINION_WAVE][GameWorld][count_per_team=3]
[wall=1789996568][simulation=0.000][MATCH][START][GameWorld][seed=0xE4511E]
[wall=1789996568][simulation=0.000][MATCH][MINION_WAVE][GameWorld][count_per_team=3]
[wall=1789996568][simulation=0.000][MATCH][START][GameWorld][seed=0xE4511E]
[wall=1789996568][simulation=0.010][BOT_FSM][ADVANCE_TO_RETREAT][BotHero][hp_ratio<=30%;tower_to_base_defensive_point]
[wall=1789996568][simulation=0.200][BOT_FSM][RETREAT_TO_RECOVER][BotHero][defensive_point_reached]
[wall=1789996568][simulation=6.450][BOT_FSM][RECOVER_TO_ADVANCE][BotHero][hp_ratio>=55%]
[wall=1789996568][simulation=6.460][BOT_FSM][ADVANCE_TO_RETREAT][BotHero][hp_ratio<=30%;tower_to_base_defensive_point]
[wall=1789996568][simulation=6.470][BOT_FSM][RETREAT_TO_RECOVER][BotHero][defensive_point_reached]
[wall=1789996568][simulation=12.000][MATCH][MINION_WAVE][GameWorld][count_per_team=3]
[wall=1789996568][simulation=12.720][BOT_FSM][RECOVER_TO_ADVANCE][BotHero][hp_ratio>=55%]
[wall=1789996568][simulation=12.730][BOT_FSM][ADVANCE_TO_RETREAT][BotHero][hp_ratio<=30%;tower_to_base_defensive_point]
[wall=1789996568][simulation=12.740][BOT_FSM][RETREAT_TO_RECOVER][BotHero][defensive_point_reached]
[wall=1789996568][simulation=18.990][BOT_FSM][RECOVER_TO_ADVANCE][BotHero][hp_ratio>=55%]
[wall=1789996568][simulation=0.000][MATCH][MINION_WAVE][GameWorld][count_per_team=3]
[wall=1789996568][simulation=0.000][MATCH][START][GameWorld][seed=0xE4511E]
[wall=1789996568][simulation=0.010][COMBAT][PROJECTILE_SPAWN][Blue][kind=Basic]
[wall=1789996568][simulation=0.010][BOT_FSM][STATE][BotHero][Dead]
[wall=1789996568][simulation=0.120][MATCH][BASE_DESTROYED][Red][]
[wall=1789996568][simulation=0.130][MATCH][END][GameWorld][Victory]
[wall=1789996568][simulation=0.000][MATCH][MINION_WAVE][GameWorld][count_per_team=3]
[wall=1789996568][simulation=0.000][MATCH][START][GameWorld][seed=0xE4511E]
[wall=1789996568][simulation=0.000][MATCH][MINION_WAVE][GameWorld][count_per_team=3]
[wall=1789996568][simulation=0.000][MATCH][START][GameWorld][seed=0xE4511E]
[wall=1789996568][simulation=0.010][COMBAT][PROJECTILE_SPAWN][Blue][kind=Basic]
[wall=1789996568][simulation=0.010][BOT_FSM][STATE][BotHero][Dead]
[wall=1789996568][simulation=0.120][MATCH][BASE_DESTROYED][Red][]
[wall=1789996568][simulation=0.130][MATCH][END][GameWorld][Victory]
[wall=1789996568][simulation=0.000][MATCH][MINION_WAVE][GameWorld][count_per_team=3]
[wall=1789996568][simulation=0.000][MATCH][START][GameWorld][seed=0xE4511E]
[wall=1789996568][simulation=0.000][MATCH][MINION_WAVE][GameWorld][count_per_team=3]
[wall=1789996568][simulation=0.000][MATCH][START][GameWorld][seed=0xE4511E]
[wall=1789996568][simulation=0.010][COMBAT][PROJECTILE_SPAWN][Blue][kind=Basic]
[wall=1789996568][simulation=0.010][BOT_FSM][STATE][BotHero][Dead]
[wall=1789996568][simulation=0.120][MATCH][BASE_DESTROYED][Red][]
[wall=1789996568][simulation=0.130][MATCH][END][GameWorld][Victory]
[wall=1789996568][simulation=0.000][MATCH][MINION_WAVE][GameWorld][count_per_team=3]
[wall=1789996568][simulation=0.000][MATCH][START][GameWorld][seed=0xE4511E]
[wall=1789996568][simulation=0.000][MATCH][MINION_WAVE][GameWorld][count_per_team=3]
[wall=1789996568][simulation=0.000][MATCH][START][GameWorld][seed=0xE4511E]
[wall=1789996568][simulation=0.010][COMBAT][PROJECTILE_SPAWN][Blue][kind=Basic]
[wall=1789996568][simulation=0.010][BOT_FSM][STATE][BotHero][Dead]
[wall=1789996568][simulation=0.120][MATCH][BASE_DESTROYED][Red][]
[wall=1789996568][simulation=0.130][MATCH][END][GameWorld][Victory]
[wall=1789996568][simulation=0.000][MATCH][MINION_WAVE][GameWorld][count_per_team=3]
[wall=1789996568][simulation=0.000][MATCH][START][GameWorld][seed=0xE4511E]
[wall=1789996568][simulation=0.000][MATCH][MINION_WAVE][GameWorld][count_per_team=3]
[wall=1789996568][simulation=0.000][MATCH][START][GameWorld][seed=0xE4511E]
[wall=1789996568][simulation=0.010][COMBAT][PROJECTILE_SPAWN][Blue][kind=Basic]
[wall=1789996568][simulation=0.010][BOT_FSM][STATE][BotHero][Dead]
[wall=1789996568][simulation=0.120][MATCH][BASE_DESTROYED][Red][]
[wall=1789996568][simulation=0.130][MATCH][END][GameWorld][Victory]
[wall=1789996568][simulation=0.000][MATCH][MINION_WAVE][GameWorld][count_per_team=3]
[wall=1789996568][simulation=0.000][MATCH][START][GameWorld][seed=0xE4511E]
[wall=1789996568][simulation=0.000][MATCH][MINION_WAVE][GameWorld][count_per_team=3]
[wall=1789996568][simulation=0.000][MATCH][START][GameWorld][seed=0xE4511E]
[wall=1789996568][simulation=0.010][COMBAT][PROJECTILE_SPAWN][Blue][kind=Basic]
[wall=1789996568][simulation=0.010][BOT_FSM][STATE][BotHero][Dead]
[wall=1789996568][simulation=0.120][MATCH][BASE_DESTROYED][Red][]
[wall=1789996568][simulation=0.130][MATCH][END][GameWorld][Victory]
[wall=1789996568][simulation=0.000][MATCH][MINION_WAVE][GameWorld][count_per_team=3]
[wall=1789996568][simulation=0.000][MATCH][START][GameWorld][seed=0xE4511E]
[wall=1789996568][simulation=0.000][MATCH][MINION_WAVE][GameWorld][count_per_team=3]
[wall=1789996568][simulation=0.000][MATCH][START][GameWorld][seed=0xE4511E]
[wall=1789996568][simulation=0.010][COMBAT][PROJECTILE_SPAWN][Blue][kind=Basic]
[wall=1789996568][simulation=0.010][BOT_FSM][STATE][BotHero][Dead]
[wall=1789996568][simulation=0.120][MATCH][BASE_DESTROYED][Red][]
[wall=1789996568][simulation=0.130][MATCH][END][GameWorld][Victory]
[wall=1789996568][simulation=0.000][MATCH][MINION_WAVE][GameWorld][count_per_team=3]
[wall=1789996568][simulation=0.000][MATCH][START][GameWorld][seed=0xE4511E]
[wall=1789996568][simulation=0.000][MATCH][MINION_WAVE][GameWorld][count_per_team=3]
[wall=1789996568][simulation=0.000][MATCH][START][GameWorld][seed=0xE4511E]
[wall=1789996568][simulation=0.010][COMBAT][PROJECTILE_SPAWN][Blue][kind=Basic]
[wall=1789996568][simulation=0.010][BOT_FSM][STATE][BotHero][Dead]
[wall=1789996568][simulation=0.120][MATCH][BASE_DESTROYED][Red][]
[wall=1789996568][simulation=0.130][MATCH][END][GameWorld][Victory]
[wall=1789996568][simulation=0.000][MATCH][MINION_WAVE][GameWorld][count_per_team=3]
[wall=1789996568][simulation=0.000][MATCH][START][GameWorld][seed=0xE4511E]
[wall=1789996568][simulation=0.000][MATCH][MINION_WAVE][GameWorld][count_per_team=3]
[wall=1789996568][simulation=0.000][MATCH][START][GameWorld][seed=0xE4511E]
[wall=1789996568][simulation=0.010][COMBAT][PROJECTILE_SPAWN][Blue][kind=Basic]
[wall=1789996568][simulation=0.010][BOT_FSM][STATE][BotHero][Dead]
[wall=1789996568][simulation=0.120][MATCH][BASE_DESTROYED][Red][]
[wall=1789996568][simulation=0.130][MATCH][END][GameWorld][Victory]
[wall=1789996568][simulation=0.000][MATCH][MINION_WAVE][GameWorld][count_per_team=3]
[wall=1789996568][simulation=0.000][MATCH][START][GameWorld][seed=0xE4511E]
[wall=1789996568][simulation=0.000][MATCH][MINION_WAVE][GameWorld][count_per_team=3]
[wall=1789996568][simulation=0.000][MATCH][START][GameWorld][seed=0xE4511E]
[wall=1789996568][simulation=0.010][COMBAT][PROJECTILE_SPAWN][Blue][kind=Basic]
[wall=1789996568][simulation=0.010][BOT_FSM][STATE][BotHero][Dead]
[wall=1789996568][simulation=0.120][MATCH][BASE_DESTROYED][Red][]
[wall=1789996568][simulation=0.130][MATCH][END][GameWorld][Victory]
[wall=1789996568][simulation=0.000][MATCH][MINION_WAVE][GameWorld][count_per_team=3]
[wall=1789996568][simulation=0.000][MATCH][START][GameWorld][seed=0xE4511E]
[wall=1789996568][simulation=0.000][MATCH][MINION_WAVE][GameWorld][count_per_team=3]
[wall=1789996568][simulation=0.000][MATCH][START][GameWorld][seed=0xE4511E]
[wall=1789996568][simulation=0.100][BOT_FSM][STATE][BotHero][normal_decision]
[wall=1789996568][simulation=0.120][COMBAT][PROJECTILE_SPAWN][Blue][kind=Basic]
[wall=1789996568][simulation=0.120][COMBAT][PROJECTILE_SPAWN][Blue][kind=Ultimate]
[wall=1789996568][simulation=0.120][COMBAT][PROJECTILE_SPAWN][Red][kind=Basic]
[wall=1789996568][simulation=0.120][COMBAT][PROJECTILE_SPAWN][Red][kind=Ultimate]
[wall=1789996568][simulation=0.150][BOT_FSM][ADVANCE_TO_RETREAT][BotHero][hp_ratio<=30%;tower_to_base_defensive_point]
[wall=1789996568][simulation=0.180][COMBAT][HERO_DEATH][BotHero][attacker=Blue]
[wall=1789996568][simulation=0.190][BOT_FSM][STATE][BotHero][Dead]
[wall=1789996568][simulation=5.180][COMBAT][HERO_RESPAWN][BotHero][]
[wall=1789996568][simulation=5.180][BOT_FSM][RESPAWN_RESET][BotHero][fsm_state_cleared]
[wall=1789996568][simulation=5.190][MATCH][TOWER_DESTROYED][Red][]
[wall=1789996568][simulation=5.200][COMBAT][PROJECTILE_SPAWN][Blue][kind=Basic]
[wall=1789996568][simulation=5.200][BOT_FSM][STATE][BotHero][Dead]
[wall=1789996568][simulation=5.310][MATCH][BASE_DESTROYED][Red][]
[wall=1789996568][simulation=5.320][MATCH][END][GameWorld][Victory]
[wall=1789996568][simulation=0.000][MATCH][MINION_WAVE][GameWorld][count_per_team=3]
[wall=1789996568][simulation=0.000][MATCH][START][GameWorld][seed=0xE4511E]
[wall=1789996570][simulation=0.000][MATCH][MINION_WAVE][GameWorld][count_per_team=3]
[wall=1789996570][simulation=0.000][MATCH][START][GameWorld][seed=0xE4511E]
[wall=1789996570][simulation=0.000][MATCH][MINION_WAVE][GameWorld][count_per_team=3]
[wall=1789996570][simulation=0.000][MATCH][START][GameWorld][seed=0xE4511E]
[wall=1789996570][simulation=0.010][COMBAT][PROJECTILE_SPAWN][Blue][kind=Basic]
[wall=1789996570][simulation=0.010][COMBAT][PROJECTILE_SPAWN][Blue][kind=Ultimate]
[wall=1789996570][simulation=0.000][MATCH][MINION_WAVE][GameWorld][count_per_team=3]
[wall=1789996570][simulation=0.000][MATCH][START][GameWorld][seed=0xE4511E]
[wall=1789996570][simulation=0.100][BOT_FSM][STATE][BotHero][normal_decision]
[wall=1789996570][simulation=0.100][COMBAT][PROJECTILE_SPAWN][Red][kind=Basic]
[wall=1789996570][simulation=0.100][COMBAT][PROJECTILE_SPAWN][Red][kind=Ultimate]
[wall=1789996570][simulation=0.200][BOT_FSM][ADVANCE_TO_RETREAT][BotHero][hp_ratio<=30%;tower_to_base_defensive_point]
[wall=1789996570][simulation=0.300][BOT_FSM][RESPAWN_RESET][BotHero][fsm_state_cleared]
[wall=1789996570][simulation=0.400][BOT_FSM][STATE][BotHero][normal_decision]
[wall=1789996570][simulation=0.500][BOT_FSM][STATE][BotHero][Dead]
[wall=1789996570][simulation=0.510][BOT_FSM][RESPAWN_RESET][BotHero][fsm_state_cleared]
[wall=1789996570][simulation=0.000][MATCH][MINION_WAVE][GameWorld][count_per_team=3]
[wall=1789996570][simulation=0.000][MATCH][START][GameWorld][seed=0xE4511E]
[wall=1789996570][simulation=0.000][MATCH][TOWER_DESTROYED][Red][]
[wall=1789996570][simulation=0.100][BOT_FSM][STATE][BotHero][normal_decision]
[wall=1789996570][simulation=0.780][COMBAT][PROJECTILE_SPAWN][Red][kind=Ultimate]
[wall=1789996570][simulation=1.300][COMBAT][MINION_DEATH][Blue][attacker=Red]
[wall=1789996570][simulation=1.690][COMBAT][PROJECTILE_SPAWN][Red][kind=Basic]
[wall=1789996570][simulation=2.400][BOT_FSM][STATE][BotHero][normal_decision]
[wall=1789996570][simulation=2.690][COMBAT][PROJECTILE_SPAWN][Red][kind=Basic]
[wall=1789996570][simulation=3.690][COMBAT][PROJECTILE_SPAWN][Red][kind=Basic]
[wall=1789996570][simulation=4.690][COMBAT][PROJECTILE_SPAWN][Red][kind=Basic]
[wall=1789996570][simulation=5.690][COMBAT][PROJECTILE_SPAWN][Red][kind=Basic]
[wall=1789996570][simulation=6.690][COMBAT][PROJECTILE_SPAWN][Red][kind=Basic]
[wall=1789996570][simulation=7.690][COMBAT][PROJECTILE_SPAWN][Red][kind=Basic]
[wall=1789996570][simulation=8.690][COMBAT][PROJECTILE_SPAWN][Red][kind=Basic]
[wall=1789996570][simulation=9.690][COMBAT][PROJECTILE_SPAWN][Red][kind=Basic]
[wall=1789996570][simulation=10.690][COMBAT][PROJECTILE_SPAWN][Red][kind=Basic]
[wall=1789996570][simulation=10.780][COMBAT][PROJECTILE_SPAWN][Red][kind=Ultimate]
[wall=1789996570][simulation=11.690][COMBAT][PROJECTILE_SPAWN][Red][kind=Basic]
[wall=1789996570][simulation=12.000][MATCH][MINION_WAVE][GameWorld][count_per_team=3]
[wall=1789996570][simulation=0.000][MATCH][MINION_WAVE][GameWorld][count_per_team=3]
[wall=1789996570][simulation=0.000][MATCH][START][GameWorld][seed=0xE4511E]
[wall=1789996570][simulation=0.000][MATCH][MINION_WAVE][GameWorld][count_per_team=3]
[wall=1789996570][simulation=0.000][MATCH][START][GameWorld][seed=0xE4511E]
[wall=1789996570][simulation=0.000][COMBAT][MINION_DEATH][Red][attacker=Blue]
[wall=1789996570][simulation=0.000][COMBAT][MINION_DEATH][Red][attacker=Blue]
[wall=1789996570][simulation=0.000][COMBAT][MINION_DEATH][Red][attacker=Blue]
[wall=1789996570][simulation=0.000][COMBAT][MINION_DEATH][Red][attacker=Blue]
[wall=1789996570][simulation=0.000][COMBAT][MINION_DEATH][Red][attacker=Blue]
[wall=1789996570][simulation=0.000][COMBAT][MINION_DEATH][Red][attacker=Blue]
[wall=1789996570][simulation=0.000][COMBAT][MINION_DEATH][Red][attacker=Blue]
[wall=1789996570][simulation=0.000][COMBAT][MINION_DEATH][Red][attacker=Blue]
[wall=1789996570][simulation=0.000][COMBAT][MINION_DEATH][Red][attacker=Blue]
[wall=1789996570][simulation=0.000][COMBAT][MINION_DEATH][Red][attacker=Blue]
[wall=1789996570][simulation=0.000][COMBAT][MINION_DEATH][Red][attacker=Blue]
[wall=1789996570][simulation=0.000][COMBAT][MINION_DEATH][Red][attacker=Blue]
[wall=1789996570][simulation=0.000][COMBAT][MINION_DEATH][Red][attacker=Blue]
[wall=1789996570][simulation=0.000][COMBAT][MINION_DEATH][Red][attacker=Blue]
[wall=1789996570][simulation=0.000][COMBAT][MINION_DEATH][Red][attacker=Blue]
[wall=1789996570][simulation=0.000][COMBAT][MINION_DEATH][Red][attacker=Blue]
[wall=1789996570][simulation=0.000][COMBAT][MINION_DEATH][Red][attacker=Blue]
[wall=1789996570][simulation=0.000][COMBAT][MINION_DEATH][Red][attacker=Blue]
[wall=1789996570][simulation=0.000][COMBAT][MINION_DEATH][Red][attacker=Blue]
[wall=1789996570][simulation=0.000][COMBAT][MINION_DEATH][Red][attacker=Blue]
[wall=1789996570][simulation=0.000][COMBAT][MINION_DEATH][Red][attacker=Blue]
[wall=1789996570][simulation=0.000][COMBAT][MINION_DEATH][Red][attacker=Blue]
[wall=1789996570][simulation=0.000][COMBAT][MINION_DEATH][Red][attacker=Blue]
[wall=1789996570][simulation=0.000][COMBAT][MINION_DEATH][Red][attacker=Blue]
[wall=1789996570][simulation=0.000][COMBAT][MINION_DEATH][Red][attacker=Blue]
[wall=1789996570][simulation=0.000][COMBAT][MINION_DEATH][Red][attacker=Blue]
[wall=1789996570][simulation=0.000][COMBAT][MINION_DEATH][Red][attacker=Blue]
[wall=1789996570][simulation=0.000][COMBAT][MINION_DEATH][Red][attacker=Blue]
[wall=1789996570][simulation=0.000][COMBAT][MINION_DEATH][Red][attacker=Blue]
[wall=1789996570][simulation=0.000][COMBAT][MINION_DEATH][Red][attacker=Blue]
[wall=1789996570][simulation=0.000][COMBAT][MINION_DEATH][Red][attacker=Blue]
[wall=1789996570][simulation=0.000][COMBAT][MINION_DEATH][Red][attacker=Blue]
[wall=1789996570][simulation=0.000][COMBAT][MINION_DEATH][Red][attacker=Blue]
[wall=1789996570][simulation=0.000][COMBAT][MINION_DEATH][Red][attacker=Blue]
[wall=1789996570][simulation=0.000][COMBAT][MINION_DEATH][Red][attacker=Blue]
[wall=1789996570][simulation=0.000][COMBAT][MINION_DEATH][Red][attacker=Blue]
[wall=1789996570][simulation=0.000][COMBAT][MINION_DEATH][Red][attacker=Blue]
[wall=1789996570][simulation=0.000][COMBAT][MINION_DEATH][Red][attacker=Blue]
[wall=1789996570][simulation=0.000][COMBAT][MINION_DEATH][Red][attacker=Blue]
[wall=1789996570][simulation=0.000][COMBAT][MINION_DEATH][Red][attacker=Blue]
[wall=1789996570][simulation=0.000][COMBAT][MINION_DEATH][Red][attacker=Blue]
[wall=1789996570][simulation=0.000][COMBAT][MINION_DEATH][Red][attacker=Blue]
[wall=1789996570][simulation=0.000][COMBAT][MINION_DEATH][Red][attacker=Blue]
[wall=1789996570][simulation=0.000][COMBAT][MINION_DEATH][Red][attacker=Blue]
[wall=1789996570][simulation=0.000][COMBAT][MINION_DEATH][Red][attacker=Blue]
[wall=1789996570][simulation=0.000][COMBAT][MINION_DEATH][Red][attacker=Blue]
[wall=1789996570][simulation=0.000][COMBAT][MINION_DEATH][Red][attacker=Blue]
[wall=1789996570][simulation=0.000][COMBAT][MINION_DEATH][Red][attacker=Blue]
[wall=1789996570][simulation=0.000][COMBAT][MINION_DEATH][Red][attacker=Blue]
[wall=1789996570][simulation=0.000][COMBAT][MINION_DEATH][Red][attacker=Blue]
[wall=1789996570][simulation=0.000][MATCH][MINION_WAVE][GameWorld][count_per_team=3]
[wall=1789996570][simulation=0.000][MATCH][START][GameWorld][seed=0xE4511E]
[wall=1789996570][simulation=0.010][COMBAT][PROJECTILE_SPAWN][Blue][kind=Basic]
[wall=1789996570][simulation=0.010][MATCH][PAUSE][GameWorld][]
[wall=1789996570][simulation=0.010][MATCH][RESUME][GameWorld][]
[wall=1789996570][simulation=0.010][MATCH][BASE_DESTROYED][Red][]
[wall=1789996570][simulation=0.020][MATCH][END][GameWorld][Victory]
[wall=1789996570][simulation=0.000][MATCH][MINION_WAVE][GameWorld][count_per_team=3]
[wall=1789996570][simulation=0.000][MATCH][START][GameWorld][seed=0xE4511E]
[wall=1789996570][simulation=0.010][COMBAT][PROJECTILE_SPAWN][Blue][kind=Basic]
[wall=1789996570][simulation=0.000][MATCH][MINION_WAVE][GameWorld][count_per_team=3]
[wall=1789996570][simulation=0.000][MATCH][START][GameWorld][seed=0xE4511E]
[wall=1789996570][simulation=0.010][COMBAT][PROJECTILE_SPAWN][Blue][kind=Basic]
[wall=1789996570][simulation=0.010][COMBAT][PROJECTILE_SPAWN][Blue][kind=Ultimate]
[wall=1789996570][simulation=0.010][COMBAT][PROJECTILE_SPAWN][Red][kind=Ultimate]
[wall=1789996570][simulation=0.020][COMBAT][PROJECTILE_SPAWN][Blue][kind=Basic]
[wall=1789996570][simulation=0.000][MATCH][MINION_WAVE][GameWorld][count_per_team=3]
[wall=1789996570][simulation=0.000][MATCH][START][GameWorld][seed=0xE4511E]
[wall=1789996570][simulation=0.000][COMBAT][HERO_DEATH][PlayerHero][attacker=Red]
[wall=1789996570][simulation=0.010][BOT_FSM][STATE][BotHero][Dead]
[wall=1789996570][simulation=5.000][COMBAT][HERO_RESPAWN][PlayerHero][]
[wall=1789996570][simulation=5.000][COMBAT][HERO_RESPAWN][BotHero][]
[wall=1789996570][simulation=5.000][BOT_FSM][RESPAWN_RESET][BotHero][fsm_state_cleared]
[wall=1789996570][simulation=0.000][MATCH][MINION_WAVE][GameWorld][count_per_team=3]
[wall=1789996570][simulation=0.000][MATCH][START][GameWorld][seed=0xE4511E]
[wall=1789996570][simulation=0.000][MATCH][BASE_DESTROYED][Blue][]
[wall=1789996570][simulation=0.010][MATCH][BASE_DESTROYED][Red][]
[wall=1789996570][simulation=0.010][MATCH][END][GameWorld][Draw]
[wall=1789996570][simulation=0.000][MATCH][MINION_WAVE][GameWorld][count_per_team=3]
[wall=1789996570][simulation=0.000][MATCH][START][GameWorld][seed=0xE4511E]
[wall=1789996570][simulation=0.000][MATCH][BASE_DESTROYED][Blue][]
[wall=1789996570][simulation=0.011][MATCH][BASE_DESTROYED][Red][]
[wall=1789996570][simulation=0.011][MATCH][END][GameWorld][Defeat]
[wall=1789996570][simulation=0.000][MATCH][MINION_WAVE][GameWorld][count_per_team=3]
[wall=1789996570][simulation=0.000][MATCH][START][GameWorld][seed=0xE4511E]
[wall=1789996570][simulation=0.000][MATCH][MINION_WAVE][GameWorld][count_per_team=3]
[wall=1789996570][simulation=0.000][MATCH][START][GameWorld][seed=0xE4511E]
[wall=1789996570][simulation=0.020][BOT_FSM][ADVANCE_TO_RETREAT][BotHero][hp_ratio<=30%;tower_to_base_defensive_point]
[wall=1789996570][simulation=0.040][BOT_FSM][RETREAT_TO_RECOVER][BotHero][defensive_point_reached]
[wall=1789996570][simulation=0.640][BOT_FSM][RECOVER_TARGET_LOST][BotHero][return_to_defensive_point]
[wall=1789996570][simulation=0.650][BOT_FSM][RETREAT_TO_RECOVER][BotHero][defensive_point_reached]
[wall=1789996570][simulation=0.660][BOT_FSM][RECOVER_TO_ADVANCE][BotHero][hp_ratio>=55%]
[wall=1789996570][simulation=0.670][BOT_FSM][STATE][BotHero][Dead]
[wall=1789996570][simulation=0.670][MATCH][BASE_DESTROYED][Red][]
[wall=1789996570][simulation=0.680][MATCH][END][GameWorld][Victory]
[wall=1789996570][simulation=0.000][MATCH][MINION_WAVE][GameWorld][count_per_team=3]
[wall=1789996570][simulation=0.000][MATCH][START][GameWorld][seed=0xE4511E]
[wall=1789996570][simulation=0.000][MATCH][MINION_WAVE][GameWorld][count_per_team=3]
[wall=1789996570][simulation=0.000][MATCH][START][GameWorld][seed=0xE4511E]
[wall=1789996570][simulation=0.010][BOT_FSM][ADVANCE_TO_RETREAT][BotHero][hp_ratio<=30%;tower_to_base_defensive_point]
[wall=1789996570][simulation=0.200][BOT_FSM][RETREAT_TO_RECOVER][BotHero][defensive_point_reached]
[wall=1789996570][simulation=6.450][BOT_FSM][RECOVER_TO_ADVANCE][BotHero][hp_ratio>=55%]
[wall=1789996570][simulation=6.460][BOT_FSM][ADVANCE_TO_RETREAT][BotHero][hp_ratio<=30%;tower_to_base_defensive_point]
[wall=1789996570][simulation=6.470][BOT_FSM][RETREAT_TO_RECOVER][BotHero][defensive_point_reached]
[wall=1789996570][simulation=12.000][MATCH][MINION_WAVE][GameWorld][count_per_team=3]
[wall=1789996570][simulation=12.720][BOT_FSM][RECOVER_TO_ADVANCE][BotHero][hp_ratio>=55%]
[wall=1789996570][simulation=12.730][BOT_FSM][ADVANCE_TO_RETREAT][BotHero][hp_ratio<=30%;tower_to_base_defensive_point]
[wall=1789996570][simulation=12.740][BOT_FSM][RETREAT_TO_RECOVER][BotHero][defensive_point_reached]
[wall=1789996570][simulation=18.990][BOT_FSM][RECOVER_TO_ADVANCE][BotHero][hp_ratio>=55%]
[wall=1789996570][simulation=0.000][MATCH][MINION_WAVE][GameWorld][count_per_team=3]
[wall=1789996570][simulation=0.000][MATCH][START][GameWorld][seed=0xE4511E]
[wall=1789996570][simulation=0.010][COMBAT][PROJECTILE_SPAWN][Blue][kind=Basic]
[wall=1789996570][simulation=0.010][BOT_FSM][STATE][BotHero][Dead]
[wall=1789996570][simulation=0.120][MATCH][BASE_DESTROYED][Red][]
[wall=1789996570][simulation=0.130][MATCH][END][GameWorld][Victory]
[wall=1789996570][simulation=0.000][MATCH][MINION_WAVE][GameWorld][count_per_team=3]
[wall=1789996570][simulation=0.000][MATCH][START][GameWorld][seed=0xE4511E]
[wall=1789996570][simulation=0.000][MATCH][MINION_WAVE][GameWorld][count_per_team=3]
[wall=1789996570][simulation=0.000][MATCH][START][GameWorld][seed=0xE4511E]
[wall=1789996570][simulation=0.010][COMBAT][PROJECTILE_SPAWN][Blue][kind=Basic]
[wall=1789996570][simulation=0.010][BOT_FSM][STATE][BotHero][Dead]
[wall=1789996570][simulation=0.120][MATCH][BASE_DESTROYED][Red][]
[wall=1789996570][simulation=0.130][MATCH][END][GameWorld][Victory]
[wall=1789996570][simulation=0.000][MATCH][MINION_WAVE][GameWorld][count_per_team=3]
[wall=1789996570][simulation=0.000][MATCH][START][GameWorld][seed=0xE4511E]
[wall=1789996570][simulation=0.000][MATCH][MINION_WAVE][GameWorld][count_per_team=3]
[wall=1789996570][simulation=0.000][MATCH][START][GameWorld][seed=0xE4511E]
[wall=1789996570][simulation=0.010][COMBAT][PROJECTILE_SPAWN][Blue][kind=Basic]
[wall=1789996570][simulation=0.010][BOT_FSM][STATE][BotHero][Dead]
[wall=1789996570][simulation=0.120][MATCH][BASE_DESTROYED][Red][]
[wall=1789996570][simulation=0.130][MATCH][END][GameWorld][Victory]
[wall=1789996570][simulation=0.000][MATCH][MINION_WAVE][GameWorld][count_per_team=3]
[wall=1789996570][simulation=0.000][MATCH][START][GameWorld][seed=0xE4511E]
[wall=1789996570][simulation=0.000][MATCH][MINION_WAVE][GameWorld][count_per_team=3]
[wall=1789996570][simulation=0.000][MATCH][START][GameWorld][seed=0xE4511E]
[wall=1789996570][simulation=0.010][COMBAT][PROJECTILE_SPAWN][Blue][kind=Basic]
[wall=1789996570][simulation=0.010][BOT_FSM][STATE][BotHero][Dead]
[wall=1789996570][simulation=0.120][MATCH][BASE_DESTROYED][Red][]
[wall=1789996570][simulation=0.130][MATCH][END][GameWorld][Victory]
[wall=1789996570][simulation=0.000][MATCH][MINION_WAVE][GameWorld][count_per_team=3]
[wall=1789996570][simulation=0.000][MATCH][START][GameWorld][seed=0xE4511E]
[wall=1789996570][simulation=0.000][MATCH][MINION_WAVE][GameWorld][count_per_team=3]
[wall=1789996570][simulation=0.000][MATCH][START][GameWorld][seed=0xE4511E]
[wall=1789996570][simulation=0.010][COMBAT][PROJECTILE_SPAWN][Blue][kind=Basic]
[wall=1789996570][simulation=0.010][BOT_FSM][STATE][BotHero][Dead]
[wall=1789996570][simulation=0.120][MATCH][BASE_DESTROYED][Red][]
[wall=1789996570][simulation=0.130][MATCH][END][GameWorld][Victory]
[wall=1789996570][simulation=0.000][MATCH][MINION_WAVE][GameWorld][count_per_team=3]
[wall=1789996570][simulation=0.000][MATCH][START][GameWorld][seed=0xE4511E]
[wall=1789996570][simulation=0.000][MATCH][MINION_WAVE][GameWorld][count_per_team=3]
[wall=1789996570][simulation=0.000][MATCH][START][GameWorld][seed=0xE4511E]
[wall=1789996570][simulation=0.010][COMBAT][PROJECTILE_SPAWN][Blue][kind=Basic]
[wall=1789996570][simulation=0.010][BOT_FSM][STATE][BotHero][Dead]
[wall=1789996570][simulation=0.120][MATCH][BASE_DESTROYED][Red][]
[wall=1789996570][simulation=0.130][MATCH][END][GameWorld][Victory]
[wall=1789996570][simulation=0.000][MATCH][MINION_WAVE][GameWorld][count_per_team=3]
[wall=1789996570][simulation=0.000][MATCH][START][GameWorld][seed=0xE4511E]
[wall=1789996570][simulation=0.000][MATCH][MINION_WAVE][GameWorld][count_per_team=3]
[wall=1789996570][simulation=0.000][MATCH][START][GameWorld][seed=0xE4511E]
[wall=1789996570][simulation=0.010][COMBAT][PROJECTILE_SPAWN][Blue][kind=Basic]
[wall=1789996570][simulation=0.010][BOT_FSM][STATE][BotHero][Dead]
[wall=1789996570][simulation=0.120][MATCH][BASE_DESTROYED][Red][]
[wall=1789996570][simulation=0.130][MATCH][END][GameWorld][Victory]
[wall=1789996570][simulation=0.000][MATCH][MINION_WAVE][GameWorld][count_per_team=3]
[wall=1789996570][simulation=0.000][MATCH][START][GameWorld][seed=0xE4511E]
[wall=1789996570][simulation=0.000][MATCH][MINION_WAVE][GameWorld][count_per_team=3]
[wall=1789996570][simulation=0.000][MATCH][START][GameWorld][seed=0xE4511E]
[wall=1789996570][simulation=0.010][COMBAT][PROJECTILE_SPAWN][Blue][kind=Basic]
[wall=1789996570][simulation=0.010][BOT_FSM][STATE][BotHero][Dead]
[wall=1789996570][simulation=0.120][MATCH][BASE_DESTROYED][Red][]
[wall=1789996570][simulation=0.130][MATCH][END][GameWorld][Victory]
[wall=1789996570][simulation=0.000][MATCH][MINION_WAVE][GameWorld][count_per_team=3]
[wall=1789996570][simulation=0.000][MATCH][START][GameWorld][seed=0xE4511E]
[wall=1789996570][simulation=0.000][MATCH][MINION_WAVE][GameWorld][count_per_team=3]
[wall=1789996570][simulation=0.000][MATCH][START][GameWorld][seed=0xE4511E]
[wall=1789996570][simulation=0.010][COMBAT][PROJECTILE_SPAWN][Blue][kind=Basic]
[wall=1789996570][simulation=0.010][BOT_FSM][STATE][BotHero][Dead]
[wall=1789996570][simulation=0.120][MATCH][BASE_DESTROYED][Red][]
[wall=1789996570][simulation=0.130][MATCH][END][GameWorld][Victory]
[wall=1789996570][simulation=0.000][MATCH][MINION_WAVE][GameWorld][count_per_team=3]
[wall=1789996570][simulation=0.000][MATCH][START][GameWorld][seed=0xE4511E]
[wall=1789996570][simulation=0.000][MATCH][MINION_WAVE][GameWorld][count_per_team=3]
[wall=1789996570][simulation=0.000][MATCH][START][GameWorld][seed=0xE4511E]
[wall=1789996570][simulation=0.010][COMBAT][PROJECTILE_SPAWN][Blue][kind=Basic]
[wall=1789996570][simulation=0.010][BOT_FSM][STATE][BotHero][Dead]
[wall=1789996570][simulation=0.120][MATCH][BASE_DESTROYED][Red][]
[wall=1789996570][simulation=0.130][MATCH][END][GameWorld][Victory]
[wall=1789996570][simulation=0.000][MATCH][MINION_WAVE][GameWorld][count_per_team=3]
[wall=1789996570][simulation=0.000][MATCH][START][GameWorld][seed=0xE4511E]
[wall=1789996570][simulation=0.000][MATCH][MINION_WAVE][GameWorld][count_per_team=3]
[wall=1789996570][simulation=0.000][MATCH][START][GameWorld][seed=0xE4511E]
[wall=1789996570][simulation=0.100][BOT_FSM][STATE][BotHero][normal_decision]
[wall=1789996570][simulation=0.120][COMBAT][PROJECTILE_SPAWN][Blue][kind=Basic]
[wall=1789996570][simulation=0.120][COMBAT][PROJECTILE_SPAWN][Blue][kind=Ultimate]
[wall=1789996570][simulation=0.120][COMBAT][PROJECTILE_SPAWN][Red][kind=Basic]
[wall=1789996570][simulation=0.120][COMBAT][PROJECTILE_SPAWN][Red][kind=Ultimate]
[wall=1789996570][simulation=0.150][BOT_FSM][ADVANCE_TO_RETREAT][BotHero][hp_ratio<=30%;tower_to_base_defensive_point]
[wall=1789996570][simulation=0.180][COMBAT][HERO_DEATH][BotHero][attacker=Blue]
[wall=1789996570][simulation=0.190][BOT_FSM][STATE][BotHero][Dead]
[wall=1789996570][simulation=5.180][COMBAT][HERO_RESPAWN][BotHero][]
[wall=1789996570][simulation=5.180][BOT_FSM][RESPAWN_RESET][BotHero][fsm_state_cleared]
[wall=1789996570][simulation=5.190][MATCH][TOWER_DESTROYED][Red][]
[wall=1789996570][simulation=5.200][COMBAT][PROJECTILE_SPAWN][Blue][kind=Basic]
[wall=1789996570][simulation=5.200][BOT_FSM][STATE][BotHero][Dead]
[wall=1789996570][simulation=5.310][MATCH][BASE_DESTROYED][Red][]
[wall=1789996570][simulation=5.320][MATCH][END][GameWorld][Victory]
[wall=1789996570][simulation=0.000][MATCH][MINION_WAVE][GameWorld][count_per_team=3]
[wall=1789996570][simulation=0.000][MATCH][START][GameWorld][seed=0xE4511E]
[wall=1789996571][simulation=0.000][APP][WINDOW_CREATED][Application][]
[wall=1789996571][simulation=0.000][APP][DX11_READY][Renderer][]
[wall=1789996571][simulation=0.000][APP][HUD_READY][HUDRenderer][smoke=1]
[wall=1789996571][simulation=0.000][MATCH][MINION_WAVE][GameWorld][count_per_team=3]
[wall=1789996571][simulation=0.000][MATCH][START][GameWorld][seed=0xE4511E]
[wall=1789996571][simulation=0.100][BOT_FSM][STATE][BotHero][normal_decision]
[wall=1789996571][simulation=0.780][COMBAT][PROJECTILE_SPAWN][Red][kind=Ultimate]
[wall=1789996571][simulation=1.300][COMBAT][MINION_DEATH][Blue][attacker=Red]
[wall=1789996571][simulation=1.690][COMBAT][PROJECTILE_SPAWN][Red][kind=Basic]
[wall=1789996571][simulation=2.400][BOT_FSM][STATE][BotHero][normal_decision]
[wall=1789996571][simulation=2.690][COMBAT][PROJECTILE_SPAWN][Red][kind=Basic]
[wall=1789996571][simulation=3.690][COMBAT][PROJECTILE_SPAWN][Red][kind=Basic]
[wall=1789996571][simulation=3.810][COMBAT][PROJECTILE_SPAWN][Blue][kind=Basic]
[wall=1789996571][simulation=3.810][COMBAT][PROJECTILE_SPAWN][Blue][kind=Ultimate]
[wall=1789996571][simulation=0.000][APP][FRAMES_RENDERED][Renderer][count=5]
[wall=1789996571][simulation=0.000][APP][EXIT][Application][]
[wall=1789996758][simulation=0.000][MATCH][MINION_WAVE][GameWorld][count_per_team=3]
[wall=1789996758][simulation=0.000][MATCH][START][GameWorld][seed=0xE4511E]
[wall=1789996758][simulation=0.000][MATCH][MINION_WAVE][GameWorld][count_per_team=3]
[wall=1789996758][simulation=0.000][MATCH][START][GameWorld][seed=0xE4511E]
[wall=1789996758][simulation=0.010][COMBAT][PROJECTILE_SPAWN][Blue][kind=Basic]
[wall=1789996758][simulation=0.010][COMBAT][PROJECTILE_SPAWN][Blue][kind=Ultimate]
[wall=1789996758][simulation=0.000][MATCH][MINION_WAVE][GameWorld][count_per_team=3]
[wall=1789996758][simulation=0.000][MATCH][START][GameWorld][seed=0xE4511E]
[wall=1789996758][simulation=0.100][BOT_FSM][STATE][BotHero][normal_decision]
[wall=1789996758][simulation=0.100][COMBAT][PROJECTILE_SPAWN][Red][kind=Basic]
[wall=1789996758][simulation=0.100][COMBAT][PROJECTILE_SPAWN][Red][kind=Ultimate]
[wall=1789996758][simulation=0.200][BOT_FSM][ADVANCE_TO_RETREAT][BotHero][hp_ratio<=30%;tower_to_base_defensive_point]
[wall=1789996758][simulation=0.300][BOT_FSM][RESPAWN_RESET][BotHero][fsm_state_cleared]
[wall=1789996758][simulation=0.400][BOT_FSM][STATE][BotHero][normal_decision]
[wall=1789996758][simulation=0.500][BOT_FSM][STATE][BotHero][Dead]
[wall=1789996758][simulation=0.510][BOT_FSM][RESPAWN_RESET][BotHero][fsm_state_cleared]
[wall=1789996758][simulation=0.000][MATCH][MINION_WAVE][GameWorld][count_per_team=3]
[wall=1789996758][simulation=0.000][MATCH][START][GameWorld][seed=0xE4511E]
[wall=1789996758][simulation=0.000][MATCH][TOWER_DESTROYED][Red][]
[wall=1789996758][simulation=0.100][BOT_FSM][STATE][BotHero][normal_decision]
[wall=1789996758][simulation=0.780][COMBAT][PROJECTILE_SPAWN][Red][kind=Ultimate]
[wall=1789996758][simulation=1.300][COMBAT][MINION_DEATH][Blue][attacker=Red]
[wall=1789996758][simulation=1.690][COMBAT][PROJECTILE_SPAWN][Red][kind=Basic]
[wall=1789996758][simulation=2.400][BOT_FSM][STATE][BotHero][normal_decision]
[wall=1789996758][simulation=2.690][COMBAT][PROJECTILE_SPAWN][Red][kind=Basic]
[wall=1789996758][simulation=3.690][COMBAT][PROJECTILE_SPAWN][Red][kind=Basic]
[wall=1789996758][simulation=4.690][COMBAT][PROJECTILE_SPAWN][Red][kind=Basic]
[wall=1789996758][simulation=5.690][COMBAT][PROJECTILE_SPAWN][Red][kind=Basic]
[wall=1789996758][simulation=6.690][COMBAT][PROJECTILE_SPAWN][Red][kind=Basic]
[wall=1789996758][simulation=7.690][COMBAT][PROJECTILE_SPAWN][Red][kind=Basic]
[wall=1789996758][simulation=8.690][COMBAT][PROJECTILE_SPAWN][Red][kind=Basic]
[wall=1789996758][simulation=9.690][COMBAT][PROJECTILE_SPAWN][Red][kind=Basic]
[wall=1789996758][simulation=10.690][COMBAT][PROJECTILE_SPAWN][Red][kind=Basic]
[wall=1789996758][simulation=10.780][COMBAT][PROJECTILE_SPAWN][Red][kind=Ultimate]
[wall=1789996758][simulation=11.690][COMBAT][PROJECTILE_SPAWN][Red][kind=Basic]
[wall=1789996758][simulation=12.000][MATCH][MINION_WAVE][GameWorld][count_per_team=3]
[wall=1789996758][simulation=0.000][MATCH][MINION_WAVE][GameWorld][count_per_team=3]
[wall=1789996758][simulation=0.000][MATCH][START][GameWorld][seed=0xE4511E]
[wall=1789996758][simulation=0.000][MATCH][MINION_WAVE][GameWorld][count_per_team=3]
[wall=1789996758][simulation=0.000][MATCH][START][GameWorld][seed=0xE4511E]
[wall=1789996758][simulation=0.000][COMBAT][MINION_DEATH][Red][attacker=Blue]
[wall=1789996758][simulation=0.000][COMBAT][MINION_DEATH][Red][attacker=Blue]
[wall=1789996758][simulation=0.000][COMBAT][MINION_DEATH][Red][attacker=Blue]
[wall=1789996758][simulation=0.000][COMBAT][MINION_DEATH][Red][attacker=Blue]
[wall=1789996758][simulation=0.000][COMBAT][MINION_DEATH][Red][attacker=Blue]
[wall=1789996758][simulation=0.000][COMBAT][MINION_DEATH][Red][attacker=Blue]
[wall=1789996758][simulation=0.000][COMBAT][MINION_DEATH][Red][attacker=Blue]
[wall=1789996758][simulation=0.000][COMBAT][MINION_DEATH][Red][attacker=Blue]
[wall=1789996758][simulation=0.000][COMBAT][MINION_DEATH][Red][attacker=Blue]
[wall=1789996758][simulation=0.000][COMBAT][MINION_DEATH][Red][attacker=Blue]
[wall=1789996758][simulation=0.000][COMBAT][MINION_DEATH][Red][attacker=Blue]
[wall=1789996758][simulation=0.000][COMBAT][MINION_DEATH][Red][attacker=Blue]
[wall=1789996758][simulation=0.000][COMBAT][MINION_DEATH][Red][attacker=Blue]
[wall=1789996758][simulation=0.000][COMBAT][MINION_DEATH][Red][attacker=Blue]
[wall=1789996758][simulation=0.000][COMBAT][MINION_DEATH][Red][attacker=Blue]
[wall=1789996758][simulation=0.000][COMBAT][MINION_DEATH][Red][attacker=Blue]
[wall=1789996758][simulation=0.000][COMBAT][MINION_DEATH][Red][attacker=Blue]
[wall=1789996758][simulation=0.000][COMBAT][MINION_DEATH][Red][attacker=Blue]
[wall=1789996758][simulation=0.000][COMBAT][MINION_DEATH][Red][attacker=Blue]
[wall=1789996758][simulation=0.000][COMBAT][MINION_DEATH][Red][attacker=Blue]
[wall=1789996758][simulation=0.000][COMBAT][MINION_DEATH][Red][attacker=Blue]
[wall=1789996758][simulation=0.000][COMBAT][MINION_DEATH][Red][attacker=Blue]
[wall=1789996758][simulation=0.000][COMBAT][MINION_DEATH][Red][attacker=Blue]
[wall=1789996758][simulation=0.000][COMBAT][MINION_DEATH][Red][attacker=Blue]
[wall=1789996758][simulation=0.000][COMBAT][MINION_DEATH][Red][attacker=Blue]
[wall=1789996758][simulation=0.000][COMBAT][MINION_DEATH][Red][attacker=Blue]
[wall=1789996758][simulation=0.000][COMBAT][MINION_DEATH][Red][attacker=Blue]
[wall=1789996758][simulation=0.000][COMBAT][MINION_DEATH][Red][attacker=Blue]
[wall=1789996758][simulation=0.000][COMBAT][MINION_DEATH][Red][attacker=Blue]
[wall=1789996758][simulation=0.000][COMBAT][MINION_DEATH][Red][attacker=Blue]
[wall=1789996758][simulation=0.000][COMBAT][MINION_DEATH][Red][attacker=Blue]
[wall=1789996758][simulation=0.000][COMBAT][MINION_DEATH][Red][attacker=Blue]
[wall=1789996758][simulation=0.000][COMBAT][MINION_DEATH][Red][attacker=Blue]
[wall=1789996758][simulation=0.000][COMBAT][MINION_DEATH][Red][attacker=Blue]
[wall=1789996758][simulation=0.000][COMBAT][MINION_DEATH][Red][attacker=Blue]
[wall=1789996758][simulation=0.000][COMBAT][MINION_DEATH][Red][attacker=Blue]
[wall=1789996758][simulation=0.000][COMBAT][MINION_DEATH][Red][attacker=Blue]
[wall=1789996758][simulation=0.000][COMBAT][MINION_DEATH][Red][attacker=Blue]
[wall=1789996758][simulation=0.000][COMBAT][MINION_DEATH][Red][attacker=Blue]
[wall=1789996758][simulation=0.000][COMBAT][MINION_DEATH][Red][attacker=Blue]
[wall=1789996758][simulation=0.000][COMBAT][MINION_DEATH][Red][attacker=Blue]
[wall=1789996758][simulation=0.000][COMBAT][MINION_DEATH][Red][attacker=Blue]
[wall=1789996758][simulation=0.000][COMBAT][MINION_DEATH][Red][attacker=Blue]
[wall=1789996758][simulation=0.000][COMBAT][MINION_DEATH][Red][attacker=Blue]
[wall=1789996758][simulation=0.000][COMBAT][MINION_DEATH][Red][attacker=Blue]
[wall=1789996758][simulation=0.000][COMBAT][MINION_DEATH][Red][attacker=Blue]
[wall=1789996758][simulation=0.000][COMBAT][MINION_DEATH][Red][attacker=Blue]
[wall=1789996758][simulation=0.000][COMBAT][MINION_DEATH][Red][attacker=Blue]
[wall=1789996758][simulation=0.000][COMBAT][MINION_DEATH][Red][attacker=Blue]
[wall=1789996758][simulation=0.000][COMBAT][MINION_DEATH][Red][attacker=Blue]
[wall=1789996758][simulation=0.000][MATCH][MINION_WAVE][GameWorld][count_per_team=3]
[wall=1789996758][simulation=0.000][MATCH][START][GameWorld][seed=0xE4511E]
[wall=1789996758][simulation=0.010][COMBAT][PROJECTILE_SPAWN][Blue][kind=Basic]
[wall=1789996758][simulation=0.010][MATCH][PAUSE][GameWorld][]
[wall=1789996758][simulation=0.010][MATCH][RESUME][GameWorld][]
[wall=1789996758][simulation=0.010][MATCH][BASE_DESTROYED][Red][]
[wall=1789996758][simulation=0.020][MATCH][END][GameWorld][Victory]
[wall=1789996758][simulation=0.000][MATCH][MINION_WAVE][GameWorld][count_per_team=3]
[wall=1789996758][simulation=0.000][MATCH][START][GameWorld][seed=0xE4511E]
[wall=1789996758][simulation=0.010][COMBAT][PROJECTILE_SPAWN][Blue][kind=Basic]
[wall=1789996758][simulation=0.000][MATCH][MINION_WAVE][GameWorld][count_per_team=3]
[wall=1789996758][simulation=0.000][MATCH][START][GameWorld][seed=0xE4511E]
[wall=1789996758][simulation=0.010][COMBAT][PROJECTILE_SPAWN][Blue][kind=Basic]
[wall=1789996758][simulation=0.010][COMBAT][PROJECTILE_SPAWN][Blue][kind=Ultimate]
[wall=1789996758][simulation=0.010][COMBAT][PROJECTILE_SPAWN][Red][kind=Ultimate]
[wall=1789996758][simulation=0.020][COMBAT][PROJECTILE_SPAWN][Blue][kind=Basic]
[wall=1789996758][simulation=0.000][MATCH][MINION_WAVE][GameWorld][count_per_team=3]
[wall=1789996758][simulation=0.000][MATCH][START][GameWorld][seed=0xE4511E]
[wall=1789996758][simulation=0.000][COMBAT][HERO_DEATH][PlayerHero][attacker=Red]
[wall=1789996758][simulation=0.010][BOT_FSM][STATE][BotHero][Dead]
[wall=1789996758][simulation=5.000][COMBAT][HERO_RESPAWN][PlayerHero][]
[wall=1789996758][simulation=5.000][COMBAT][HERO_RESPAWN][BotHero][]
[wall=1789996758][simulation=5.000][BOT_FSM][RESPAWN_RESET][BotHero][fsm_state_cleared]
[wall=1789996758][simulation=0.000][MATCH][MINION_WAVE][GameWorld][count_per_team=3]
[wall=1789996758][simulation=0.000][MATCH][START][GameWorld][seed=0xE4511E]
[wall=1789996758][simulation=0.000][MATCH][BASE_DESTROYED][Blue][]
[wall=1789996758][simulation=0.010][MATCH][BASE_DESTROYED][Red][]
[wall=1789996758][simulation=0.010][MATCH][END][GameWorld][Draw]
[wall=1789996758][simulation=0.000][MATCH][MINION_WAVE][GameWorld][count_per_team=3]
[wall=1789996758][simulation=0.000][MATCH][START][GameWorld][seed=0xE4511E]
[wall=1789996758][simulation=0.000][MATCH][BASE_DESTROYED][Blue][]
[wall=1789996758][simulation=0.011][MATCH][BASE_DESTROYED][Red][]
[wall=1789996758][simulation=0.011][MATCH][END][GameWorld][Defeat]
[wall=1789996758][simulation=0.000][MATCH][MINION_WAVE][GameWorld][count_per_team=3]
[wall=1789996758][simulation=0.000][MATCH][START][GameWorld][seed=0xE4511E]
[wall=1789996758][simulation=0.000][MATCH][MINION_WAVE][GameWorld][count_per_team=3]
[wall=1789996758][simulation=0.000][MATCH][START][GameWorld][seed=0xE4511E]
[wall=1789996758][simulation=0.020][BOT_FSM][ADVANCE_TO_RETREAT][BotHero][hp_ratio<=30%;tower_to_base_defensive_point]
[wall=1789996758][simulation=0.040][BOT_FSM][RETREAT_TO_RECOVER][BotHero][defensive_point_reached]
[wall=1789996758][simulation=0.640][BOT_FSM][RECOVER_TARGET_LOST][BotHero][return_to_defensive_point]
[wall=1789996758][simulation=0.650][BOT_FSM][RETREAT_TO_RECOVER][BotHero][defensive_point_reached]
[wall=1789996758][simulation=0.660][BOT_FSM][RECOVER_TO_ADVANCE][BotHero][hp_ratio>=55%]
[wall=1789996758][simulation=0.670][BOT_FSM][STATE][BotHero][Dead]
[wall=1789996758][simulation=0.670][MATCH][BASE_DESTROYED][Red][]
[wall=1789996758][simulation=0.680][MATCH][END][GameWorld][Victory]
[wall=1789996758][simulation=0.000][MATCH][MINION_WAVE][GameWorld][count_per_team=3]
[wall=1789996758][simulation=0.000][MATCH][START][GameWorld][seed=0xE4511E]
[wall=1789996758][simulation=0.000][MATCH][MINION_WAVE][GameWorld][count_per_team=3]
[wall=1789996758][simulation=0.000][MATCH][START][GameWorld][seed=0xE4511E]
[wall=1789996758][simulation=0.010][BOT_FSM][ADVANCE_TO_RETREAT][BotHero][hp_ratio<=30%;tower_to_base_defensive_point]
[wall=1789996758][simulation=0.200][BOT_FSM][RETREAT_TO_RECOVER][BotHero][defensive_point_reached]
[wall=1789996758][simulation=6.450][BOT_FSM][RECOVER_TO_ADVANCE][BotHero][hp_ratio>=55%]
[wall=1789996758][simulation=6.460][BOT_FSM][ADVANCE_TO_RETREAT][BotHero][hp_ratio<=30%;tower_to_base_defensive_point]
[wall=1789996758][simulation=6.470][BOT_FSM][RETREAT_TO_RECOVER][BotHero][defensive_point_reached]
[wall=1789996758][simulation=12.000][MATCH][MINION_WAVE][GameWorld][count_per_team=3]
[wall=1789996758][simulation=12.720][BOT_FSM][RECOVER_TO_ADVANCE][BotHero][hp_ratio>=55%]
[wall=1789996758][simulation=12.730][BOT_FSM][ADVANCE_TO_RETREAT][BotHero][hp_ratio<=30%;tower_to_base_defensive_point]
[wall=1789996758][simulation=12.740][BOT_FSM][RETREAT_TO_RECOVER][BotHero][defensive_point_reached]
[wall=1789996758][simulation=18.990][BOT_FSM][RECOVER_TO_ADVANCE][BotHero][hp_ratio>=55%]
[wall=1789996758][simulation=0.000][MATCH][MINION_WAVE][GameWorld][count_per_team=3]
[wall=1789996758][simulation=0.000][MATCH][START][GameWorld][seed=0xE4511E]
[wall=1789996758][simulation=0.010][COMBAT][PROJECTILE_SPAWN][Blue][kind=Basic]
[wall=1789996758][simulation=0.010][BOT_FSM][STATE][BotHero][Dead]
[wall=1789996758][simulation=0.120][MATCH][BASE_DESTROYED][Red][]
[wall=1789996758][simulation=0.130][MATCH][END][GameWorld][Victory]
[wall=1789996758][simulation=0.000][MATCH][MINION_WAVE][GameWorld][count_per_team=3]
[wall=1789996758][simulation=0.000][MATCH][START][GameWorld][seed=0xE4511E]
[wall=1789996758][simulation=0.000][MATCH][MINION_WAVE][GameWorld][count_per_team=3]
[wall=1789996758][simulation=0.000][MATCH][START][GameWorld][seed=0xE4511E]
[wall=1789996758][simulation=0.010][COMBAT][PROJECTILE_SPAWN][Blue][kind=Basic]
[wall=1789996758][simulation=0.010][BOT_FSM][STATE][BotHero][Dead]
[wall=1789996758][simulation=0.120][MATCH][BASE_DESTROYED][Red][]
[wall=1789996758][simulation=0.130][MATCH][END][GameWorld][Victory]
[wall=1789996758][simulation=0.000][MATCH][MINION_WAVE][GameWorld][count_per_team=3]
[wall=1789996758][simulation=0.000][MATCH][START][GameWorld][seed=0xE4511E]
[wall=1789996758][simulation=0.000][MATCH][MINION_WAVE][GameWorld][count_per_team=3]
[wall=1789996758][simulation=0.000][MATCH][START][GameWorld][seed=0xE4511E]
[wall=1789996758][simulation=0.010][COMBAT][PROJECTILE_SPAWN][Blue][kind=Basic]
[wall=1789996758][simulation=0.010][BOT_FSM][STATE][BotHero][Dead]
[wall=1789996758][simulation=0.120][MATCH][BASE_DESTROYED][Red][]
[wall=1789996758][simulation=0.130][MATCH][END][GameWorld][Victory]
[wall=1789996758][simulation=0.000][MATCH][MINION_WAVE][GameWorld][count_per_team=3]
[wall=1789996758][simulation=0.000][MATCH][START][GameWorld][seed=0xE4511E]
[wall=1789996758][simulation=0.000][MATCH][MINION_WAVE][GameWorld][count_per_team=3]
[wall=1789996758][simulation=0.000][MATCH][START][GameWorld][seed=0xE4511E]
[wall=1789996758][simulation=0.010][COMBAT][PROJECTILE_SPAWN][Blue][kind=Basic]
[wall=1789996758][simulation=0.010][BOT_FSM][STATE][BotHero][Dead]
[wall=1789996758][simulation=0.120][MATCH][BASE_DESTROYED][Red][]
[wall=1789996758][simulation=0.130][MATCH][END][GameWorld][Victory]
[wall=1789996758][simulation=0.000][MATCH][MINION_WAVE][GameWorld][count_per_team=3]
[wall=1789996758][simulation=0.000][MATCH][START][GameWorld][seed=0xE4511E]
[wall=1789996758][simulation=0.000][MATCH][MINION_WAVE][GameWorld][count_per_team=3]
[wall=1789996758][simulation=0.000][MATCH][START][GameWorld][seed=0xE4511E]
[wall=1789996758][simulation=0.010][COMBAT][PROJECTILE_SPAWN][Blue][kind=Basic]
[wall=1789996758][simulation=0.010][BOT_FSM][STATE][BotHero][Dead]
[wall=1789996758][simulation=0.120][MATCH][BASE_DESTROYED][Red][]
[wall=1789996758][simulation=0.130][MATCH][END][GameWorld][Victory]
[wall=1789996758][simulation=0.000][MATCH][MINION_WAVE][GameWorld][count_per_team=3]
[wall=1789996758][simulation=0.000][MATCH][START][GameWorld][seed=0xE4511E]
[wall=1789996758][simulation=0.000][MATCH][MINION_WAVE][GameWorld][count_per_team=3]
[wall=1789996758][simulation=0.000][MATCH][START][GameWorld][seed=0xE4511E]
[wall=1789996758][simulation=0.010][COMBAT][PROJECTILE_SPAWN][Blue][kind=Basic]
[wall=1789996758][simulation=0.010][BOT_FSM][STATE][BotHero][Dead]
[wall=1789996758][simulation=0.120][MATCH][BASE_DESTROYED][Red][]
[wall=1789996758][simulation=0.130][MATCH][END][GameWorld][Victory]
[wall=1789996758][simulation=0.000][MATCH][MINION_WAVE][GameWorld][count_per_team=3]
[wall=1789996758][simulation=0.000][MATCH][START][GameWorld][seed=0xE4511E]
[wall=1789996758][simulation=0.000][MATCH][MINION_WAVE][GameWorld][count_per_team=3]
[wall=1789996758][simulation=0.000][MATCH][START][GameWorld][seed=0xE4511E]
[wall=1789996758][simulation=0.010][COMBAT][PROJECTILE_SPAWN][Blue][kind=Basic]
[wall=1789996758][simulation=0.010][BOT_FSM][STATE][BotHero][Dead]
[wall=1789996758][simulation=0.120][MATCH][BASE_DESTROYED][Red][]
[wall=1789996758][simulation=0.130][MATCH][END][GameWorld][Victory]
[wall=1789996758][simulation=0.000][MATCH][MINION_WAVE][GameWorld][count_per_team=3]
[wall=1789996758][simulation=0.000][MATCH][START][GameWorld][seed=0xE4511E]
[wall=1789996758][simulation=0.000][MATCH][MINION_WAVE][GameWorld][count_per_team=3]
[wall=1789996758][simulation=0.000][MATCH][START][GameWorld][seed=0xE4511E]
[wall=1789996758][simulation=0.010][COMBAT][PROJECTILE_SPAWN][Blue][kind=Basic]
[wall=1789996758][simulation=0.010][BOT_FSM][STATE][BotHero][Dead]
[wall=1789996758][simulation=0.120][MATCH][BASE_DESTROYED][Red][]
[wall=1789996758][simulation=0.130][MATCH][END][GameWorld][Victory]
[wall=1789996758][simulation=0.000][MATCH][MINION_WAVE][GameWorld][count_per_team=3]
[wall=1789996758][simulation=0.000][MATCH][START][GameWorld][seed=0xE4511E]
[wall=1789996758][simulation=0.000][MATCH][MINION_WAVE][GameWorld][count_per_team=3]
[wall=1789996758][simulation=0.000][MATCH][START][GameWorld][seed=0xE4511E]
[wall=1789996758][simulation=0.010][COMBAT][PROJECTILE_SPAWN][Blue][kind=Basic]
[wall=1789996758][simulation=0.010][BOT_FSM][STATE][BotHero][Dead]
[wall=1789996758][simulation=0.120][MATCH][BASE_DESTROYED][Red][]
[wall=1789996758][simulation=0.130][MATCH][END][GameWorld][Victory]
[wall=1789996758][simulation=0.000][MATCH][MINION_WAVE][GameWorld][count_per_team=3]
[wall=1789996758][simulation=0.000][MATCH][START][GameWorld][seed=0xE4511E]
[wall=1789996758][simulation=0.000][MATCH][MINION_WAVE][GameWorld][count_per_team=3]
[wall=1789996758][simulation=0.000][MATCH][START][GameWorld][seed=0xE4511E]
[wall=1789996758][simulation=0.010][COMBAT][PROJECTILE_SPAWN][Blue][kind=Basic]
[wall=1789996758][simulation=0.010][BOT_FSM][STATE][BotHero][Dead]
[wall=1789996758][simulation=0.120][MATCH][BASE_DESTROYED][Red][]
[wall=1789996758][simulation=0.130][MATCH][END][GameWorld][Victory]
[wall=1789996758][simulation=0.000][MATCH][MINION_WAVE][GameWorld][count_per_team=3]
[wall=1789996758][simulation=0.000][MATCH][START][GameWorld][seed=0xE4511E]
[wall=1789996758][simulation=0.000][MATCH][MINION_WAVE][GameWorld][count_per_team=3]
[wall=1789996758][simulation=0.000][MATCH][START][GameWorld][seed=0xE4511E]
[wall=1789996758][simulation=0.100][BOT_FSM][STATE][BotHero][normal_decision]
[wall=1789996758][simulation=0.120][COMBAT][PROJECTILE_SPAWN][Blue][kind=Basic]
[wall=1789996758][simulation=0.120][COMBAT][PROJECTILE_SPAWN][Blue][kind=Ultimate]
[wall=1789996758][simulation=0.120][COMBAT][PROJECTILE_SPAWN][Red][kind=Basic]
[wall=1789996758][simulation=0.120][COMBAT][PROJECTILE_SPAWN][Red][kind=Ultimate]
[wall=1789996758][simulation=0.150][BOT_FSM][ADVANCE_TO_RETREAT][BotHero][hp_ratio<=30%;tower_to_base_defensive_point]
[wall=1789996758][simulation=0.180][COMBAT][HERO_DEATH][BotHero][attacker=Blue]
[wall=1789996758][simulation=0.190][BOT_FSM][STATE][BotHero][Dead]
[wall=1789996758][simulation=5.180][COMBAT][HERO_RESPAWN][BotHero][]
[wall=1789996758][simulation=5.180][BOT_FSM][RESPAWN_RESET][BotHero][fsm_state_cleared]
[wall=1789996758][simulation=5.190][MATCH][TOWER_DESTROYED][Red][]
[wall=1789996758][simulation=5.200][COMBAT][PROJECTILE_SPAWN][Blue][kind=Basic]
[wall=1789996758][simulation=5.200][BOT_FSM][STATE][BotHero][Dead]
[wall=1789996758][simulation=5.310][MATCH][BASE_DESTROYED][Red][]
[wall=1789996758][simulation=5.320][MATCH][END][GameWorld][Victory]
[wall=1789996758][simulation=0.000][MATCH][MINION_WAVE][GameWorld][count_per_team=3]
[wall=1789996758][simulation=0.000][MATCH][START][GameWorld][seed=0xE4511E]
[wall=1789996760][simulation=0.000][MATCH][MINION_WAVE][GameWorld][count_per_team=3]
[wall=1789996760][simulation=0.000][MATCH][START][GameWorld][seed=0xE4511E]
[wall=1789996760][simulation=0.000][MATCH][MINION_WAVE][GameWorld][count_per_team=3]
[wall=1789996760][simulation=0.000][MATCH][START][GameWorld][seed=0xE4511E]
[wall=1789996760][simulation=0.010][COMBAT][PROJECTILE_SPAWN][Blue][kind=Basic]
[wall=1789996760][simulation=0.010][COMBAT][PROJECTILE_SPAWN][Blue][kind=Ultimate]
[wall=1789996760][simulation=0.000][MATCH][MINION_WAVE][GameWorld][count_per_team=3]
[wall=1789996760][simulation=0.000][MATCH][START][GameWorld][seed=0xE4511E]
[wall=1789996760][simulation=0.100][BOT_FSM][STATE][BotHero][normal_decision]
[wall=1789996760][simulation=0.100][COMBAT][PROJECTILE_SPAWN][Red][kind=Basic]
[wall=1789996760][simulation=0.100][COMBAT][PROJECTILE_SPAWN][Red][kind=Ultimate]
[wall=1789996760][simulation=0.200][BOT_FSM][ADVANCE_TO_RETREAT][BotHero][hp_ratio<=30%;tower_to_base_defensive_point]
[wall=1789996760][simulation=0.300][BOT_FSM][RESPAWN_RESET][BotHero][fsm_state_cleared]
[wall=1789996760][simulation=0.400][BOT_FSM][STATE][BotHero][normal_decision]
[wall=1789996760][simulation=0.500][BOT_FSM][STATE][BotHero][Dead]
[wall=1789996760][simulation=0.510][BOT_FSM][RESPAWN_RESET][BotHero][fsm_state_cleared]
[wall=1789996760][simulation=0.000][MATCH][MINION_WAVE][GameWorld][count_per_team=3]
[wall=1789996760][simulation=0.000][MATCH][START][GameWorld][seed=0xE4511E]
[wall=1789996760][simulation=0.000][MATCH][TOWER_DESTROYED][Red][]
[wall=1789996760][simulation=0.100][BOT_FSM][STATE][BotHero][normal_decision]
[wall=1789996760][simulation=0.780][COMBAT][PROJECTILE_SPAWN][Red][kind=Ultimate]
[wall=1789996760][simulation=1.300][COMBAT][MINION_DEATH][Blue][attacker=Red]
[wall=1789996760][simulation=1.690][COMBAT][PROJECTILE_SPAWN][Red][kind=Basic]
[wall=1789996760][simulation=2.400][BOT_FSM][STATE][BotHero][normal_decision]
[wall=1789996760][simulation=2.690][COMBAT][PROJECTILE_SPAWN][Red][kind=Basic]
[wall=1789996760][simulation=3.690][COMBAT][PROJECTILE_SPAWN][Red][kind=Basic]
[wall=1789996760][simulation=4.690][COMBAT][PROJECTILE_SPAWN][Red][kind=Basic]
[wall=1789996760][simulation=5.690][COMBAT][PROJECTILE_SPAWN][Red][kind=Basic]
[wall=1789996760][simulation=6.690][COMBAT][PROJECTILE_SPAWN][Red][kind=Basic]
[wall=1789996760][simulation=7.690][COMBAT][PROJECTILE_SPAWN][Red][kind=Basic]
[wall=1789996760][simulation=8.690][COMBAT][PROJECTILE_SPAWN][Red][kind=Basic]
[wall=1789996760][simulation=9.690][COMBAT][PROJECTILE_SPAWN][Red][kind=Basic]
[wall=1789996760][simulation=10.690][COMBAT][PROJECTILE_SPAWN][Red][kind=Basic]
[wall=1789996760][simulation=10.780][COMBAT][PROJECTILE_SPAWN][Red][kind=Ultimate]
[wall=1789996760][simulation=11.690][COMBAT][PROJECTILE_SPAWN][Red][kind=Basic]
[wall=1789996760][simulation=12.000][MATCH][MINION_WAVE][GameWorld][count_per_team=3]
[wall=1789996760][simulation=0.000][MATCH][MINION_WAVE][GameWorld][count_per_team=3]
[wall=1789996760][simulation=0.000][MATCH][START][GameWorld][seed=0xE4511E]
[wall=1789996760][simulation=0.000][MATCH][MINION_WAVE][GameWorld][count_per_team=3]
[wall=1789996760][simulation=0.000][MATCH][START][GameWorld][seed=0xE4511E]
[wall=1789996760][simulation=0.000][COMBAT][MINION_DEATH][Red][attacker=Blue]
[wall=1789996760][simulation=0.000][COMBAT][MINION_DEATH][Red][attacker=Blue]
[wall=1789996760][simulation=0.000][COMBAT][MINION_DEATH][Red][attacker=Blue]
[wall=1789996760][simulation=0.000][COMBAT][MINION_DEATH][Red][attacker=Blue]
[wall=1789996760][simulation=0.000][COMBAT][MINION_DEATH][Red][attacker=Blue]
[wall=1789996760][simulation=0.000][COMBAT][MINION_DEATH][Red][attacker=Blue]
[wall=1789996760][simulation=0.000][COMBAT][MINION_DEATH][Red][attacker=Blue]
[wall=1789996760][simulation=0.000][COMBAT][MINION_DEATH][Red][attacker=Blue]
[wall=1789996760][simulation=0.000][COMBAT][MINION_DEATH][Red][attacker=Blue]
[wall=1789996760][simulation=0.000][COMBAT][MINION_DEATH][Red][attacker=Blue]
[wall=1789996760][simulation=0.000][COMBAT][MINION_DEATH][Red][attacker=Blue]
[wall=1789996760][simulation=0.000][COMBAT][MINION_DEATH][Red][attacker=Blue]
[wall=1789996760][simulation=0.000][COMBAT][MINION_DEATH][Red][attacker=Blue]
[wall=1789996760][simulation=0.000][COMBAT][MINION_DEATH][Red][attacker=Blue]
[wall=1789996760][simulation=0.000][COMBAT][MINION_DEATH][Red][attacker=Blue]
[wall=1789996760][simulation=0.000][COMBAT][MINION_DEATH][Red][attacker=Blue]
[wall=1789996760][simulation=0.000][COMBAT][MINION_DEATH][Red][attacker=Blue]
[wall=1789996760][simulation=0.000][COMBAT][MINION_DEATH][Red][attacker=Blue]
[wall=1789996760][simulation=0.000][COMBAT][MINION_DEATH][Red][attacker=Blue]
[wall=1789996760][simulation=0.000][COMBAT][MINION_DEATH][Red][attacker=Blue]
[wall=1789996760][simulation=0.000][COMBAT][MINION_DEATH][Red][attacker=Blue]
[wall=1789996760][simulation=0.000][COMBAT][MINION_DEATH][Red][attacker=Blue]
[wall=1789996760][simulation=0.000][COMBAT][MINION_DEATH][Red][attacker=Blue]
[wall=1789996760][simulation=0.000][COMBAT][MINION_DEATH][Red][attacker=Blue]
[wall=1789996760][simulation=0.000][COMBAT][MINION_DEATH][Red][attacker=Blue]
[wall=1789996760][simulation=0.000][COMBAT][MINION_DEATH][Red][attacker=Blue]
[wall=1789996760][simulation=0.000][COMBAT][MINION_DEATH][Red][attacker=Blue]
[wall=1789996760][simulation=0.000][COMBAT][MINION_DEATH][Red][attacker=Blue]
[wall=1789996760][simulation=0.000][COMBAT][MINION_DEATH][Red][attacker=Blue]
[wall=1789996760][simulation=0.000][COMBAT][MINION_DEATH][Red][attacker=Blue]
[wall=1789996760][simulation=0.000][COMBAT][MINION_DEATH][Red][attacker=Blue]
[wall=1789996760][simulation=0.000][COMBAT][MINION_DEATH][Red][attacker=Blue]
[wall=1789996760][simulation=0.000][COMBAT][MINION_DEATH][Red][attacker=Blue]
[wall=1789996760][simulation=0.000][COMBAT][MINION_DEATH][Red][attacker=Blue]
[wall=1789996760][simulation=0.000][COMBAT][MINION_DEATH][Red][attacker=Blue]
[wall=1789996760][simulation=0.000][COMBAT][MINION_DEATH][Red][attacker=Blue]
[wall=1789996760][simulation=0.000][COMBAT][MINION_DEATH][Red][attacker=Blue]
[wall=1789996760][simulation=0.000][COMBAT][MINION_DEATH][Red][attacker=Blue]
[wall=1789996760][simulation=0.000][COMBAT][MINION_DEATH][Red][attacker=Blue]
[wall=1789996760][simulation=0.000][COMBAT][MINION_DEATH][Red][attacker=Blue]
[wall=1789996760][simulation=0.000][COMBAT][MINION_DEATH][Red][attacker=Blue]
[wall=1789996760][simulation=0.000][COMBAT][MINION_DEATH][Red][attacker=Blue]
[wall=1789996760][simulation=0.000][COMBAT][MINION_DEATH][Red][attacker=Blue]
[wall=1789996760][simulation=0.000][COMBAT][MINION_DEATH][Red][attacker=Blue]
[wall=1789996760][simulation=0.000][COMBAT][MINION_DEATH][Red][attacker=Blue]
[wall=1789996760][simulation=0.000][COMBAT][MINION_DEATH][Red][attacker=Blue]
[wall=1789996760][simulation=0.000][COMBAT][MINION_DEATH][Red][attacker=Blue]
[wall=1789996760][simulation=0.000][COMBAT][MINION_DEATH][Red][attacker=Blue]
[wall=1789996760][simulation=0.000][COMBAT][MINION_DEATH][Red][attacker=Blue]
[wall=1789996760][simulation=0.000][COMBAT][MINION_DEATH][Red][attacker=Blue]
[wall=1789996760][simulation=0.000][MATCH][MINION_WAVE][GameWorld][count_per_team=3]
[wall=1789996760][simulation=0.000][MATCH][START][GameWorld][seed=0xE4511E]
[wall=1789996760][simulation=0.010][COMBAT][PROJECTILE_SPAWN][Blue][kind=Basic]
[wall=1789996760][simulation=0.010][MATCH][PAUSE][GameWorld][]
[wall=1789996760][simulation=0.010][MATCH][RESUME][GameWorld][]
[wall=1789996760][simulation=0.010][MATCH][BASE_DESTROYED][Red][]
[wall=1789996760][simulation=0.020][MATCH][END][GameWorld][Victory]
[wall=1789996760][simulation=0.000][MATCH][MINION_WAVE][GameWorld][count_per_team=3]
[wall=1789996760][simulation=0.000][MATCH][START][GameWorld][seed=0xE4511E]
[wall=1789996760][simulation=0.010][COMBAT][PROJECTILE_SPAWN][Blue][kind=Basic]
[wall=1789996760][simulation=0.000][MATCH][MINION_WAVE][GameWorld][count_per_team=3]
[wall=1789996760][simulation=0.000][MATCH][START][GameWorld][seed=0xE4511E]
[wall=1789996760][simulation=0.010][COMBAT][PROJECTILE_SPAWN][Blue][kind=Basic]
[wall=1789996760][simulation=0.010][COMBAT][PROJECTILE_SPAWN][Blue][kind=Ultimate]
[wall=1789996760][simulation=0.010][COMBAT][PROJECTILE_SPAWN][Red][kind=Ultimate]
[wall=1789996760][simulation=0.020][COMBAT][PROJECTILE_SPAWN][Blue][kind=Basic]
[wall=1789996760][simulation=0.000][MATCH][MINION_WAVE][GameWorld][count_per_team=3]
[wall=1789996760][simulation=0.000][MATCH][START][GameWorld][seed=0xE4511E]
[wall=1789996760][simulation=0.000][COMBAT][HERO_DEATH][PlayerHero][attacker=Red]
[wall=1789996760][simulation=0.010][BOT_FSM][STATE][BotHero][Dead]
[wall=1789996760][simulation=5.000][COMBAT][HERO_RESPAWN][PlayerHero][]
[wall=1789996760][simulation=5.000][COMBAT][HERO_RESPAWN][BotHero][]
[wall=1789996760][simulation=5.000][BOT_FSM][RESPAWN_RESET][BotHero][fsm_state_cleared]
[wall=1789996760][simulation=0.000][MATCH][MINION_WAVE][GameWorld][count_per_team=3]
[wall=1789996760][simulation=0.000][MATCH][START][GameWorld][seed=0xE4511E]
[wall=1789996760][simulation=0.000][MATCH][BASE_DESTROYED][Blue][]
[wall=1789996760][simulation=0.010][MATCH][BASE_DESTROYED][Red][]
[wall=1789996760][simulation=0.010][MATCH][END][GameWorld][Draw]
[wall=1789996760][simulation=0.000][MATCH][MINION_WAVE][GameWorld][count_per_team=3]
[wall=1789996760][simulation=0.000][MATCH][START][GameWorld][seed=0xE4511E]
[wall=1789996760][simulation=0.000][MATCH][BASE_DESTROYED][Blue][]
[wall=1789996760][simulation=0.011][MATCH][BASE_DESTROYED][Red][]
[wall=1789996760][simulation=0.011][MATCH][END][GameWorld][Defeat]
[wall=1789996760][simulation=0.000][MATCH][MINION_WAVE][GameWorld][count_per_team=3]
[wall=1789996760][simulation=0.000][MATCH][START][GameWorld][seed=0xE4511E]
[wall=1789996760][simulation=0.000][MATCH][MINION_WAVE][GameWorld][count_per_team=3]
[wall=1789996760][simulation=0.000][MATCH][START][GameWorld][seed=0xE4511E]
[wall=1789996760][simulation=0.020][BOT_FSM][ADVANCE_TO_RETREAT][BotHero][hp_ratio<=30%;tower_to_base_defensive_point]
[wall=1789996760][simulation=0.040][BOT_FSM][RETREAT_TO_RECOVER][BotHero][defensive_point_reached]
[wall=1789996760][simulation=0.640][BOT_FSM][RECOVER_TARGET_LOST][BotHero][return_to_defensive_point]
[wall=1789996760][simulation=0.650][BOT_FSM][RETREAT_TO_RECOVER][BotHero][defensive_point_reached]
[wall=1789996760][simulation=0.660][BOT_FSM][RECOVER_TO_ADVANCE][BotHero][hp_ratio>=55%]
[wall=1789996760][simulation=0.670][BOT_FSM][STATE][BotHero][Dead]
[wall=1789996760][simulation=0.670][MATCH][BASE_DESTROYED][Red][]
[wall=1789996760][simulation=0.680][MATCH][END][GameWorld][Victory]
[wall=1789996760][simulation=0.000][MATCH][MINION_WAVE][GameWorld][count_per_team=3]
[wall=1789996760][simulation=0.000][MATCH][START][GameWorld][seed=0xE4511E]
[wall=1789996760][simulation=0.000][MATCH][MINION_WAVE][GameWorld][count_per_team=3]
[wall=1789996760][simulation=0.000][MATCH][START][GameWorld][seed=0xE4511E]
[wall=1789996760][simulation=0.010][BOT_FSM][ADVANCE_TO_RETREAT][BotHero][hp_ratio<=30%;tower_to_base_defensive_point]
[wall=1789996760][simulation=0.200][BOT_FSM][RETREAT_TO_RECOVER][BotHero][defensive_point_reached]
[wall=1789996760][simulation=6.450][BOT_FSM][RECOVER_TO_ADVANCE][BotHero][hp_ratio>=55%]
[wall=1789996760][simulation=6.460][BOT_FSM][ADVANCE_TO_RETREAT][BotHero][hp_ratio<=30%;tower_to_base_defensive_point]
[wall=1789996760][simulation=6.470][BOT_FSM][RETREAT_TO_RECOVER][BotHero][defensive_point_reached]
[wall=1789996760][simulation=12.000][MATCH][MINION_WAVE][GameWorld][count_per_team=3]
[wall=1789996760][simulation=12.720][BOT_FSM][RECOVER_TO_ADVANCE][BotHero][hp_ratio>=55%]
[wall=1789996760][simulation=12.730][BOT_FSM][ADVANCE_TO_RETREAT][BotHero][hp_ratio<=30%;tower_to_base_defensive_point]
[wall=1789996760][simulation=12.740][BOT_FSM][RETREAT_TO_RECOVER][BotHero][defensive_point_reached]
[wall=1789996760][simulation=18.990][BOT_FSM][RECOVER_TO_ADVANCE][BotHero][hp_ratio>=55%]
[wall=1789996760][simulation=0.000][MATCH][MINION_WAVE][GameWorld][count_per_team=3]
[wall=1789996760][simulation=0.000][MATCH][START][GameWorld][seed=0xE4511E]
[wall=1789996760][simulation=0.010][COMBAT][PROJECTILE_SPAWN][Blue][kind=Basic]
[wall=1789996760][simulation=0.010][BOT_FSM][STATE][BotHero][Dead]
[wall=1789996760][simulation=0.120][MATCH][BASE_DESTROYED][Red][]
[wall=1789996760][simulation=0.130][MATCH][END][GameWorld][Victory]
[wall=1789996760][simulation=0.000][MATCH][MINION_WAVE][GameWorld][count_per_team=3]
[wall=1789996760][simulation=0.000][MATCH][START][GameWorld][seed=0xE4511E]
[wall=1789996760][simulation=0.000][MATCH][MINION_WAVE][GameWorld][count_per_team=3]
[wall=1789996760][simulation=0.000][MATCH][START][GameWorld][seed=0xE4511E]
[wall=1789996760][simulation=0.010][COMBAT][PROJECTILE_SPAWN][Blue][kind=Basic]
[wall=1789996760][simulation=0.010][BOT_FSM][STATE][BotHero][Dead]
[wall=1789996760][simulation=0.120][MATCH][BASE_DESTROYED][Red][]
[wall=1789996760][simulation=0.130][MATCH][END][GameWorld][Victory]
[wall=1789996760][simulation=0.000][MATCH][MINION_WAVE][GameWorld][count_per_team=3]
[wall=1789996760][simulation=0.000][MATCH][START][GameWorld][seed=0xE4511E]
[wall=1789996760][simulation=0.000][MATCH][MINION_WAVE][GameWorld][count_per_team=3]
[wall=1789996760][simulation=0.000][MATCH][START][GameWorld][seed=0xE4511E]
[wall=1789996760][simulation=0.010][COMBAT][PROJECTILE_SPAWN][Blue][kind=Basic]
[wall=1789996760][simulation=0.010][BOT_FSM][STATE][BotHero][Dead]
[wall=1789996760][simulation=0.120][MATCH][BASE_DESTROYED][Red][]
[wall=1789996760][simulation=0.130][MATCH][END][GameWorld][Victory]
[wall=1789996760][simulation=0.000][MATCH][MINION_WAVE][GameWorld][count_per_team=3]
[wall=1789996760][simulation=0.000][MATCH][START][GameWorld][seed=0xE4511E]
[wall=1789996760][simulation=0.000][MATCH][MINION_WAVE][GameWorld][count_per_team=3]
[wall=1789996760][simulation=0.000][MATCH][START][GameWorld][seed=0xE4511E]
[wall=1789996760][simulation=0.010][COMBAT][PROJECTILE_SPAWN][Blue][kind=Basic]
[wall=1789996760][simulation=0.010][BOT_FSM][STATE][BotHero][Dead]
[wall=1789996760][simulation=0.120][MATCH][BASE_DESTROYED][Red][]
[wall=1789996760][simulation=0.130][MATCH][END][GameWorld][Victory]
[wall=1789996760][simulation=0.000][MATCH][MINION_WAVE][GameWorld][count_per_team=3]
[wall=1789996760][simulation=0.000][MATCH][START][GameWorld][seed=0xE4511E]
[wall=1789996760][simulation=0.000][MATCH][MINION_WAVE][GameWorld][count_per_team=3]
[wall=1789996760][simulation=0.000][MATCH][START][GameWorld][seed=0xE4511E]
[wall=1789996760][simulation=0.010][COMBAT][PROJECTILE_SPAWN][Blue][kind=Basic]
[wall=1789996760][simulation=0.010][BOT_FSM][STATE][BotHero][Dead]
[wall=1789996760][simulation=0.120][MATCH][BASE_DESTROYED][Red][]
[wall=1789996760][simulation=0.130][MATCH][END][GameWorld][Victory]
[wall=1789996760][simulation=0.000][MATCH][MINION_WAVE][GameWorld][count_per_team=3]
[wall=1789996760][simulation=0.000][MATCH][START][GameWorld][seed=0xE4511E]
[wall=1789996760][simulation=0.000][MATCH][MINION_WAVE][GameWorld][count_per_team=3]
[wall=1789996760][simulation=0.000][MATCH][START][GameWorld][seed=0xE4511E]
[wall=1789996760][simulation=0.010][COMBAT][PROJECTILE_SPAWN][Blue][kind=Basic]
[wall=1789996760][simulation=0.010][BOT_FSM][STATE][BotHero][Dead]
[wall=1789996760][simulation=0.120][MATCH][BASE_DESTROYED][Red][]
[wall=1789996760][simulation=0.130][MATCH][END][GameWorld][Victory]
[wall=1789996760][simulation=0.000][MATCH][MINION_WAVE][GameWorld][count_per_team=3]
[wall=1789996760][simulation=0.000][MATCH][START][GameWorld][seed=0xE4511E]
[wall=1789996760][simulation=0.000][MATCH][MINION_WAVE][GameWorld][count_per_team=3]
[wall=1789996760][simulation=0.000][MATCH][START][GameWorld][seed=0xE4511E]
[wall=1789996760][simulation=0.010][COMBAT][PROJECTILE_SPAWN][Blue][kind=Basic]
[wall=1789996760][simulation=0.010][BOT_FSM][STATE][BotHero][Dead]
[wall=1789996760][simulation=0.120][MATCH][BASE_DESTROYED][Red][]
[wall=1789996760][simulation=0.130][MATCH][END][GameWorld][Victory]
[wall=1789996760][simulation=0.000][MATCH][MINION_WAVE][GameWorld][count_per_team=3]
[wall=1789996760][simulation=0.000][MATCH][START][GameWorld][seed=0xE4511E]
[wall=1789996760][simulation=0.000][MATCH][MINION_WAVE][GameWorld][count_per_team=3]
[wall=1789996760][simulation=0.000][MATCH][START][GameWorld][seed=0xE4511E]
[wall=1789996760][simulation=0.010][COMBAT][PROJECTILE_SPAWN][Blue][kind=Basic]
[wall=1789996760][simulation=0.010][BOT_FSM][STATE][BotHero][Dead]
[wall=1789996760][simulation=0.120][MATCH][BASE_DESTROYED][Red][]
[wall=1789996760][simulation=0.130][MATCH][END][GameWorld][Victory]
[wall=1789996760][simulation=0.000][MATCH][MINION_WAVE][GameWorld][count_per_team=3]
[wall=1789996760][simulation=0.000][MATCH][START][GameWorld][seed=0xE4511E]
[wall=1789996760][simulation=0.000][MATCH][MINION_WAVE][GameWorld][count_per_team=3]
[wall=1789996760][simulation=0.000][MATCH][START][GameWorld][seed=0xE4511E]
[wall=1789996760][simulation=0.010][COMBAT][PROJECTILE_SPAWN][Blue][kind=Basic]
[wall=1789996760][simulation=0.010][BOT_FSM][STATE][BotHero][Dead]
[wall=1789996760][simulation=0.120][MATCH][BASE_DESTROYED][Red][]
[wall=1789996760][simulation=0.130][MATCH][END][GameWorld][Victory]
[wall=1789996760][simulation=0.000][MATCH][MINION_WAVE][GameWorld][count_per_team=3]
[wall=1789996760][simulation=0.000][MATCH][START][GameWorld][seed=0xE4511E]
[wall=1789996760][simulation=0.000][MATCH][MINION_WAVE][GameWorld][count_per_team=3]
[wall=1789996760][simulation=0.000][MATCH][START][GameWorld][seed=0xE4511E]
[wall=1789996760][simulation=0.010][COMBAT][PROJECTILE_SPAWN][Blue][kind=Basic]
[wall=1789996760][simulation=0.010][BOT_FSM][STATE][BotHero][Dead]
[wall=1789996760][simulation=0.120][MATCH][BASE_DESTROYED][Red][]
[wall=1789996760][simulation=0.130][MATCH][END][GameWorld][Victory]
[wall=1789996760][simulation=0.000][MATCH][MINION_WAVE][GameWorld][count_per_team=3]
[wall=1789996760][simulation=0.000][MATCH][START][GameWorld][seed=0xE4511E]
[wall=1789996760][simulation=0.000][MATCH][MINION_WAVE][GameWorld][count_per_team=3]
[wall=1789996760][simulation=0.000][MATCH][START][GameWorld][seed=0xE4511E]
[wall=1789996760][simulation=0.100][BOT_FSM][STATE][BotHero][normal_decision]
[wall=1789996760][simulation=0.120][COMBAT][PROJECTILE_SPAWN][Blue][kind=Basic]
[wall=1789996760][simulation=0.120][COMBAT][PROJECTILE_SPAWN][Blue][kind=Ultimate]
[wall=1789996760][simulation=0.120][COMBAT][PROJECTILE_SPAWN][Red][kind=Basic]
[wall=1789996760][simulation=0.120][COMBAT][PROJECTILE_SPAWN][Red][kind=Ultimate]
[wall=1789996760][simulation=0.150][BOT_FSM][ADVANCE_TO_RETREAT][BotHero][hp_ratio<=30%;tower_to_base_defensive_point]
[wall=1789996760][simulation=0.180][COMBAT][HERO_DEATH][BotHero][attacker=Blue]
[wall=1789996760][simulation=0.190][BOT_FSM][STATE][BotHero][Dead]
[wall=1789996760][simulation=5.180][COMBAT][HERO_RESPAWN][BotHero][]
[wall=1789996760][simulation=5.180][BOT_FSM][RESPAWN_RESET][BotHero][fsm_state_cleared]
[wall=1789996760][simulation=5.190][MATCH][TOWER_DESTROYED][Red][]
[wall=1789996760][simulation=5.200][COMBAT][PROJECTILE_SPAWN][Blue][kind=Basic]
[wall=1789996760][simulation=5.200][BOT_FSM][STATE][BotHero][Dead]
[wall=1789996760][simulation=5.310][MATCH][BASE_DESTROYED][Red][]
[wall=1789996760][simulation=5.320][MATCH][END][GameWorld][Victory]
[wall=1789996760][simulation=0.000][MATCH][MINION_WAVE][GameWorld][count_per_team=3]
[wall=1789996760][simulation=0.000][MATCH][START][GameWorld][seed=0xE4511E]
